duration,protocol_type,service,flag,src_bytes,dst_bytes,failed_logins,traffic_count,logged_in,label,attack_type
0,tcp,smtp,SF,746,693,0,22,1,Normal,Normal
1,tcp,http,S0,0,0,0,381,0,Intrusion/Attack,SYN Flood
22,udp,dns,SF,693,468,0,67,0,Normal,Normal
12,tcp,ssh,SF,90,4408,0,18,1,Normal,Normal
6,tcp,ftp,SF,248,326,4,27,0,Intrusion/Attack,Brute Force
13,udp,dns,SF,455,2491,1,1,0,Normal,Normal
11,tcp,smtp,SF,211,152,0,37,1,Normal,Normal
30,tcp,http,SF,160,8937,0,4,1,Normal,Normal
1,tcp,ssh,SF,153,654,0,2,1,Normal,Normal
0,tcp,other,SF,955,3950,0,5,0,Normal,Normal
24,tcp,ftp,RSTO,196,390,2,23,0,Intrusion/Attack,Brute Force
61,udp,dns,SF,1267,2591,0,2,0,Normal,Normal
4,tcp,smtp,SF,1752,4710,0,11,1,Normal,Normal
9,tcp,http,SF,51,1177,0,38,1,Normal,Normal
0,tcp,ftp,SF,1337,2573,0,4,1,Normal,Normal
49,udp,dns,SF,1087,4356,0,50,0,Normal,Normal
1,tcp,http,SF,253,444,0,7,1,Normal,Normal
32,tcp,ssh,SF,668,401,4,36,0,Intrusion/Attack,Brute Force
20,tcp,http,SF,246,2484,0,20,1,Normal,Normal
11,tcp,http,SF,1792,96,0,10,0,Normal,Normal
55,tcp,http,SF,1201,1667,1,2,1,Normal,Normal
1,tcp,dns,S0,20,0,0,276,0,Intrusion/Attack,Port Scan
11,tcp,smtp,SF,524,502,0,47,0,Normal,Normal
24,udp,dns,SF,816,3756,0,16,0,Normal,Normal
31,tcp,ssh,SF,207,83,2,25,0,Intrusion/Attack,Brute Force
0,tcp,http,S0,32,48,0,323,0,Intrusion/Attack,SYN Flood
8,udp,dns,SF,336,2993,0,18,0,Normal,Normal
1,tcp,dns,S0,0,0,0,119,0,Intrusion/Attack,Port Scan
12,udp,dns,SF,388,4911,0,7,0,Normal,Normal
16,tcp,http,SF,325,355,0,36,1,Normal,Normal
2,tcp,http,REJ,60,0,0,216,0,Intrusion/Attack,Port Scan
15,tcp,ssh,REJ,593,123,2,15,0,Intrusion/Attack,Brute Force
1,tcp,http,S0,128,0,0,307,0,Intrusion/Attack,SYN Flood
15,udp,other,SF,1183,1787,0,12,0,Normal,Normal
2,tcp,http,SF,605,818,0,26,1,Normal,Normal
7,tcp,smtp,SF,278,6366,0,54,1,Normal,Normal
6,udp,dns,SF,745,2141,0,7,0,Normal,Normal
1,tcp,ftp,SF,568,4130,0,1,1,Normal,Normal
0,tcp,dns,REJ,0,0,0,190,0,Intrusion/Attack,Port Scan
4,udp,dns,SF,162,1146,0,21,0,Normal,Normal
22,udp,dns,SF,777,5713,0,25,0,Normal,Normal
4,tcp,http,SF,439,8904,0,15,1,Normal,Normal
6,tcp,http,SF,386,3072,0,15,1,Normal,Normal
4,tcp,http,SF,507,2952,0,3,1,Normal,Normal
14,tcp,ftp,RSTO,311,242,4,30,0,Intrusion/Attack,Brute Force
0,tcp,http,S0,128,0,0,206,0,Intrusion/Attack,SYN Flood
2,tcp,dns,REJ,60,0,0,156,0,Intrusion/Attack,Port Scan
17,tcp,http,SF,310,1273,0,15,1,Normal,Normal
27,udp,dns,SF,471,1135,0,1,0,Normal,Normal
5,tcp,http,SF,123,5449,0,12,1,Normal,Normal
10,udp,dns,SF,236,8735,0,9,0,Normal,Normal
41,tcp,smtp,SF,116,638,0,1,0,Normal,Normal
4,tcp,http,SF,42,338,0,17,1,Normal,Normal
12,udp,dns,SF,179,702,0,3,0,Normal,Normal
19,tcp,http,SF,674,8517,0,6,1,Normal,Normal
0,tcp,ssh,S0,128,0,0,340,0,Intrusion/Attack,SYN Flood
22,udp,dns,SF,730,948,0,10,0,Normal,Normal
0,tcp,http,S0,40,0,0,310,0,Intrusion/Attack,SYN Flood
29,tcp,http,SF,168,596,0,41,1,Normal,Normal
33,tcp,ssh,SF,460,147,2,30,0,Intrusion/Attack,Brute Force
0,tcp,http,RSTO,32,0,0,310,0,Intrusion/Attack,SYN Flood
5,tcp,http,SF,63,2950,0,6,1,Normal,Normal
2,tcp,dns,RSTR,0,0,0,137,0,Intrusion/Attack,Port Scan
0,tcp,http,RSTO,64,48,0,242,0,Intrusion/Attack,SYN Flood
18,tcp,ssh,SF,75,3738,0,7,0,Normal,Normal
11,tcp,http,SF,1102,4575,0,15,0,Normal,Normal
3,udp,dns,SF,433,6100,0,21,0,Normal,Normal
5,tcp,http,SF,502,8729,0,4,0,Normal,Normal
15,icmp,other,SF,380,1621,0,2,0,Normal,Normal
24,tcp,http,SF,323,3334,0,24,1,Normal,Normal
7,tcp,http,SF,114,4124,0,2,1,Normal,Normal
0,tcp,http,S0,0,0,0,260,0,Intrusion/Attack,SYN Flood
32,tcp,http,SF,87,161,0,12,0,Normal,Normal
33,tcp,http,SF,762,377,0,36,1,Normal,Normal
1,tcp,http,S0,128,0,0,165,0,Intrusion/Attack,SYN Flood
72,udp,dns,SF,70,130,0,42,0,Normal,Normal
51,udp,dns,SF,351,9941,0,17,0,Normal,Normal
27,udp,dns,SF,366,1143,0,5,0,Normal,Normal
12,tcp,http,SF,364,42,0,6,0,Normal,Normal
40,tcp,smtp,SF,187,308,0,56,1,Normal,Normal
1,tcp,http,S0,0,48,0,434,0,Intrusion/Attack,SYN Flood
0,tcp,http,S0,0,48,0,395,0,Intrusion/Attack,SYN Flood
0,tcp,http,S0,40,0,0,216,0,Intrusion/Attack,SYN Flood
40,icmp,other,SF,668,1312,0,25,0,Normal,Normal
5,tcp,smtp,SF,1271,338,0,22,1,Normal,Normal
9,tcp,ssh,RSTO,443,216,4,39,0,Intrusion/Attack,Brute Force
2,tcp,ssh,SF,1273,1663,0,5,1,Normal,Normal
35,tcp,http,SF,141,8560,0,35,1,Normal,Normal
15,tcp,ssh,SF,77,2910,0,28,1,Normal,Normal
3,udp,dns,SF,2320,3968,0,5,0,Normal,Normal
2,icmp,other,SF,1589,1342,0,5,0,Normal,Normal
14,tcp,http,SF,744,1690,0,4,0,Normal,Normal
0,tcp,ssh,REJ,60,0,0,156,0,Intrusion/Attack,Port Scan
9,udp,dns,SF,166,2455,1,15,0,Normal,Normal
7,tcp,http,SF,1911,1251,0,11,1,Normal,Normal
1,tcp,http,S0,64,0,0,277,0,Intrusion/Attack,SYN Flood
27,tcp,http,SF,621,2410,0,42,1,Normal,Normal
12,udp,dns,SF,773,6194,0,8,0,Normal,Normal
17,icmp,other,SF,56,4769,0,2,0,Normal,Normal
32,tcp,http,SF,983,2465,0,3,1,Normal,Normal
2,tcp,http,SF,30,1259,0,20,1,Normal,Normal
38,udp,dns,SF,306,1693,0,5,0,Normal,Normal
3,tcp,ftp,SF,773,275,4,26,0,Intrusion/Attack,Brute Force
8,icmp,other,SF,30,876,0,3,0,Normal,Normal
17,udp,dns,SF,30,1339,0,39,0,Normal,Normal
0,tcp,http,S0,32,0,0,228,0,Intrusion/Attack,SYN Flood
34,tcp,smtp,SF,409,1194,0,39,1,Normal,Normal
0,tcp,http,SF,157,2890,0,6,1,Normal,Normal
3,tcp,http,SF,104,2545,0,23,1,Normal,Normal
60,udp,dns,SF,752,8900,0,3,0,Normal,Normal
51,tcp,http,REJ,60,1558,0,16,1,Normal,Normal
1,icmp,ftp,S0,120,20,0,128,0,Intrusion/Attack,Port Scan
31,tcp,smtp,SF,530,965,0,6,0,Normal,Normal
54,tcp,ssh,SF,80,1600,0,2,1,Normal,Normal
10,tcp,ftp,SF,614,43,0,44,1,Normal,Normal
60,tcp,http,SF,110,1867,0,7,1,Normal,Normal
2,tcp,smtp,SF,633,604,0,13,1,Normal,Normal
0,tcp,ssh,SF,69,3129,0,8,1,Normal,Normal
15,tcp,http,SF,102,491,0,5,1,Normal,Normal
0,tcp,http,SF,739,1905,0,28,1,Normal,Normal
18,tcp,ssh,SF,123,1551,0,11,1,Normal,Normal
23,udp,other,SF,700,4660,0,10,0,Normal,Normal
0,tcp,ssh,S0,32,48,0,286,0,Intrusion/Attack,SYN Flood
9,udp,dns,SF,154,5798,0,6,0,Normal,Normal
8,tcp,smtp,SF,244,8765,0,17,1,Normal,Normal
0,tcp,telnet,REJ,120,20,0,155,0,Intrusion/Attack,Port Scan
6,tcp,http,SF,991,2477,0,18,1,Normal,Normal
8,tcp,http,SF,50,269,0,5,1,Normal,Normal
2,tcp,ssh,SF,769,215,4,28,0,Intrusion/Attack,Brute Force
15,tcp,smtp,SF,1995,4392,0,17,1,Normal,Normal
1,tcp,http,S0,32,0,0,321,0,Intrusion/Attack,SYN Flood
5,tcp,ssh,REJ,380,385,4,29,0,Intrusion/Attack,Brute Force
27,tcp,ssh,SF,34,449,0,2,0,Normal,Normal
0,tcp,other,S0,32,48,0,264,0,Intrusion/Attack,SYN Flood
4,tcp,http,SF,1315,2480,0,21,1,Normal,Normal
6,tcp,http,SF,318,4065,0,3,1,Normal,Normal
53,tcp,ssh,SF,1139,274,0,21,1,Normal,Normal
3,tcp,http,SF,52,2858,0,28,1,Normal,Normal
12,tcp,http,REJ,66,2290,1,3,1,Normal,Normal
23,tcp,http,SF,1060,556,0,3,1,Normal,Normal
13,tcp,http,SF,1099,898,0,10,1,Normal,Normal
14,tcp,http,SF,2275,3121,0,23,1,Normal,Normal
8,tcp,http,SF,126,7993,0,68,1,Normal,Normal
1,tcp,http,REJ,20,20,0,150,0,Intrusion/Attack,Port Scan
3,tcp,ftp,SF,100,63,0,24,1,Normal,Normal
77,tcp,smtp,SF,172,132,0,1,0,Normal,Normal
21,tcp,smtp,SF,134,3047,0,23,1,Normal,Normal
20,icmp,other,SF,648,912,0,9,0,Normal,Normal
5,tcp,http,SF,2159,2462,0,9,1,Normal,Normal
0,tcp,http,S0,32,0,0,431,0,Intrusion/Attack,SYN Flood
13,tcp,http,REJ,973,3721,0,38,0,Normal,Normal
1,tcp,telnet,S0,44,0,0,204,0,Intrusion/Attack,Port Scan
3,tcp,other,REJ,1083,527,0,19,0,Normal,Normal
6,tcp,http,REJ,130,672,0,16,1,Normal,Normal
0,tcp,smtp,S0,0,0,0,269,0,Intrusion/Attack,SYN Flood
8,tcp,http,SF,270,1513,0,17,1,Normal,Normal
3,tcp,http,SF,188,457,0,31,1,Normal,Normal
0,tcp,http,S0,128,0,0,387,0,Intrusion/Attack,SYN Flood
7,tcp,other,SF,2267,4814,0,5,0,Normal,Normal
29,udp,dns,SF,322,5269,0,6,0,Normal,Normal
7,tcp,ssh,SF,1425,582,0,3,1,Normal,Normal
54,tcp,ssh,SF,30,7079,0,1,0,Normal,Normal
9,tcp,http,SF,310,4776,0,11,1,Normal,Normal
33,tcp,smtp,SF,55,1506,0,2,1,Normal,Normal
2,tcp,smtp,REJ,20,20,0,105,0,Intrusion/Attack,Port Scan
2,tcp,ssh,SF,464,196,5,31,0,Intrusion/Attack,Brute Force
5,udp,dns,SF,361,493,0,21,0,Normal,Normal
23,udp,dns,SF,86,3794,0,34,0,Normal,Normal
5,tcp,http,SF,1213,1629,0,8,1,Normal,Normal
31,udp,dns,SF,259,4237,0,5,0,Normal,Normal
10,udp,dns,SF,526,3048,0,90,0,Normal,Normal
3,tcp,http,SF,569,1114,0,13,1,Normal,Normal
70,tcp,ssh,SF,918,1401,0,8,1,Normal,Normal
1,tcp,smtp,S0,128,0,0,309,0,Intrusion/Attack,SYN Flood
0,tcp,telnet,REJ,20,0,0,273,0,Intrusion/Attack,Port Scan
39,tcp,ssh,SF,201,444,2,28,0,Intrusion/Attack,Brute Force
0,tcp,http,S0,0,0,0,325,0,Intrusion/Attack,SYN Flood
2,udp,ssh,REJ,60,0,0,179,0,Intrusion/Attack,Port Scan
3,udp,dns,SF,1772,3822,0,95,0,Normal,Normal
1,tcp,ftp,SH,0,0,0,45,0,Intrusion/Attack,Port Scan
8,tcp,http,SF,263,913,0,1,1,Normal,Normal
33,tcp,ssh,SF,196,187,4,36,0,Intrusion/Attack,Brute Force
26,tcp,ssh,SF,224,383,6,21,0,Intrusion/Attack,Brute Force
5,tcp,http,SF,482,553,0,95,1,Normal,Normal
10,tcp,ssh,SF,142,432,4,20,0,Intrusion/Attack,Brute Force
53,tcp,http,SF,287,7637,0,42,1,Normal,Normal
19,tcp,http,SF,214,2574,0,13,1,Normal,Normal
5,udp,dns,SF,551,3067,0,25,0,Normal,Normal
0,tcp,http,SF,1919,39,0,3,1,Normal,Normal
8,tcp,ftp,SF,1145,1539,0,21,0,Normal,Normal
13,udp,dns,SF,210,4759,0,19,0,Normal,Normal
0,tcp,http,S0,0,0,0,283,0,Intrusion/Attack,SYN Flood
29,tcp,http,SF,30,8145,0,75,1,Normal,Normal
35,tcp,ftp,RSTO,598,241,5,36,0,Intrusion/Attack,Brute Force
22,icmp,other,SF,215,1991,0,11,0,Normal,Normal
20,tcp,http,SF,454,168,0,27,1,Normal,Normal
1,tcp,http,REJ,44,20,0,199,0,Intrusion/Attack,Port Scan
2,tcp,ftp,RSTO,184,270,3,31,0,Intrusion/Attack,Brute Force
0,tcp,http,S0,64,0,0,303,0,Intrusion/Attack,SYN Flood
22,tcp,http,SF,825,324,0,34,1,Normal,Normal
2,tcp,http,SF,1507,3932,0,5,1,Normal,Normal
38,tcp,ftp,REJ,376,390,4,31,0,Intrusion/Attack,Brute Force
0,tcp,http,SF,416,3512,0,28,1,Normal,Normal
5,tcp,ssh,SF,718,432,3,25,0,Intrusion/Attack,Brute Force
44,udp,dns,SF,829,206,0,17,0,Normal,Normal
15,tcp,telnet,SF,213,422,4,29,0,Intrusion/Attack,Brute Force
0,tcp,http,S0,32,48,0,242,0,Intrusion/Attack,SYN Flood
29,tcp,http,SF,1480,7036,0,4,1,Normal,Normal
14,tcp,http,SF,1034,1114,0,7,1,Normal,Normal
12,tcp,ftp,SF,1387,6829,0,2,1,Normal,Normal
0,tcp,smtp,S0,40,0,0,237,0,Intrusion/Attack,SYN Flood
1,tcp,smtp,SF,443,142,0,10,1,Normal,Normal
5,udp,dns,SF,1977,122,0,13,0,Normal,Normal
0,tcp,http,SF,62,192,0,28,1,Normal,Normal
3,tcp,http,SF,781,72,0,10,1,Normal,Normal
2,tcp,http,SF,695,12456,0,15,1,Normal,Normal
4,tcp,http,SF,37,4056,0,52,1,Normal,Normal
1,tcp,http,S0,128,0,0,392,0,Intrusion/Attack,SYN Flood
0,tcp,http,S0,0,0,0,307,0,Intrusion/Attack,SYN Flood
8,udp,dns,SF,1159,227,0,49,0,Normal,Normal
1,tcp,ssh,REJ,120,0,0,182,0,Intrusion/Attack,Port Scan
4,tcp,http,SF,443,5911,0,3,1,Normal,Normal
0,icmp,other,REJ,20,0,0,213,0,Intrusion/Attack,Port Scan
10,icmp,other,SF,118,2756,0,2,0,Normal,Normal
58,tcp,http,SF,446,13298,0,4,1,Normal,Normal
33,tcp,http,SF,285,560,0,4,1,Normal,Normal
19,tcp,http,SF,1877,2264,0,23,0,Normal,Normal
2,tcp,http,SF,352,1303,0,10,1,Normal,Normal
14,udp,dns,SF,307,194,0,15,0,Normal,Normal
6,udp,dns,SF,768,3538,0,3,0,Normal,Normal
12,tcp,smtp,SF,211,1550,0,8,1,Normal,Normal
14,tcp,http,SF,420,320,0,31,1,Normal,Normal
0,tcp,smtp,S0,32,0,0,312,0,Intrusion/Attack,SYN Flood
15,tcp,ssh,SF,80,2338,0,37,1,Normal,Normal
2,tcp,http,SF,592,2622,0,20,1,Normal,Normal
0,tcp,http,S0,64,0,0,281,0,Intrusion/Attack,SYN Flood
3,tcp,ssh,SF,412,4934,0,11,1,Normal,Normal
0,tcp,http,SF,216,2534,0,2,1,Normal,Normal
0,tcp,other,S0,0,0,0,360,0,Intrusion/Attack,SYN Flood
10,tcp,telnet,SF,817,368,4,30,0,Intrusion/Attack,Brute Force
0,tcp,http,S0,32,0,0,279,0,Intrusion/Attack,SYN Flood
6,tcp,http,SF,302,3,0,17,1,Normal,Normal
13,udp,dns,SF,1605,23,0,11,0,Normal,Normal
10,udp,other,SF,253,3805,0,10,0,Normal,Normal
21,tcp,telnet,RSTO,402,71,2,32,0,Intrusion/Attack,Brute Force
0,tcp,http,S0,32,0,0,299,0,Intrusion/Attack,SYN Flood
2,icmp,other,SF,1043,976,0,9,0,Normal,Normal
14,tcp,http,SF,819,7761,0,95,1,Normal,Normal
16,tcp,http,SF,440,1173,0,48,1,Normal,Normal
13,tcp,smtp,SF,750,1508,0,16,1,Normal,Normal
20,tcp,http,SF,463,8357,0,9,1,Normal,Normal
2,tcp,ssh,REJ,0,0,0,215,0,Intrusion/Attack,Port Scan
1,tcp,smtp,SF,74,3092,0,11,0,Normal,Normal
12,tcp,http,SF,1989,1745,0,13,1,Normal,Normal
3,tcp,http,SF,114,1116,0,29,1,Normal,Normal
9,tcp,ssh,SF,333,78,3,37,0,Intrusion/Attack,Brute Force
7,tcp,http,SF,2446,281,0,1,1,Normal,Normal
7,tcp,smtp,SF,448,1829,0,1,1,Normal,Normal
38,tcp,telnet,SF,478,250,4,31,0,Intrusion/Attack,Brute Force
0,tcp,http,RSTO,257,2343,0,1,1,Normal,Normal
6,tcp,smtp,SF,1242,1936,0,37,1,Normal,Normal
18,tcp,http,SF,634,2481,0,6,1,Normal,Normal
2,tcp,http,SF,156,267,0,18,1,Normal,Normal
21,tcp,ftp,SF,388,3598,0,11,1,Normal,Normal
23,tcp,ssh,SF,236,202,0,4,1,Normal,Normal
1,udp,dns,SF,590,1048,0,7,0,Normal,Normal
2,tcp,smtp,RSTR,0,20,0,206,0,Intrusion/Attack,Port Scan
0,tcp,http,S0,32,0,0,318,0,Intrusion/Attack,SYN Flood
1,tcp,http,S0,128,48,0,348,0,Intrusion/Attack,SYN Flood
2,udp,telnet,S0,20,0,0,100,0,Intrusion/Attack,Port Scan
28,icmp,other,SF,30,5491,0,25,0,Normal,Normal
2,tcp,smtp,SF,774,9050,0,6,1,Normal,Normal
2,tcp,ssh,REJ,44,20,0,93,0,Intrusion/Attack,Port Scan
0,tcp,other,RSTO,64,0,0,404,0,Intrusion/Attack,SYN Flood
34,tcp,http,SF,149,507,0,11,1,Normal,Normal
4,tcp,smtp,SF,311,3608,0,36,1,Normal,Normal
6,tcp,telnet,SF,405,281,3,37,0,Intrusion/Attack,Brute Force
1,tcp,http,SF,487,1237,0,2,1,Normal,Normal
0,tcp,ssh,REJ,44,0,0,98,0,Intrusion/Attack,Port Scan
6,tcp,http,SF,995,2004,0,17,0,Normal,Normal
61,icmp,other,SF,714,289,0,12,0,Normal,Normal
41,tcp,http,SF,642,932,0,1,0,Normal,Normal
5,tcp,smtp,REJ,507,447,0,7,1,Normal,Normal
3,udp,dns,SF,565,1692,0,3,0,Normal,Normal
23,tcp,http,SF,2371,1026,0,1,1,Normal,Normal
0,tcp,ftp,SF,77,2256,0,6,1,Normal,Normal
21,tcp,http,SF,714,639,0,14,1,Normal,Normal
1,tcp,http,S0,0,48,0,124,0,Intrusion/Attack,SYN Flood
10,tcp,telnet,SF,785,363,2,26,0,Intrusion/Attack,Brute Force
4,tcp,http,SF,387,394,0,21,1,Normal,Normal
0,tcp,other,S0,0,0,0,173,0,Intrusion/Attack,SYN Flood
0,tcp,smtp,S0,40,0,0,346,0,Intrusion/Attack,SYN Flood
24,tcp,http,SF,1004,1710,0,3,1,Normal,Normal
13,tcp,http,SF,414,2044,0,29,1,Normal,Normal
7,tcp,smtp,SF,1257,1655,1,12,0,Normal,Normal
2,tcp,ftp,REJ,120,0,0,153,0,Intrusion/Attack,Port Scan
25,tcp,ssh,REJ,627,137,2,35,0,Intrusion/Attack,Brute Force
12,tcp,http,SF,289,322,0,12,1,Normal,Normal
16,tcp,ssh,RSTO,637,178,3,31,0,Intrusion/Attack,Brute Force
36,tcp,http,SF,323,1367,0,18,1,Normal,Normal
30,tcp,http,SF,809,2081,0,19,1,Normal,Normal
32,tcp,smtp,SF,167,6357,0,24,0,Normal,Normal
2,icmp,ftp,SF,60,20,0,242,0,Intrusion/Attack,Port Scan
45,tcp,http,SF,870,2183,0,1,1,Normal,Normal
2,tcp,dns,REJ,20,0,0,261,0,Intrusion/Attack,Port Scan
6,tcp,http,SF,2546,1875,0,4,1,Normal,Normal
2,tcp,other,S0,120,0,0,227,0,Intrusion/Attack,Port Scan
39,tcp,smtp,REJ,996,3123,0,7,1,Normal,Normal
2,tcp,dns,S0,20,0,0,139,0,Intrusion/Attack,Port Scan
4,tcp,ssh,SF,432,1669,0,15,1,Normal,Normal
3,tcp,smtp,SF,195,6051,0,13,1,Normal,Normal
0,tcp,smtp,SF,424,3081,0,4,1,Normal,Normal
10,tcp,http,SF,50,280,0,46,1,Normal,Normal
0,tcp,ssh,SF,30,2047,0,1,1,Normal,Normal
9,tcp,ftp,SF,739,62,3,28,0,Intrusion/Attack,Brute Force
15,udp,dns,SF,930,10249,0,24,0,Normal,Normal
2,udp,dns,SF,1427,7477,0,27,0,Normal,Normal
3,tcp,http,SF,361,6731,0,8,1,Normal,Normal
7,tcp,other,SF,470,1506,0,19,0,Normal,Normal
1,udp,dns,SF,695,2545,0,7,0,Normal,Normal
5,udp,dns,SF,738,1987,0,6,0,Normal,Normal
1,icmp,smtp,RSTR,44,20,0,176,0,Intrusion/Attack,Port Scan
19,udp,other,SF,1708,970,0,1,0,Normal,Normal
0,tcp,http,S0,32,0,0,200,0,Intrusion/Attack,SYN Flood
0,tcp,other,S0,40,0,0,436,0,Intrusion/Attack,SYN Flood
20,tcp,ssh,REJ,375,375,2,23,0,Intrusion/Attack,Brute Force
23,tcp,http,SF,99,335,0,4,1,Normal,Normal
13,udp,dns,SF,817,5276,0,15,0,Normal,Normal
0,tcp,http,S0,64,0,0,247,0,Intrusion/Attack,SYN Flood
0,tcp,smtp,S0,128,0,0,330,0,Intrusion/Attack,SYN Flood
0,tcp,http,S0,40,0,0,305,0,Intrusion/Attack,SYN Flood
16,tcp,http,SF,437,1379,0,8,1,Normal,Normal
0,icmp,smtp,REJ,44,0,0,123,0,Intrusion/Attack,Port Scan
39,tcp,http,SF,30,6100,0,24,1,Normal,Normal
0,tcp,http,REJ,60,0,0,143,0,Intrusion/Attack,Port Scan
15,tcp,http,SF,1621,2733,0,2,1,Normal,Normal
47,tcp,http,SF,470,9781,0,15,0,Normal,Normal
10,udp,dns,SF,30,385,1,54,0,Normal,Normal
0,tcp,other,S0,0,48,0,261,0,Intrusion/Attack,SYN Flood
0,tcp,http,RSTO,128,0,0,316,0,Intrusion/Attack,SYN Flood
2,tcp,http,SF,2151,274,0,15,1,Normal,Normal
45,udp,dns,SF,814,949,0,12,0,Normal,Normal
2,icmp,other,SF,590,1324,0,5,0,Normal,Normal
16,tcp,http,SF,619,5351,0,7,1,Normal,Normal
14,tcp,http,SF,468,2151,0,11,1,Normal,Normal
2,icmp,other,SF,465,657,0,64,0,Normal,Normal
5,tcp,other,SF,1968,2489,0,11,0,Normal,Normal
8,tcp,http,SF,1086,908,0,11,1,Normal,Normal
7,tcp,ftp,SF,1381,3131,0,29,1,Normal,Normal
12,tcp,smtp,SF,534,2220,0,27,1,Normal,Normal
9,tcp,ssh,RSTO,536,407,4,27,0,Intrusion/Attack,Brute Force
25,tcp,other,SF,689,4388,0,6,0,Normal,Normal
0,tcp,ssh,REJ,64,48,0,292,0,Intrusion/Attack,SYN Flood
5,tcp,ssh,REJ,699,308,3,37,0,Intrusion/Attack,Brute Force
0,tcp,http,S0,0,0,0,226,0,Intrusion/Attack,SYN Flood
12,tcp,other,SF,2121,4727,0,28,0,Normal,Normal
14,tcp,ssh,SF,461,427,5,29,0,Intrusion/Attack,Brute Force
16,tcp,ssh,SF,642,87,6,32,0,Intrusion/Attack,Brute Force
14,tcp,http,SF,454,126,0,39,0,Normal,Normal
15,tcp,ftp,SF,478,161,4,28,0,Intrusion/Attack,Brute Force
3,tcp,http,REJ,2134,7569,0,3,0,Normal,Normal
20,udp,dns,SF,1686,1421,0,1,0,Normal,Normal
11,tcp,http,SF,327,933,0,45,1,Normal,Normal
9,tcp,ssh,SF,904,794,0,42,1,Normal,Normal
35,tcp,other,SF,30,6518,0,30,0,Normal,Normal
2,tcp,other,REJ,20,20,0,270,0,Intrusion/Attack,Port Scan
0,tcp,http,S0,40,0,0,432,0,Intrusion/Attack,SYN Flood
15,tcp,http,SF,55,349,0,16,1,Normal,Normal
15,tcp,http,SF,30,1282,0,8,1,Normal,Normal
12,tcp,http,SF,194,181,0,6,1,Normal,Normal
3,tcp,smtp,SF,413,9400,0,17,1,Normal,Normal
13,tcp,ssh,SF,403,294,3,40,0,Intrusion/Attack,Brute Force
32,tcp,http,SF,1107,2052,0,17,1,Normal,Normal
3,udp,dns,SF,865,925,0,3,0,Normal,Normal
0,tcp,smtp,RSTO,0,0,0,383,0,Intrusion/Attack,SYN Flood
34,tcp,http,SF,496,347,0,3,0,Normal,Normal
6,udp,dns,SF,984,1991,0,19,0,Normal,Normal
1,udp,dns,SF,477,1805,0,56,0,Normal,Normal
11,tcp,http,SF,157,996,0,1,0,Normal,Normal
7,tcp,http,SF,1548,85,0,48,1,Normal,Normal
25,udp,dns,SF,1007,399,0,5,0,Normal,Normal
6,udp,dns,SF,30,4391,0,2,0,Normal,Normal
1,icmp,http,REJ,44,0,0,204,0,Intrusion/Attack,Port Scan
0,tcp,other,RSTR,20,20,0,265,0,Intrusion/Attack,Port Scan
15,udp,dns,SF,259,1192,0,7,0,Normal,Normal
0,tcp,ftp,S0,0,0,0,167,0,Intrusion/Attack,Port Scan
21,tcp,ftp,REJ,657,415,3,22,0,Intrusion/Attack,Brute Force
33,tcp,ssh,SF,248,279,0,9,1,Normal,Normal
5,tcp,http,SF,95,969,0,22,1,Normal,Normal
0,tcp,http,S0,64,0,0,366,0,Intrusion/Attack,SYN Flood
2,tcp,ftp,RSTR,120,0,0,156,0,Intrusion/Attack,Port Scan
0,tcp,http,SF,44,104,0,21,1,Normal,Normal
2,tcp,smtp,RSTR,120,20,0,254,0,Intrusion/Attack,Port Scan
1,tcp,http,SF,249,126,0,4,1,Normal,Normal
1,tcp,other,RSTR,20,0,0,214,0,Intrusion/Attack,Port Scan
0,udp,dns,SF,926,3439,0,43,0,Normal,Normal
15,tcp,ftp,SF,65,1120,0,13,0,Normal,Normal
16,tcp,http,SF,477,3551,0,31,0,Normal,Normal
11,tcp,http,SF,730,288,0,5,0,Normal,Normal
1,tcp,other,S0,60,20,0,65,0,Intrusion/Attack,Port Scan
0,tcp,telnet,REJ,44,0,0,135,0,Intrusion/Attack,Port Scan
3,tcp,smtp,SF,162,116,0,7,1,Normal,Normal
2,tcp,smtp,REJ,0,0,0,219,0,Intrusion/Attack,Port Scan
2,udp,dns,SF,241,600,0,12,0,Normal,Normal
20,tcp,http,SF,581,1860,0,58,1,Normal,Normal
53,tcp,http,REJ,30,805,0,1,1,Normal,Normal
16,tcp,ftp,SF,424,87,2,18,0,Intrusion/Attack,Brute Force
7,udp,dns,SF,30,1112,0,5,0,Normal,Normal
0,tcp,http,S0,64,0,0,309,0,Intrusion/Attack,SYN Flood
5,icmp,other,SF,255,484,0,22,0,Normal,Normal
1,tcp,http,S0,32,0,0,229,0,Intrusion/Attack,SYN Flood
11,tcp,http,SF,1540,2349,0,45,1,Normal,Normal
5,tcp,http,SF,492,3263,0,37,1,Normal,Normal
3,tcp,ftp,SF,216,217,3,39,0,Intrusion/Attack,Brute Force
42,udp,dns,SF,146,889,0,8,0,Normal,Normal
6,tcp,http,SF,530,1018,0,26,1,Normal,Normal
21,udp,other,SF,538,306,0,8,0,Normal,Normal
46,tcp,other,SF,104,3465,0,28,0,Normal,Normal
16,tcp,smtp,SF,850,881,0,15,1,Normal,Normal
0,tcp,http,RSTO,64,0,0,332,0,Intrusion/Attack,SYN Flood
1,icmp,http,REJ,44,20,0,141,0,Intrusion/Attack,Port Scan
0,tcp,http,RSTO,32,48,0,437,0,Intrusion/Attack,SYN Flood
6,tcp,http,REJ,1262,1210,0,9,0,Normal,Normal
5,tcp,http,SF,2091,1143,0,6,1,Normal,Normal
28,tcp,other,SF,1807,213,0,2,0,Normal,Normal
3,tcp,http,SF,167,3610,1,7,1,Normal,Normal
42,tcp,smtp,SF,733,574,0,11,1,Normal,Normal
18,tcp,http,SF,62,533,0,22,1,Normal,Normal
22,tcp,ftp,REJ,171,421,2,35,0,Intrusion/Attack,Brute Force
1,tcp,ssh,S0,0,0,0,214,0,Intrusion/Attack,SYN Flood
1,tcp,ftp,SF,90,154,0,10,1,Normal,Normal
14,tcp,http,SF,1227,50,0,10,0,Normal,Normal
3,tcp,http,SF,996,332,0,15,1,Normal,Normal
32,tcp,http,SF,238,2826,0,3,1,Normal,Normal
14,tcp,ssh,SF,757,1725,0,17,1,Normal,Normal
10,udp,dns,SF,2533,2848,0,9,0,Normal,Normal
11,tcp,http,SF,340,1768,0,4,1,Normal,Normal
25,tcp,smtp,SF,752,2297,0,37,1,Normal,Normal
15,tcp,http,SF,1131,1297,0,6,1,Normal,Normal
16,tcp,smtp,SF,1132,815,0,14,1,Normal,Normal
2,tcp,http,SF,414,1935,0,4,1,Normal,Normal
42,tcp,http,SF,577,894,0,27,1,Normal,Normal
6,udp,dns,SF,32,75,0,23,0,Normal,Normal
4,udp,dns,SF,467,3335,0,17,0,Normal,Normal
16,tcp,ssh,REJ,486,57,3,34,0,Intrusion/Attack,Brute Force
0,tcp,ftp,RSTR,120,0,0,206,0,Intrusion/Attack,Port Scan
5,tcp,http,SF,612,3022,0,9,1,Normal,Normal
1,udp,dns,SF,1904,6077,0,11,0,Normal,Normal
1,tcp,other,S0,0,0,0,220,0,Intrusion/Attack,SYN Flood
2,udp,other,SF,2384,215,0,10,0,Normal,Normal
1,udp,dns,SF,94,4031,0,4,0,Normal,Normal
0,tcp,dns,REJ,0,0,0,172,0,Intrusion/Attack,Port Scan
0,tcp,smtp,SF,919,10112,0,10,1,Normal,Normal
0,tcp,http,S0,128,48,0,358,0,Intrusion/Attack,SYN Flood
1,tcp,http,SF,230,1732,0,1,0,Normal,Normal
20,tcp,ssh,RSTO,163,245,2,22,0,Intrusion/Attack,Brute Force
20,tcp,ssh,SF,34,1627,0,7,1,Normal,Normal
24,tcp,ssh,SF,484,68,3,21,0,Intrusion/Attack,Brute Force
29,tcp,smtp,SF,1251,54,0,8,1,Normal,Normal
58,tcp,http,SF,653,323,0,7,1,Normal,Normal
13,tcp,http,SF,754,291,0,10,0,Normal,Normal
15,tcp,smtp,SF,352,1470,0,23,1,Normal,Normal
0,tcp,ssh,S0,64,0,0,366,0,Intrusion/Attack,SYN Flood
28,tcp,ftp,SF,151,6402,0,28,1,Normal,Normal
0,tcp,smtp,S0,64,0,0,251,0,Intrusion/Attack,SYN Flood
0,tcp,smtp,S0,32,0,0,297,0,Intrusion/Attack,SYN Flood
6,tcp,ftp,SF,400,811,0,1,1,Normal,Normal
21,tcp,smtp,SF,922,2308,0,7,1,Normal,Normal
1,tcp,ftp,SF,1176,1258,0,14,1,Normal,Normal
20,tcp,http,SF,401,1345,0,6,1,Normal,Normal
1,tcp,other,S0,64,48,0,248,0,Intrusion/Attack,SYN Flood
2,tcp,dns,S0,0,0,0,241,0,Intrusion/Attack,Port Scan
16,tcp,http,SF,1143,1882,0,2,1,Normal,Normal
6,tcp,http,SF,564,184,0,36,1,Normal,Normal
16,udp,dns,SF,1488,3677,0,42,0,Normal,Normal
15,udp,dns,SF,1382,85,0,9,0,Normal,Normal
0,tcp,smtp,REJ,0,48,0,259,0,Intrusion/Attack,SYN Flood
8,udp,other,SF,1346,7582,0,11,0,Normal,Normal
1,udp,dns,SF,3031,789,1,4,0,Normal,Normal
12,tcp,ftp,SF,92,42,0,17,1,Normal,Normal
26,tcp,http,SF,391,1780,1,1,1,Normal,Normal
16,tcp,http,SF,1003,2092,0,5,1,Normal,Normal
33,tcp,ssh,RSTO,393,325,3,27,0,Intrusion/Attack,Brute Force
2,tcp,telnet,RSTR,60,0,0,196,0,Intrusion/Attack,Port Scan
0,tcp,http,RSTO,40,48,0,149,0,Intrusion/Attack,SYN Flood
0,tcp,ssh,S0,128,0,0,283,0,Intrusion/Attack,SYN Flood
4,icmp,other,SF,1993,132,0,13,0,Normal,Normal
6,udp,dns,SF,152,3581,0,4,0,Normal,Normal
1,tcp,ftp,SF,1514,1414,0,34,1,Normal,Normal
0,udp,dns,SF,464,1296,0,3,0,Normal,Normal
2,tcp,dns,REJ,120,0,0,178,0,Intrusion/Attack,Port Scan
11,tcp,http,SF,803,439,0,15,0,Normal,Normal
2,tcp,smtp,S0,120,0,0,189,0,Intrusion/Attack,Port Scan
18,tcp,http,RSTO,131,2259,0,7,1,Normal,Normal
28,tcp,http,SF,122,1598,0,24,1,Normal,Normal
4,tcp,http,SF,100,1124,0,40,1,Normal,Normal
1,tcp,smtp,REJ,60,3156,0,10,1,Normal,Normal
36,tcp,smtp,SF,3240,269,0,49,1,Normal,Normal
56,tcp,ssh,SF,69,20,0,2,1,Normal,Normal
46,tcp,ftp,SF,1389,1990,0,33,1,Normal,Normal
5,tcp,smtp,SF,460,1005,0,1,1,Normal,Normal
0,tcp,ssh,SH,60,0,0,185,0,Intrusion/Attack,Port Scan
0,udp,dns,SF,2917,409,0,13,0,Normal,Normal
24,tcp,smtp,SF,131,2358,1,12,1,Normal,Normal
2,udp,other,RSTR,60,20,0,106,0,Intrusion/Attack,Port Scan
7,tcp,other,SF,561,5815,0,4,0,Normal,Normal
19,udp,dns,SF,376,848,0,2,0,Normal,Normal
32,tcp,http,SF,114,262,0,7,1,Normal,Normal
32,tcp,http,SF,256,344,0,22,1,Normal,Normal
35,tcp,http,SF,2400,634,0,7,1,Normal,Normal
1,tcp,smtp,S0,128,48,0,267,0,Intrusion/Attack,SYN Flood
33,tcp,http,SF,547,4286,1,3,1,Normal,Normal
15,tcp,telnet,SF,148,246,3,28,0,Intrusion/Attack,Brute Force
6,tcp,http,SF,744,489,0,8,1,Normal,Normal
0,tcp,http,SF,1106,3221,0,7,1,Normal,Normal
4,tcp,http,SF,506,1586,0,2,1,Normal,Normal
1,tcp,dns,REJ,20,0,0,213,0,Intrusion/Attack,Port Scan
1,tcp,smtp,RSTO,64,48,0,376,0,Intrusion/Attack,SYN Flood
0,tcp,smtp,S0,32,0,0,345,0,Intrusion/Attack,SYN Flood
36,tcp,telnet,SF,781,289,3,31,0,Intrusion/Attack,Brute Force
19,tcp,smtp,SF,474,3919,0,5,1,Normal,Normal
5,udp,dns,SF,93,1452,0,5,0,Normal,Normal
65,udp,dns,SF,961,531,0,28,0,Normal,Normal
11,tcp,http,SF,30,2315,0,16,1,Normal,Normal
18,tcp,http,SF,2179,1450,0,13,1,Normal,Normal
21,tcp,http,SF,603,2800,0,11,1,Normal,Normal
15,udp,dns,SF,110,1900,0,8,0,Normal,Normal
26,tcp,http,SF,530,134,1,12,1,Normal,Normal
7,icmp,other,SF,185,2342,0,2,0,Normal,Normal
0,tcp,smtp,SH,44,0,0,234,0,Intrusion/Attack,Port Scan
8,udp,dns,SF,398,3098,0,18,0,Normal,Normal
10,udp,other,SF,452,3842,0,20,0,Normal,Normal
6,tcp,http,SF,56,11842,0,2,1,Normal,Normal
3,tcp,other,SF,46,254,0,2,0,Normal,Normal
3,tcp,http,SF,571,1258,0,49,1,Normal,Normal
4,tcp,http,SF,426,11592,0,30,1,Normal,Normal
1,tcp,http,SF,351,6871,0,2,0,Normal,Normal
0,tcp,ssh,SF,857,6491,0,10,1,Normal,Normal
6,udp,dns,SF,30,2135,0,24,0,Normal,Normal
0,tcp,other,S0,0,0,0,212,0,Intrusion/Attack,SYN Flood
0,tcp,http,S0,0,48,0,295,0,Intrusion/Attack,SYN Flood
2,tcp,http,SF,523,2510,0,12,1,Normal,Normal
25,tcp,http,SF,243,1216,0,40,1,Normal,Normal
122,udp,dns,SF,3701,1945,0,47,0,Normal,Normal
0,tcp,smtp,S0,40,0,0,340,0,Intrusion/Attack,SYN Flood
2,tcp,http,RSTO,206,440,0,26,1,Normal,Normal
6,tcp,ssh,RSTO,556,426,3,24,0,Intrusion/Attack,Brute Force
17,udp,dns,SF,30,6444,0,16,0,Normal,Normal
26,udp,dns,SF,1125,502,0,6,0,Normal,Normal
3,icmp,other,SF,156,818,1,72,0,Normal,Normal
4,tcp,http,SF,1074,4309,0,59,0,Normal,Normal
5,tcp,http,RSTO,572,278,1,4,1,Normal,Normal
18,tcp,ssh,SF,395,428,2,33,0,Intrusion/Attack,Brute Force
16,tcp,ssh,RSTO,494,246,6,29,0,Intrusion/Attack,Brute Force
10,udp,dns,SF,175,6127,0,19,0,Normal,Normal
0,tcp,ssh,REJ,32,0,0,282,0,Intrusion/Attack,SYN Flood
3,tcp,http,SF,395,7351,0,3,1,Normal,Normal
0,tcp,http,S0,128,0,0,252,0,Intrusion/Attack,SYN Flood
2,tcp,ssh,SF,205,106,0,8,1,Normal,Normal
1,tcp,ftp,RSTO,732,183,3,33,0,Intrusion/Attack,Brute Force
1,tcp,dns,RSTR,120,0,0,225,0,Intrusion/Attack,Port Scan
0,tcp,http,S0,128,0,0,272,0,Intrusion/Attack,SYN Flood
83,tcp,http,SF,259,1153,0,21,1,Normal,Normal
2,tcp,ftp,REJ,44,0,0,175,0,Intrusion/Attack,Port Scan
2,udp,dns,REJ,120,0,0,60,0,Intrusion/Attack,Port Scan
0,tcp,http,SF,1920,9,1,21,1,Normal,Normal
0,tcp,ftp,RSTR,0,0,0,206,0,Intrusion/Attack,Port Scan
3,tcp,http,SF,432,1471,0,28,1,Normal,Normal
0,tcp,http,S0,32,0,0,423,0,Intrusion/Attack,SYN Flood
1,tcp,smtp,SF,518,2144,0,5,1,Normal,Normal
0,tcp,http,S0,40,48,0,248,0,Intrusion/Attack,SYN Flood
0,tcp,http,SF,576,1216,1,13,1,Normal,Normal
2,tcp,http,SF,454,2534,0,6,1,Normal,Normal
2,tcp,other,S0,0,0,0,284,0,Intrusion/Attack,Port Scan
9,udp,dns,SF,2575,1585,0,15,0,Normal,Normal
0,udp,dns,SF,870,4311,0,3,0,Normal,Normal
12,tcp,smtp,SF,1575,4437,0,8,1,Normal,Normal
20,udp,dns,SF,1037,681,0,27,0,Normal,Normal
14,udp,dns,SF,667,3319,0,12,0,Normal,Normal
1,udp,dns,SF,80,1802,0,9,0,Normal,Normal
1,udp,dns,SF,1123,578,0,4,0,Normal,Normal
0,tcp,ssh,S0,64,0,0,336,0,Intrusion/Attack,SYN Flood
62,tcp,http,SF,334,4097,0,10,1,Normal,Normal
9,tcp,http,RSTO,1374,1025,0,5,1,Normal,Normal
11,tcp,http,SF,344,1024,0,1,1,Normal,Normal
2,udp,telnet,S0,20,20,0,129,0,Intrusion/Attack,Port Scan
3,udp,dns,SF,262,1990,0,11,0,Normal,Normal
10,udp,other,SF,417,3380,0,54,0,Normal,Normal
10,udp,dns,SF,402,2449,0,10,0,Normal,Normal
17,tcp,ssh,REJ,410,60,5,21,0,Intrusion/Attack,Brute Force
7,tcp,http,SF,1211,0,0,1,1,Normal,Normal
0,tcp,http,S0,128,0,0,296,0,Intrusion/Attack,SYN Flood
0,tcp,http,S0,64,48,0,283,0,Intrusion/Attack,SYN Flood
11,tcp,smtp,SF,161,3355,0,6,1,Normal,Normal
27,tcp,other,SF,49,1027,0,18,0,Normal,Normal
0,tcp,smtp,SH,44,0,0,123,0,Intrusion/Attack,Port Scan
0,udp,http,REJ,120,20,0,230,0,Intrusion/Attack,Port Scan
30,tcp,ftp,SF,810,253,3,33,0,Intrusion/Attack,Brute Force
5,tcp,http,SF,1404,3087,0,26,1,Normal,Normal
18,tcp,smtp,SF,260,4262,0,4,1,Normal,Normal
45,tcp,other,SF,3420,2985,1,14,0,Normal,Normal
0,tcp,other,REJ,1031,1047,0,6,0,Normal,Normal
0,udp,http,S0,44,20,0,144,0,Intrusion/Attack,Port Scan
8,tcp,http,SF,1603,3091,0,33,0,Normal,Normal
4,tcp,http,SF,469,2043,0,17,0,Normal,Normal
3,tcp,http,SF,331,4331,0,31,1,Normal,Normal
0,tcp,http,S0,32,0,0,236,0,Intrusion/Attack,SYN Flood
1,tcp,http,S0,64,0,0,264,0,Intrusion/Attack,SYN Flood
12,tcp,ssh,RSTO,725,306,6,22,0,Intrusion/Attack,Brute Force
2,tcp,http,SF,30,1834,0,30,1,Normal,Normal
21,tcp,http,SF,476,550,0,34,1,Normal,Normal
15,tcp,ssh,SF,499,54,3,34,0,Intrusion/Attack,Brute Force
34,tcp,http,SF,79,1107,0,3,1,Normal,Normal
26,udp,dns,SF,362,2175,0,7,0,Normal,Normal
13,udp,dns,SF,52,715,0,7,0,Normal,Normal
0,tcp,http,S0,64,0,0,169,0,Intrusion/Attack,SYN Flood
0,tcp,http,S0,40,0,0,432,0,Intrusion/Attack,SYN Flood
1,tcp,http,SF,189,529,0,15,1,Normal,Normal
29,tcp,smtp,SF,33,5128,0,12,1,Normal,Normal
6,tcp,http,REJ,30,4484,0,28,1,Normal,Normal
0,tcp,http,S0,128,0,0,488,0,Intrusion/Attack,SYN Flood
2,tcp,http,SF,194,1514,0,15,1,Normal,Normal
0,tcp,smtp,REJ,0,48,0,365,0,Intrusion/Attack,SYN Flood
3,tcp,other,SF,31,2930,0,10,0,Normal,Normal
22,tcp,ssh,RSTO,457,119,3,41,0,Intrusion/Attack,Brute Force
13,tcp,ftp,SF,680,51,5,27,0,Intrusion/Attack,Brute Force
0,tcp,ftp,SF,841,310,0,13,1,Normal,Normal
5,udp,dns,SF,411,4968,0,36,0,Normal,Normal
18,tcp,smtp,SF,713,8118,0,49,1,Normal,Normal
8,tcp,ftp,SF,297,316,3,28,0,Intrusion/Attack,Brute Force
14,icmp,other,SF,451,1161,0,8,0,Normal,Normal
23,tcp,http,SF,241,1457,0,2,1,Normal,Normal
1,tcp,http,S0,64,48,0,275,0,Intrusion/Attack,SYN Flood
9,tcp,smtp,SF,58,140,0,10,1,Normal,Normal
34,tcp,smtp,SF,80,7492,0,36,1,Normal,Normal
16,tcp,http,SF,493,261,0,14,0,Normal,Normal
1,tcp,ftp,SH,44,20,0,156,0,Intrusion/Attack,Port Scan
26,tcp,ssh,RSTO,343,423,3,34,0,Intrusion/Attack,Brute Force
16,udp,dns,SF,666,7143,0,29,0,Normal,Normal
6,tcp,ssh,SF,2589,2384,0,3,0,Normal,Normal
11,tcp,http,SF,579,537,0,3,1,Normal,Normal
5,tcp,http,SF,1115,487,0,1,1,Normal,Normal
0,tcp,smtp,S0,32,0,0,302,0,Intrusion/Attack,SYN Flood
6,tcp,smtp,SF,3024,1125,0,10,1,Normal,Normal
3,tcp,ssh,SF,633,373,2,32,0,Intrusion/Attack,Brute Force
19,udp,dns,SF,39,1833,0,2,0,Normal,Normal
10,tcp,ssh,SF,34,636,0,6,1,Normal,Normal
4,tcp,smtp,SF,502,401,0,2,1,Normal,Normal
0,udp,other,SF,30,1533,0,59,0,Normal,Normal
0,tcp,http,S0,32,0,0,274,0,Intrusion/Attack,SYN Flood
0,tcp,http,SF,723,1777,0,3,1,Normal,Normal
0,tcp,http,S0,64,0,0,383,0,Intrusion/Attack,SYN Flood
1,tcp,http,SF,181,848,0,9,1,Normal,Normal
1,icmp,telnet,SF,0,0,0,142,0,Intrusion/Attack,Port Scan
2,tcp,smtp,SF,277,6429,0,17,1,Normal,Normal
26,tcp,ssh,SF,810,283,5,36,0,Intrusion/Attack,Brute Force
24,udp,dns,SF,426,1437,0,12,0,Normal,Normal
2,tcp,ssh,REJ,311,352,5,32,0,Intrusion/Attack,Brute Force
0,tcp,http,SF,335,102,0,56,1,Normal,Normal
8,udp,dns,SF,453,1771,0,19,0,Normal,Normal
14,tcp,http,SF,533,637,0,35,0,Normal,Normal
1,tcp,http,S0,128,0,0,322,0,Intrusion/Attack,SYN Flood
26,tcp,ftp,SF,559,212,4,31,0,Intrusion/Attack,Brute Force
31,tcp,http,SF,381,804,0,32,1,Normal,Normal
16,tcp,smtp,SF,64,56,0,5,1,Normal,Normal
10,tcp,http,SF,498,1059,0,29,1,Normal,Normal
1,udp,dns,SF,36,3921,0,3,0,Normal,Normal
27,tcp,http,SF,30,637,0,15,1,Normal,Normal
3,tcp,ssh,SF,595,2062,0,4,1,Normal,Normal
8,icmp,other,SF,212,3842,0,6,0,Normal,Normal
26,udp,dns,SF,235,1219,0,11,0,Normal,Normal
4,tcp,ftp,SF,43,122,0,2,1,Normal,Normal
1,tcp,http,SF,138,5813,0,17,1,Normal,Normal
9,udp,other,SF,410,2485,0,17,0,Normal,Normal
1,udp,smtp,SH,60,20,0,155,0,Intrusion/Attack,Port Scan
92,udp,dns,SF,280,3498,0,11,0,Normal,Normal
11,tcp,http,SF,377,1229,0,3,1,Normal,Normal
1,tcp,http,S0,32,48,0,161,0,Intrusion/Attack,SYN Flood
2,tcp,http,RSTO,161,1578,0,10,1,Normal,Normal
0,tcp,ftp,SF,278,2327,0,1,0,Normal,Normal
24,udp,dns,SF,496,3790,0,12,0,Normal,Normal
12,tcp,http,SF,364,774,0,5,1,Normal,Normal
2,tcp,http,SF,511,1823,0,20,1,Normal,Normal
3,udp,dns,SF,245,3724,0,8,0,Normal,Normal
16,udp,dns,SF,568,1606,0,37,0,Normal,Normal
23,tcp,http,SF,698,4562,0,20,1,Normal,Normal
12,udp,dns,SF,580,1858,0,9,0,Normal,Normal
13,tcp,http,SF,30,2044,0,21,1,Normal,Normal
23,udp,other,SF,340,4135,0,6,0,Normal,Normal
6,tcp,ssh,SF,1163,2870,0,7,1,Normal,Normal
40,tcp,smtp,SF,835,2065,0,1,1,Normal,Normal
0,tcp,other,S0,128,0,0,371,0,Intrusion/Attack,SYN Flood
5,tcp,ssh,REJ,654,159,3,21,0,Intrusion/Attack,Brute Force
34,tcp,http,SF,1355,3879,0,2,1,Normal,Normal
21,tcp,ssh,SF,455,264,3,22,0,Intrusion/Attack,Brute Force
5,udp,dns,SF,381,1457,0,10,0,Normal,Normal
20,udp,dns,SF,1730,5715,0,4,0,Normal,Normal
1,tcp,smtp,SF,1648,1011,0,47,1,Normal,Normal
62,tcp,http,SF,39,2368,0,12,1,Normal,Normal
0,tcp,smtp,S0,32,48,0,346,0,Intrusion/Attack,SYN Flood
15,tcp,http,SF,760,630,1,18,1,Normal,Normal
9,tcp,ftp,SF,1812,313,0,1,1,Normal,Normal
47,tcp,http,SF,149,2552,0,2,1,Normal,Normal
1,tcp,ftp,REJ,44,20,0,225,0,Intrusion/Attack,Port Scan
45,tcp,smtp,SF,106,1358,0,9,1,Normal,Normal
3,tcp,http,SF,709,5122,0,19,0,Normal,Normal
29,icmp,other,SF,253,1495,0,3,0,Normal,Normal
33,udp,dns,SF,314,3203,0,3,0,Normal,Normal
1,tcp,http,REJ,120,0,0,291,0,Intrusion/Attack,Port Scan
26,tcp,ssh,SF,30,2176,0,3,1,Normal,Normal
1,udp,telnet,SH,20,20,0,45,0,Intrusion/Attack,Port Scan
7,icmp,other,SF,600,199,0,44,0,Normal,Normal
27,tcp,ssh,REJ,554,184,5,25,0,Intrusion/Attack,Brute Force
13,udp,dns,SF,1399,5797,0,24,0,Normal,Normal
20,udp,dns,SF,219,3894,2,1,0,Normal,Normal
4,udp,dns,SF,406,1990,2,17,0,Normal,Normal
24,udp,dns,SF,368,5988,0,22,0,Normal,Normal
0,tcp,other,SF,165,6973,0,13,0,Normal,Normal
1,tcp,ftp,RSTR,20,20,0,186,0,Intrusion/Attack,Port Scan
0,tcp,http,S0,32,0,0,407,0,Intrusion/Attack,SYN Flood
10,tcp,ftp,SF,859,2006,0,3,1,Normal,Normal
0,tcp,http,S0,0,48,0,308,0,Intrusion/Attack,SYN Flood
20,tcp,ftp,SF,386,6655,0,10,1,Normal,Normal
0,tcp,http,SF,87,2254,0,5,1,Normal,Normal
9,udp,dns,SF,2729,3548,0,2,0,Normal,Normal
0,tcp,http,SF,30,280,0,5,0,Normal,Normal
0,tcp,ssh,RSTO,40,0,0,357,0,Intrusion/Attack,SYN Flood
0,udp,dns,SF,30,573,0,9,0,Normal,Normal
22,tcp,smtp,SF,488,6313,0,33,1,Normal,Normal
0,tcp,other,S0,0,48,0,379,0,Intrusion/Attack,SYN Flood
5,tcp,http,SF,119,732,0,20,1,Normal,Normal
4,tcp,http,SF,905,239,0,8,0,Normal,Normal
0,tcp,smtp,S0,0,0,0,272,0,Intrusion/Attack,SYN Flood
12,tcp,smtp,SF,243,428,0,13,1,Normal,Normal
0,tcp,http,S0,0,0,0,285,0,Intrusion/Attack,SYN Flood
1,tcp,smtp,S0,0,0,0,254,0,Intrusion/Attack,SYN Flood
0,tcp,http,S0,128,0,0,361,0,Intrusion/Attack,SYN Flood
1,tcp,other,S0,0,48,0,352,0,Intrusion/Attack,SYN Flood
0,tcp,http,S0,64,0,0,228,0,Intrusion/Attack,SYN Flood
7,tcp,http,SF,468,161,0,52,0,Normal,Normal
9,tcp,http,SF,655,6485,0,32,1,Normal,Normal
83,icmp,other,SF,80,4545,0,8,0,Normal,Normal
18,tcp,smtp,SF,394,2644,0,3,1,Normal,Normal
0,tcp,http,S0,32,0,0,284,0,Intrusion/Attack,SYN Flood
4,tcp,http,SF,155,201,0,1,1,Normal,Normal
20,tcp,http,SF,545,770,0,7,1,Normal,Normal
4,tcp,ssh,SF,30,1021,0,6,1,Normal,Normal
8,tcp,ssh,REJ,30,2456,0,6,1,Normal,Normal
0,tcp,other,S0,40,0,0,193,0,Intrusion/Attack,SYN Flood
55,udp,dns,SF,80,3559,0,33,0,Normal,Normal
1,tcp,ssh,S0,32,0,0,294,0,Intrusion/Attack,SYN Flood
0,tcp,http,SH,60,20,0,101,0,Intrusion/Attack,Port Scan
8,icmp,other,SF,602,134,0,17,0,Normal,Normal
20,tcp,smtp,REJ,1062,4475,0,1,1,Normal,Normal
12,udp,dns,SF,832,5623,0,12,0,Normal,Normal
18,tcp,http,SF,1322,114,0,13,1,Normal,Normal
0,tcp,ssh,S0,0,48,0,343,0,Intrusion/Attack,SYN Flood
11,tcp,smtp,SF,1205,642,0,3,1,Normal,Normal
15,tcp,ftp,RSTO,628,64,3,31,0,Intrusion/Attack,Brute Force
4,tcp,http,RSTO,754,4707,0,34,1,Normal,Normal
31,udp,dns,SF,1700,59,1,20,0,Normal,Normal
8,tcp,http,SF,1014,2311,0,3,1,Normal,Normal
18,tcp,other,SF,100,957,0,4,0,Normal,Normal
4,tcp,http,SF,78,131,0,21,1,Normal,Normal
1,tcp,http,S0,64,0,0,286,0,Intrusion/Attack,SYN Flood
45,udp,dns,SF,129,3090,0,19,0,Normal,Normal
4,tcp,ftp,SF,80,38,0,6,1,Normal,Normal
3,tcp,smtp,SF,30,662,1,26,1,Normal,Normal
6,tcp,ssh,SF,706,77,4,29,0,Intrusion/Attack,Brute Force
1,tcp,http,S0,64,0,0,477,0,Intrusion/Attack,SYN Flood
4,tcp,http,SF,434,206,0,6,1,Normal,Normal
1,tcp,dns,SF,0,0,0,141,0,Intrusion/Attack,Port Scan
34,tcp,other,SF,1093,905,1,6,0,Normal,Normal
2,tcp,ftp,S0,120,0,0,173,0,Intrusion/Attack,Port Scan
9,tcp,other,SF,728,1871,0,23,0,Normal,Normal
7,tcp,ftp,SF,692,248,2,37,0,Intrusion/Attack,Brute Force
2,tcp,ssh,RSTO,206,44,0,3,1,Normal,Normal
3,tcp,ssh,SF,1102,2218,0,10,1,Normal,Normal
2,icmp,ftp,RSTR,120,0,0,107,0,Intrusion/Attack,Port Scan
3,udp,dns,SF,43,198,0,10,0,Normal,Normal
3,udp,dns,SF,743,6660,0,5,0,Normal,Normal
3,udp,dns,SF,264,87,0,31,0,Normal,Normal
8,udp,dns,SF,542,1091,0,1,0,Normal,Normal
1,tcp,http,SF,1051,5816,0,5,0,Normal,Normal
10,tcp,http,SF,43,1597,0,20,1,Normal,Normal
15,tcp,http,SF,446,329,0,3,1,Normal,Normal
8,udp,dns,SF,450,2869,0,32,0,Normal,Normal
1,tcp,http,REJ,128,48,0,257,0,Intrusion/Attack,SYN Flood
1,tcp,http,S0,40,0,0,387,0,Intrusion/Attack,SYN Flood
1,tcp,http,SF,735,1986,0,16,1,Normal,Normal
1,tcp,smtp,S0,128,48,0,312,0,Intrusion/Attack,SYN Flood
0,udp,dns,SF,420,754,0,51,0,Normal,Normal
0,udp,dns,REJ,44,20,0,59,0,Intrusion/Attack,Port Scan
9,udp,dns,SF,969,987,0,1,0,Normal,Normal
10,tcp,http,SF,452,123,0,13,1,Normal,Normal
1,tcp,telnet,S0,44,20,0,160,0,Intrusion/Attack,Port Scan
30,udp,dns,SF,157,210,0,12,0,Normal,Normal
23,tcp,http,SF,1062,5349,0,12,1,Normal,Normal
6,tcp,http,SF,195,1146,0,5,1,Normal,Normal
4,tcp,other,SF,34,6771,0,18,0,Normal,Normal
6,udp,other,SF,30,6325,0,55,0,Normal,Normal
5,tcp,ftp,SF,706,12730,0,37,1,Normal,Normal
30,tcp,http,SF,384,1008,0,10,0,Normal,Normal
8,icmp,other,SF,195,408,0,7,0,Normal,Normal
69,udp,other,SF,1071,500,0,7,0,Normal,Normal
7,tcp,smtp,SF,297,1791,0,8,1,Normal,Normal
14,tcp,http,SF,63,2329,0,1,1,Normal,Normal
1,tcp,ftp,SF,239,6250,0,55,1,Normal,Normal
13,tcp,http,SF,134,3657,0,14,1,Normal,Normal
34,tcp,ssh,REJ,371,337,3,26,0,Intrusion/Attack,Brute Force
7,tcp,http,SF,72,59,0,40,0,Normal,Normal
2,tcp,telnet,SF,120,0,0,194,0,Intrusion/Attack,Port Scan
28,tcp,ftp,SF,176,388,5,16,0,Intrusion/Attack,Brute Force
3,udp,dns,SF,1216,5605,0,1,0,Normal,Normal
15,tcp,ftp,SF,274,65,2,26,0,Intrusion/Attack,Brute Force
0,udp,telnet,REJ,44,0,0,224,0,Intrusion/Attack,Port Scan
13,tcp,smtp,SF,115,598,0,10,1,Normal,Normal
43,tcp,http,SF,244,1402,0,30,0,Normal,Normal
27,tcp,http,SF,891,788,0,7,1,Normal,Normal
0,tcp,other,S0,40,0,0,282,0,Intrusion/Attack,SYN Flood
2,tcp,smtp,REJ,20,0,0,45,0,Intrusion/Attack,Port Scan
42,udp,dns,SF,1030,479,0,8,0,Normal,Normal
3,tcp,other,SF,30,2502,0,5,0,Normal,Normal
12,tcp,http,SF,787,4618,0,11,1,Normal,Normal
3,udp,dns,SF,478,6104,0,4,0,Normal,Normal
1,tcp,http,S0,64,0,0,329,0,Intrusion/Attack,SYN Flood
5,udp,dns,SF,1809,191,1,5,0,Normal,Normal
0,tcp,telnet,SH,20,20,0,122,0,Intrusion/Attack,Port Scan
0,tcp,http,SF,39,1359,0,36,1,Normal,Normal
0,tcp,http,S0,64,48,0,256,0,Intrusion/Attack,SYN Flood
7,tcp,ssh,SF,556,250,4,34,0,Intrusion/Attack,Brute Force
2,tcp,ftp,S0,0,20,0,216,0,Intrusion/Attack,Port Scan
0,tcp,http,SF,578,1914,0,46,1,Normal,Normal
12,tcp,http,SF,934,5024,0,28,0,Normal,Normal
11,udp,dns,SF,776,997,0,12,0,Normal,Normal
11,tcp,smtp,SF,126,385,0,8,1,Normal,Normal
9,tcp,smtp,SF,1069,1462,0,72,1,Normal,Normal
20,tcp,http,SF,75,1245,0,11,0,Normal,Normal
23,tcp,ftp,SF,1298,1465,0,8,1,Normal,Normal
5,tcp,http,RSTO,652,659,0,3,1,Normal,Normal
18,udp,dns,SF,128,40,0,8,0,Normal,Normal
21,tcp,http,SF,251,260,0,2,1,Normal,Normal
2,tcp,http,SF,885,2162,0,36,1,Normal,Normal
35,tcp,telnet,SF,441,213,2,38,0,Intrusion/Attack,Brute Force
1,tcp,smtp,S0,40,0,0,336,0,Intrusion/Attack,SYN Flood
66,tcp,ftp,SF,406,144,0,10,1,Normal,Normal
12,tcp,http,SF,277,2084,0,10,1,Normal,Normal
1,tcp,ssh,REJ,32,0,0,295,0,Intrusion/Attack,SYN Flood
1,udp,dns,SF,115,2170,0,56,0,Normal,Normal
22,udp,dns,SF,200,11133,0,15,0,Normal,Normal
6,udp,dns,SF,129,786,0,14,0,Normal,Normal
8,udp,dns,SF,342,1126,0,29,0,Normal,Normal
1,tcp,http,SF,528,4476,0,4,1,Normal,Normal
14,tcp,http,SF,1799,1750,0,4,1,Normal,Normal
0,tcp,http,SF,622,502,0,17,0,Normal,Normal
41,udp,dns,SF,1306,186,0,15,0,Normal,Normal
8,udp,dns,SF,1107,120,0,1,0,Normal,Normal
46,tcp,http,SF,282,105,0,8,1,Normal,Normal
1,tcp,smtp,SF,154,453,0,18,1,Normal,Normal
2,tcp,http,SF,1893,4552,0,10,1,Normal,Normal
0,tcp,http,RSTO,40,0,0,184,0,Intrusion/Attack,SYN Flood
1,tcp,http,REJ,594,2345,0,5,1,Normal,Normal
0,tcp,http,S0,40,0,0,334,0,Intrusion/Attack,SYN Flood
19,tcp,http,SF,520,1557,0,26,1,Normal,Normal
21,tcp,ssh,SF,61,1735,0,8,1,Normal,Normal
8,tcp,http,SF,1497,199,0,29,1,Normal,Normal
7,udp,dns,SF,230,2478,0,11,0,Normal,Normal
1,tcp,http,S0,0,48,0,305,0,Intrusion/Attack,SYN Flood
2,tcp,telnet,REJ,60,20,0,224,0,Intrusion/Attack,Port Scan
11,tcp,http,SF,551,4601,0,3,1,Normal,Normal
4,tcp,http,SF,123,358,0,11,1,Normal,Normal
0,tcp,http,S0,64,0,0,371,0,Intrusion/Attack,SYN Flood
0,tcp,smtp,S0,40,0,0,266,0,Intrusion/Attack,SYN Flood
0,tcp,http,S0,40,0,0,248,0,Intrusion/Attack,SYN Flood
19,tcp,ssh,SF,465,2225,0,29,1,Normal,Normal
25,tcp,smtp,SF,993,2751,0,66,1,Normal,Normal
1,tcp,ssh,REJ,0,0,0,182,0,Intrusion/Attack,Port Scan
0,tcp,dns,REJ,120,0,0,180,0,Intrusion/Attack,Port Scan
1,tcp,http,S0,128,48,0,244,0,Intrusion/Attack,SYN Flood
2,tcp,smtp,REJ,120,0,0,179,0,Intrusion/Attack,Port Scan
0,tcp,http,RSTO,32,48,0,455,0,Intrusion/Attack,SYN Flood
13,tcp,http,SF,280,580,0,34,1,Normal,Normal
1,tcp,ssh,S0,32,0,0,324,0,Intrusion/Attack,SYN Flood
22,tcp,smtp,SF,30,3022,0,21,1,Normal,Normal
2,icmp,ssh,REJ,60,20,0,202,0,Intrusion/Attack,Port Scan
10,tcp,http,RSTO,625,2909,0,1,1,Normal,Normal
0,tcp,http,RSTO,40,0,0,240,0,Intrusion/Attack,SYN Flood
0,tcp,ssh,S0,32,48,0,352,0,Intrusion/Attack,SYN Flood
0,tcp,smtp,S0,128,0,0,296,0,Intrusion/Attack,SYN Flood
35,tcp,ssh,SF,371,111,3,33,0,Intrusion/Attack,Brute Force
0,tcp,http,S0,128,0,0,312,0,Intrusion/Attack,SYN Flood
0,tcp,http,SF,1048,850,0,25,0,Normal,Normal
1,tcp,ftp,RSTR,20,20,0,113,0,Intrusion/Attack,Port Scan
13,icmp,other,SF,806,1793,0,23,0,Normal,Normal
0,tcp,http,S0,40,0,0,371,0,Intrusion/Attack,SYN Flood
4,tcp,http,SF,183,3253,0,24,0,Normal,Normal
59,tcp,ftp,SF,144,161,0,33,1,Normal,Normal
39,tcp,ssh,RSTO,222,291,3,33,0,Intrusion/Attack,Brute Force
1,tcp,http,S0,128,0,0,235,0,Intrusion/Attack,SYN Flood
12,tcp,ssh,SF,933,3000,0,14,1,Normal,Normal
1,icmp,other,S0,44,20,0,175,0,Intrusion/Attack,Port Scan
0,tcp,http,SF,1413,760,0,31,1,Normal,Normal
16,udp,dns,SF,543,1531,0,22,0,Normal,Normal
0,udp,ssh,REJ,60,20,0,208,0,Intrusion/Attack,Port Scan
38,tcp,smtp,SF,44,6697,0,24,0,Normal,Normal
0,tcp,http,SF,1497,4210,0,9,1,Normal,Normal
20,tcp,ftp,RSTO,678,271,5,24,0,Intrusion/Attack,Brute Force
22,tcp,http,SF,810,2418,0,39,1,Normal,Normal
2,udp,dns,SF,815,833,0,20,0,Normal,Normal
0,tcp,http,S0,40,0,0,323,0,Intrusion/Attack,SYN Flood
54,tcp,http,SF,310,159,1,16,1,Normal,Normal
0,udp,dns,S0,0,0,0,117,0,Intrusion/Attack,Port Scan
3,tcp,smtp,SF,30,4323,1,3,1,Normal,Normal
20,tcp,ssh,SF,647,208,4,23,0,Intrusion/Attack,Brute Force
6,udp,dns,SF,302,3090,0,14,0,Normal,Normal
1,udp,ftp,REJ,0,0,0,188,0,Intrusion/Attack,Port Scan
5,tcp,http,SF,849,4985,0,27,1,Normal,Normal
2,tcp,ftp,S0,120,0,0,69,0,Intrusion/Attack,Port Scan
22,tcp,ssh,REJ,365,178,4,31,0,Intrusion/Attack,Brute Force
7,tcp,smtp,SF,138,151,0,73,1,Normal,Normal
4,tcp,ssh,SF,657,189,2,19,0,Intrusion/Attack,Brute Force
4,udp,dns,SF,1643,3929,0,24,0,Normal,Normal
0,tcp,ssh,REJ,60,0,0,154,0,Intrusion/Attack,Port Scan
0,tcp,http,S0,64,0,0,367,0,Intrusion/Attack,SYN Flood
19,udp,dns,SF,1285,768,0,4,0,Normal,Normal
11,tcp,smtp,SF,111,2856,0,7,1,Normal,Normal
4,tcp,ssh,SF,985,771,0,9,1,Normal,Normal
57,tcp,http,SF,1125,1373,0,6,1,Normal,Normal
47,icmp,other,SF,40,1405,0,11,0,Normal,Normal
27,tcp,ftp,SF,880,6411,0,3,1,Normal,Normal
0,tcp,smtp,S0,0,48,0,378,0,Intrusion/Attack,SYN Flood
20,udp,dns,SF,147,7612,0,7,0,Normal,Normal
5,tcp,http,SF,409,2747,0,28,1,Normal,Normal
1,tcp,dns,REJ,20,20,0,176,0,Intrusion/Attack,Port Scan
1,udp,dns,SF,73,1640,0,6,0,Normal,Normal
0,tcp,dns,SH,120,0,0,131,0,Intrusion/Attack,Port Scan
32,tcp,ssh,REJ,123,236,2,25,0,Intrusion/Attack,Brute Force
0,tcp,smtp,S0,32,0,0,267,0,Intrusion/Attack,SYN Flood
2,tcp,other,S0,60,20,0,45,0,Intrusion/Attack,Port Scan
8,tcp,ftp,SF,286,3199,0,23,1,Normal,Normal
16,tcp,http,SF,697,2929,1,8,1,Normal,Normal
20,tcp,ssh,SF,190,5004,0,4,1,Normal,Normal
28,tcp,ssh,REJ,176,288,4,26,0,Intrusion/Attack,Brute Force
55,tcp,http,SF,2205,1027,1,10,1,Normal,Normal
4,tcp,http,SF,63,1972,0,55,1,Normal,Normal
32,tcp,http,SF,163,10770,0,15,1,Normal,Normal
26,tcp,http,SF,377,864,0,4,1,Normal,Normal
1,tcp,smtp,SF,416,1500,0,11,1,Normal,Normal
3,tcp,smtp,SF,2034,1134,0,2,1,Normal,Normal
1,tcp,http,RSTO,128,0,0,215,0,Intrusion/Attack,SYN Flood
0,tcp,http,REJ,20,0,0,201,0,Intrusion/Attack,Port Scan
14,tcp,ssh,SF,1192,385,0,18,1,Normal,Normal
7,udp,dns,SF,456,1498,0,12,0,Normal,Normal
1,tcp,http,S0,0,0,0,223,0,Intrusion/Attack,SYN Flood
10,tcp,http,SF,222,3528,0,24,1,Normal,Normal
64,udp,dns,SF,946,6832,0,24,0,Normal,Normal
29,tcp,ftp,SF,333,146,5,29,0,Intrusion/Attack,Brute Force
5,tcp,http,SF,547,9796,0,69,1,Normal,Normal
6,tcp,http,SF,167,3301,0,5,1,Normal,Normal
3,tcp,http,REJ,702,667,0,1,1,Normal,Normal
10,tcp,ssh,SF,1576,946,0,20,1,Normal,Normal
6,tcp,ssh,SF,916,623,0,20,1,Normal,Normal
10,tcp,ftp,SF,518,392,2,29,0,Intrusion/Attack,Brute Force
25,tcp,http,RSTO,82,2660,0,38,0,Normal,Normal
0,tcp,http,SF,1425,6417,0,30,1,Normal,Normal
48,tcp,http,SF,156,14307,0,24,1,Normal,Normal
4,udp,dns,SF,446,67,0,12,0,Normal,Normal
16,tcp,http,SF,111,886,0,17,1,Normal,Normal
30,tcp,ssh,SF,263,395,2,28,0,Intrusion/Attack,Brute Force
1,tcp,http,SF,883,3895,0,3,1,Normal,Normal
11,tcp,ssh,REJ,515,111,3,31,0,Intrusion/Attack,Brute Force
1,icmp,ssh,REJ,44,20,0,72,0,Intrusion/Attack,Port Scan
7,tcp,http,SF,111,2852,0,18,0,Normal,Normal
0,tcp,http,S0,32,0,0,247,0,Intrusion/Attack,SYN Flood
14,tcp,http,SF,1160,1634,0,1,1,Normal,Normal
21,tcp,http,SF,733,859,0,23,1,Normal,Normal
5,tcp,smtp,SF,786,110,0,7,1,Normal,Normal
0,tcp,http,S0,0,0,0,286,0,Intrusion/Attack,SYN Flood
11,tcp,http,SF,1390,8609,0,9,1,Normal,Normal
31,tcp,http,SF,1041,482,0,1,1,Normal,Normal
32,tcp,telnet,SF,784,268,2,26,0,Intrusion/Attack,Brute Force
0,tcp,smtp,S0,128,0,0,224,0,Intrusion/Attack,SYN Flood
13,tcp,other,SF,215,285,0,7,0,Normal,Normal
1,tcp,other,S0,40,0,0,370,0,Intrusion/Attack,SYN Flood
1,tcp,telnet,REJ,60,20,0,97,0,Intrusion/Attack,Port Scan
0,tcp,ftp,SF,945,2906,0,19,1,Normal,Normal
2,udp,other,SF,435,719,0,21,0,Normal,Normal
2,tcp,ftp,SF,1112,774,0,4,1,Normal,Normal
7,tcp,http,SF,434,2534,0,15,0,Normal,Normal
13,udp,dns,SF,121,895,0,24,0,Normal,Normal
32,tcp,ssh,SF,766,326,5,36,0,Intrusion/Attack,Brute Force
1,tcp,other,S0,0,0,0,272,0,Intrusion/Attack,SYN Flood
16,tcp,smtp,SF,2038,539,0,7,1,Normal,Normal
0,tcp,http,S0,128,0,0,287,0,Intrusion/Attack,SYN Flood
9,icmp,other,SF,432,2002,0,26,0,Normal,Normal
8,udp,dns,SF,819,5951,0,20,0,Normal,Normal
25,tcp,http,SF,30,354,0,17,0,Normal,Normal
0,tcp,http,SF,58,559,0,4,1,Normal,Normal
3,tcp,ssh,SF,459,153,2,26,0,Intrusion/Attack,Brute Force
28,tcp,ssh,SF,176,158,6,22,0,Intrusion/Attack,Brute Force
8,tcp,ftp,RSTO,387,180,6,28,0,Intrusion/Attack,Brute Force
0,tcp,http,S0,40,0,0,410,0,Intrusion/Attack,SYN Flood
9,tcp,ssh,SF,826,303,2,28,0,Intrusion/Attack,Brute Force
4,tcp,http,SF,320,1104,0,2,1,Normal,Normal
15,udp,dns,SF,162,2712,0,11,0,Normal,Normal
40,tcp,smtp,SF,737,4205,0,13,1,Normal,Normal
27,tcp,http,SF,717,413,0,39,1,Normal,Normal
20,tcp,smtp,SF,1161,662,1,1,1,Normal,Normal
4,udp,other,SF,881,134,0,7,0,Normal,Normal
5,tcp,http,SF,2219,817,0,13,1,Normal,Normal
14,tcp,ftp,SF,481,373,3,27,0,Intrusion/Attack,Brute Force
12,udp,dns,SF,169,37,0,5,0,Normal,Normal
7,tcp,http,SF,143,7825,0,22,1,Normal,Normal
7,tcp,http,SF,663,1339,0,12,1,Normal,Normal
19,tcp,ftp,SF,196,2097,0,6,1,Normal,Normal
0,tcp,http,S0,32,0,0,330,0,Intrusion/Attack,SYN Flood
36,tcp,other,SF,2233,4508,0,4,0,Normal,Normal
3,udp,dns,SF,1517,1621,0,3,0,Normal,Normal
0,tcp,http,SF,1632,2254,0,8,1,Normal,Normal
0,tcp,smtp,S0,32,0,0,374,0,Intrusion/Attack,SYN Flood
17,tcp,http,SF,279,1721,0,1,1,Normal,Normal
2,tcp,dns,REJ,44,0,0,208,0,Intrusion/Attack,Port Scan
1,tcp,dns,S0,120,0,0,112,0,Intrusion/Attack,Port Scan
38,tcp,http,SF,568,2156,0,1,1,Normal,Normal
51,tcp,http,SF,113,3715,1,1,1,Normal,Normal
16,tcp,telnet,SF,306,223,6,29,0,Intrusion/Attack,Brute Force
1,tcp,smtp,REJ,44,20,0,218,0,Intrusion/Attack,Port Scan
8,udp,other,SF,82,1723,0,8,0,Normal,Normal
0,tcp,http,SF,323,2866,0,17,0,Normal,Normal
0,tcp,ssh,SH,120,0,0,201,0,Intrusion/Attack,Port Scan
5,tcp,smtp,SF,435,3531,0,10,0,Normal,Normal
17,tcp,http,SF,839,8047,0,1,0,Normal,Normal
25,tcp,telnet,SF,320,353,2,24,0,Intrusion/Attack,Brute Force
18,tcp,http,SF,440,5913,0,10,1,Normal,Normal
5,tcp,ssh,SF,1330,44,0,21,0,Normal,Normal
12,tcp,http,SF,82,89,0,29,0,Normal,Normal
0,icmp,other,SF,401,1170,0,7,0,Normal,Normal
14,tcp,http,SF,524,2555,0,31,0,Normal,Normal
5,tcp,http,SF,66,467,1,10,0,Normal,Normal
25,tcp,http,SF,1112,3842,0,26,1,Normal,Normal
0,tcp,ssh,S0,128,0,0,210,0,Intrusion/Attack,SYN Flood
11,tcp,ftp,SF,344,95,5,21,0,Intrusion/Attack,Brute Force
7,tcp,smtp,SF,151,3057,0,3,1,Normal,Normal
10,udp,dns,SF,1095,6603,0,49,0,Normal,Normal
16,tcp,http,REJ,333,5752,0,24,1,Normal,Normal
5,tcp,http,SF,1075,3867,0,15,1,Normal,Normal
9,tcp,http,SF,1105,1701,0,43,1,Normal,Normal
13,udp,dns,SF,1365,199,0,28,0,Normal,Normal
51,tcp,ftp,SF,321,2733,0,5,1,Normal,Normal
13,tcp,ssh,SF,261,1298,0,2,0,Normal,Normal
9,tcp,telnet,SF,847,125,4,27,0,Intrusion/Attack,Brute Force
39,tcp,telnet,SF,643,80,3,31,0,Intrusion/Attack,Brute Force
0,tcp,smtp,SF,144,1225,0,4,1,Normal,Normal
21,icmp,other,SF,38,1706,0,20,0,Normal,Normal
6,tcp,ssh,SF,2560,852,0,12,1,Normal,Normal
0,tcp,http,S0,0,0,0,211,0,Intrusion/Attack,SYN Flood
2,tcp,http,SF,541,3544,0,1,1,Normal,Normal
7,tcp,ssh,SF,526,250,4,30,0,Intrusion/Attack,Brute Force
11,tcp,smtp,SF,426,6203,0,2,1,Normal,Normal
34,udp,dns,SF,156,2647,0,22,0,Normal,Normal
41,tcp,http,SF,30,5199,0,49,1,Normal,Normal
10,tcp,http,SF,262,777,0,3,1,Normal,Normal
1,tcp,http,S0,64,48,0,303,0,Intrusion/Attack,SYN Flood
15,udp,other,SF,732,2354,0,3,0,Normal,Normal
26,tcp,smtp,SF,751,1832,0,22,1,Normal,Normal
2,tcp,http,SF,338,1371,1,31,1,Normal,Normal
2,udp,dns,SF,401,880,0,7,0,Normal,Normal
13,tcp,ftp,SF,830,6803,0,12,1,Normal,Normal
2,tcp,http,SF,1435,1018,0,1,1,Normal,Normal
3,tcp,http,SF,214,3904,0,9,1,Normal,Normal
9,tcp,ftp,REJ,606,381,6,30,0,Intrusion/Attack,Brute Force
0,tcp,http,S0,32,48,0,246,0,Intrusion/Attack,SYN Flood
1,tcp,ftp,RSTR,0,20,0,198,0,Intrusion/Attack,Port Scan
9,udp,dns,SF,1142,1440,0,68,0,Normal,Normal
0,tcp,ssh,S0,64,0,0,297,0,Intrusion/Attack,SYN Flood
28,tcp,ssh,SF,206,371,3,30,0,Intrusion/Attack,Brute Force
21,tcp,http,SF,390,7637,0,19,1,Normal,Normal
4,tcp,http,SF,126,222,0,10,1,Normal,Normal
0,tcp,http,SF,76,497,0,31,0,Normal,Normal
1,udp,other,SF,1791,4190,0,4,0,Normal,Normal
3,tcp,http,SF,507,8677,0,11,1,Normal,Normal
35,tcp,ssh,SF,876,1878,0,7,1,Normal,Normal
19,tcp,ssh,SF,116,2002,0,4,1,Normal,Normal
30,tcp,ssh,SF,322,197,3,29,0,Intrusion/Attack,Brute Force
6,tcp,http,SF,194,603,0,95,1,Normal,Normal
24,tcp,http,REJ,1008,846,0,3,0,Normal,Normal
1,tcp,ssh,RSTR,60,20,0,230,0,Intrusion/Attack,Port Scan
8,tcp,http,SF,81,1294,0,16,0,Normal,Normal
2,icmp,telnet,REJ,120,0,0,143,0,Intrusion/Attack,Port Scan
0,icmp,ssh,S0,60,20,0,296,0,Intrusion/Attack,Port Scan
5,udp,dns,SF,1807,4192,0,2,0,Normal,Normal
9,tcp,http,SF,452,683,0,20,1,Normal,Normal
0,icmp,ftp,S0,60,0,0,251,0,Intrusion/Attack,Port Scan
0,tcp,smtp,S0,32,0,0,233,0,Intrusion/Attack,SYN Flood
0,tcp,http,RSTO,0,0,0,389,0,Intrusion/Attack,SYN Flood
1,udp,telnet,REJ,0,20,0,196,0,Intrusion/Attack,Port Scan
1,tcp,http,SF,516,2911,0,16,1,Normal,Normal
0,tcp,smtp,S0,32,48,0,228,0,Intrusion/Attack,SYN Flood
11,tcp,ssh,REJ,356,449,6,35,0,Intrusion/Attack,Brute Force
25,tcp,smtp,SF,737,5277,0,36,1,Normal,Normal
12,udp,dns,SF,250,529,0,6,0,Normal,Normal
26,tcp,ssh,SF,678,69,4,30,0,Intrusion/Attack,Brute Force
10,udp,dns,SF,148,2146,0,7,0,Normal,Normal
15,tcp,ftp,REJ,800,292,3,36,0,Intrusion/Attack,Brute Force
12,tcp,ssh,SF,1393,1800,0,14,1,Normal,Normal
0,tcp,ftp,SF,46,17,0,9,1,Normal,Normal
40,tcp,http,SF,1270,1344,0,23,1,Normal,Normal
0,tcp,ssh,S0,32,0,0,225,0,Intrusion/Attack,SYN Flood
39,tcp,ssh,RSTO,554,425,6,27,0,Intrusion/Attack,Brute Force
18,tcp,other,SF,796,2339,1,6,0,Normal,Normal
34,tcp,http,SF,145,3422,0,5,1,Normal,Normal
1,tcp,smtp,SF,1462,2713,0,1,1,Normal,Normal
0,tcp,http,SF,1364,845,2,50,1,Normal,Normal
0,udp,ssh,S0,44,0,0,132,0,Intrusion/Attack,Port Scan
29,udp,dns,SF,259,1101,0,7,0,Normal,Normal
49,tcp,http,SF,282,3235,0,12,1,Normal,Normal
14,tcp,http,SF,100,1773,0,7,0,Normal,Normal
0,tcp,http,SF,475,4098,0,7,1,Normal,Normal
10,tcp,http,SF,95,541,0,9,1,Normal,Normal
1,tcp,http,SF,1866,1090,0,25,1,Normal,Normal
9,tcp,http,REJ,723,424,0,22,1,Normal,Normal
36,tcp,http,SF,96,1678,0,52,1,Normal,Normal
0,udp,smtp,REJ,60,0,0,81,0,Intrusion/Attack,Port Scan
8,tcp,smtp,SF,420,4064,0,3,0,Normal,Normal
2,tcp,http,SF,724,8,0,7,1,Normal,Normal
0,tcp,dns,REJ,20,0,0,158,0,Intrusion/Attack,Port Scan
0,tcp,http,S0,128,0,0,321,0,Intrusion/Attack,SYN Flood
2,tcp,http,SF,150,2332,0,5,1,Normal,Normal
2,tcp,http,SF,1218,339,0,9,1,Normal,Normal
1,tcp,http,S0,40,0,0,294,0,Intrusion/Attack,SYN Flood
2,icmp,other,SF,166,571,0,4,0,Normal,Normal
0,udp,ssh,REJ,60,20,0,204,0,Intrusion/Attack,Port Scan
9,icmp,other,SF,1065,1917,0,17,0,Normal,Normal
6,udp,dns,SF,266,1657,0,24,0,Normal,Normal
0,tcp,smtp,S0,32,48,0,346,0,Intrusion/Attack,SYN Flood
11,udp,dns,SF,421,1424,0,12,0,Normal,Normal
42,udp,dns,SF,398,11783,0,23,0,Normal,Normal
2,udp,dns,SF,1175,403,0,5,0,Normal,Normal
0,tcp,smtp,SF,1288,411,0,15,1,Normal,Normal
1,udp,dns,SF,1245,1694,0,4,0,Normal,Normal
4,udp,other,SF,1583,3205,0,16,0,Normal,Normal
2,udp,dns,SF,2515,2688,0,7,0,Normal,Normal
1,tcp,other,SF,1145,696,0,51,0,Normal,Normal
12,tcp,ssh,SF,405,303,1,4,0,Normal,Normal
50,tcp,http,SF,594,2423,0,24,1,Normal,Normal
0,tcp,smtp,S0,64,0,0,329,0,Intrusion/Attack,SYN Flood
28,icmp,other,SF,226,1167,0,7,0,Normal,Normal
2,tcp,http,SF,712,1785,0,7,1,Normal,Normal
32,tcp,ftp,SF,661,409,3,22,0,Intrusion/Attack,Brute Force
12,tcp,smtp,SF,649,1387,0,2,1,Normal,Normal
29,tcp,other,SF,684,4655,0,7,0,Normal,Normal
2,icmp,other,SF,348,214,2,12,0,Normal,Normal
1,tcp,http,S0,40,0,0,381,0,Intrusion/Attack,SYN Flood
23,udp,dns,SF,196,312,0,47,0,Normal,Normal
36,tcp,http,SF,319,1734,0,43,1,Normal,Normal
1,tcp,http,S0,40,0,0,362,0,Intrusion/Attack,SYN Flood
11,tcp,smtp,SF,113,18,0,3,0,Normal,Normal
1,tcp,http,SF,390,512,0,54,1,Normal,Normal
20,tcp,http,SF,243,840,0,4,1,Normal,Normal
0,tcp,http,S0,0,0,0,453,0,Intrusion/Attack,SYN Flood
14,tcp,http,SF,1320,2602,0,28,1,Normal,Normal
7,tcp,http,SF,891,1242,0,24,1,Normal,Normal
4,icmp,other,SF,716,466,0,38,0,Normal,Normal
15,tcp,ftp,RSTO,213,126,3,23,0,Intrusion/Attack,Brute Force
0,tcp,ssh,SF,203,1872,0,5,1,Normal,Normal
6,tcp,ftp,REJ,557,172,4,28,0,Intrusion/Attack,Brute Force
0,tcp,telnet,REJ,120,0,0,182,0,Intrusion/Attack,Port Scan
13,tcp,telnet,REJ,216,424,5,30,0,Intrusion/Attack,Brute Force
0,tcp,http,S0,32,0,0,178,0,Intrusion/Attack,SYN Flood
11,icmp,other,SF,804,138,0,24,0,Normal,Normal
6,tcp,ftp,SF,1075,752,0,1,1,Normal,Normal
6,udp,dns,SF,235,2474,0,26,0,Normal,Normal
0,udp,http,SH,0,0,0,76,0,Intrusion/Attack,Port Scan
0,tcp,http,S0,32,48,0,230,0,Intrusion/Attack,SYN Flood
14,tcp,ssh,SF,1885,205,0,30,1,Normal,Normal
0,tcp,http,S0,40,0,0,210,0,Intrusion/Attack,SYN Flood
24,tcp,smtp,SF,370,1001,0,20,0,Normal,Normal
0,udp,other,RSTR,0,0,0,142,0,Intrusion/Attack,Port Scan
24,tcp,ssh,RSTO,804,445,5,19,0,Intrusion/Attack,Brute Force
1,tcp,ssh,REJ,44,0,0,215,0,Intrusion/Attack,Port Scan
17,udp,other,SF,67,559,0,12,0,Normal,Normal
1,udp,dns,SF,578,1822,0,37,0,Normal,Normal
18,tcp,http,SF,253,920,0,16,1,Normal,Normal
1,udp,dns,SF,3331,4896,0,18,0,Normal,Normal
13,tcp,http,RSTO,744,6535,0,17,0,Normal,Normal
1,tcp,other,SF,486,141,0,4,0,Normal,Normal
1,tcp,ssh,RSTO,32,48,0,310,0,Intrusion/Attack,SYN Flood
0,tcp,smtp,SF,265,4501,0,17,1,Normal,Normal
0,tcp,ftp,S0,44,0,0,280,0,Intrusion/Attack,Port Scan
1,tcp,ssh,S0,32,0,0,197,0,Intrusion/Attack,SYN Flood
0,tcp,dns,S0,120,0,0,127,0,Intrusion/Attack,Port Scan
0,tcp,ssh,REJ,20,0,0,85,0,Intrusion/Attack,Port Scan
2,icmp,smtp,REJ,120,0,0,130,0,Intrusion/Attack,Port Scan
0,tcp,http,S0,64,0,0,366,0,Intrusion/Attack,SYN Flood
24,tcp,ssh,SF,739,334,5,19,0,Intrusion/Attack,Brute Force
12,tcp,http,REJ,1351,10904,0,16,1,Normal,Normal
11,tcp,smtp,SF,465,741,0,10,1,Normal,Normal
26,tcp,http,SF,260,2155,0,11,1,Normal,Normal
2,tcp,telnet,REJ,60,0,0,231,0,Intrusion/Attack,Port Scan
3,udp,dns,SF,410,4750,0,19,0,Normal,Normal
2,tcp,http,SF,30,2032,0,19,1,Normal,Normal
0,tcp,other,REJ,120,0,0,190,0,Intrusion/Attack,Port Scan
4,tcp,http,SF,30,1568,0,37,1,Normal,Normal
4,tcp,http,REJ,622,6160,0,12,1,Normal,Normal
2,tcp,ftp,SF,1502,2209,0,17,1,Normal,Normal
23,tcp,ssh,SF,276,3573,0,7,1,Normal,Normal
1,tcp,ftp,REJ,20,0,0,215,0,Intrusion/Attack,Port Scan
0,tcp,http,SF,575,1019,0,3,1,Normal,Normal
16,tcp,http,SF,413,532,0,2,1,Normal,Normal
2,tcp,ftp,REJ,60,0,0,187,0,Intrusion/Attack,Port Scan
8,udp,dns,SF,406,9118,0,9,0,Normal,Normal
8,tcp,ssh,SF,176,122,0,2,0,Normal,Normal
3,tcp,http,SF,89,848,0,11,1,Normal,Normal
0,tcp,dns,RSTR,20,0,0,91,0,Intrusion/Attack,Port Scan
15,tcp,ftp,SF,637,2180,0,17,1,Normal,Normal
38,tcp,ftp,SF,30,2090,0,4,1,Normal,Normal
0,tcp,http,S0,128,0,0,371,0,Intrusion/Attack,SYN Flood
6,tcp,ftp,RSTO,476,435,5,32,0,Intrusion/Attack,Brute Force
2,tcp,http,REJ,0,20,0,144,0,Intrusion/Attack,Port Scan
37,tcp,smtp,SF,2553,1353,0,10,0,Normal,Normal
0,udp,dns,RSTR,20,0,0,140,0,Intrusion/Attack,Port Scan
5,tcp,ssh,SF,820,211,0,21,1,Normal,Normal
7,icmp,other,SF,130,2282,0,2,0,Normal,Normal
9,tcp,http,SF,75,12141,0,25,1,Normal,Normal
4,udp,other,SF,1949,156,0,1,0,Normal,Normal
1,tcp,smtp,S0,40,0,0,326,0,Intrusion/Attack,SYN Flood
8,udp,dns,SF,933,7347,1,9,0,Normal,Normal
10,tcp,http,SF,1547,688,0,23,1,Normal,Normal
1,tcp,http,SF,409,176,0,5,1,Normal,Normal
0,tcp,http,S0,128,0,0,211,0,Intrusion/Attack,SYN Flood
1,tcp,ftp,SF,658,4316,0,9,1,Normal,Normal
1,tcp,smtp,RSTR,44,0,0,69,0,Intrusion/Attack,Port Scan
18,tcp,http,SF,302,232,0,9,1,Normal,Normal
7,tcp,http,SF,1214,115,0,4,1,Normal,Normal
0,tcp,http,S0,64,48,0,296,0,Intrusion/Attack,SYN Flood
13,tcp,http,SF,208,6673,0,57,1,Normal,Normal
0,tcp,other,S0,64,48,0,312,0,Intrusion/Attack,SYN Flood
16,tcp,ftp,SF,257,260,3,28,0,Intrusion/Attack,Brute Force
1,tcp,telnet,S0,44,20,0,275,0,Intrusion/Attack,Port Scan
2,udp,dns,SF,1525,1395,0,27,0,Normal,Normal
0,tcp,http,SF,282,1658,0,46,1,Normal,Normal
1,tcp,smtp,RSTO,32,0,0,321,0,Intrusion/Attack,SYN Flood
2,udp,dns,SF,100,3378,0,8,0,Normal,Normal
8,udp,dns,SF,843,2833,1,5,0,Normal,Normal
2,tcp,http,SF,142,7260,0,14,1,Normal,Normal
0,tcp,http,SF,1198,644,0,8,1,Normal,Normal
6,udp,dns,SF,251,2,0,16,0,Normal,Normal
36,tcp,http,SF,30,3661,0,11,1,Normal,Normal
0,tcp,http,S0,128,0,0,371,0,Intrusion/Attack,SYN Flood
2,tcp,ssh,SF,1101,6823,0,21,1,Normal,Normal
36,tcp,smtp,SF,366,5629,0,33,1,Normal,Normal
0,tcp,ftp,SF,149,1602,0,12,1,Normal,Normal
28,tcp,other,SF,122,758,0,6,0,Normal,Normal
11,tcp,http,SF,595,2006,0,6,1,Normal,Normal
0,tcp,ftp,RSTR,120,0,0,112,0,Intrusion/Attack,Port Scan
39,tcp,http,SF,489,3363,0,22,1,Normal,Normal
37,udp,other,SF,974,622,0,8,0,Normal,Normal
0,tcp,http,RSTO,32,0,0,283,0,Intrusion/Attack,SYN Flood
2,tcp,http,SF,1088,1872,0,24,1,Normal,Normal
2,tcp,http,SF,32,2844,0,30,1,Normal,Normal
0,tcp,http,SF,373,5863,0,6,1,Normal,Normal
20,tcp,http,SF,3686,3893,0,49,1,Normal,Normal
12,udp,dns,SF,557,1161,0,26,0,Normal,Normal
7,udp,dns,SF,234,1481,0,8,0,Normal,Normal
8,tcp,telnet,RSTO,550,413,3,40,0,Intrusion/Attack,Brute Force
8,tcp,ftp,SF,801,3159,0,8,1,Normal,Normal
1,tcp,http,S0,128,0,0,371,0,Intrusion/Attack,SYN Flood
37,udp,dns,SF,1466,5746,0,2,0,Normal,Normal
2,icmp,other,SF,772,1243,0,21,0,Normal,Normal
7,tcp,smtp,SF,242,2713,0,8,0,Normal,Normal
0,tcp,http,SF,831,515,0,13,0,Normal,Normal
2,tcp,ftp,RSTR,60,0,0,122,0,Intrusion/Attack,Port Scan
0,tcp,smtp,S0,128,48,0,185,0,Intrusion/Attack,SYN Flood
0,tcp,ssh,S0,64,0,0,217,0,Intrusion/Attack,SYN Flood
0,udp,other,SF,576,4823,0,26,0,Normal,Normal
0,tcp,http,SF,73,0,0,14,0,Normal,Normal
28,tcp,http,SF,394,3581,0,14,1,Normal,Normal
0,tcp,dns,S0,20,0,0,160,0,Intrusion/Attack,Port Scan
0,tcp,http,S0,128,0,0,283,0,Intrusion/Attack,SYN Flood
6,udp,dns,SF,1735,2073,0,18,0,Normal,Normal
17,udp,dns,SF,168,720,0,6,0,Normal,Normal
9,tcp,http,SF,306,1203,0,25,1,Normal,Normal
0,udp,http,REJ,60,20,0,177,0,Intrusion/Attack,Port Scan
9,tcp,ftp,SF,211,49,2,24,0,Intrusion/Attack,Brute Force
2,tcp,http,SF,642,2152,0,2,1,Normal,Normal
4,udp,dns,SF,1066,3310,0,4,0,Normal,Normal
0,tcp,dns,REJ,44,20,0,146,0,Intrusion/Attack,Port Scan
3,tcp,smtp,SF,1272,859,0,6,1,Normal,Normal
0,tcp,http,S0,32,0,0,382,0,Intrusion/Attack,SYN Flood
0,tcp,smtp,RSTR,60,0,0,174,0,Intrusion/Attack,Port Scan
0,tcp,http,REJ,0,0,0,311,0,Intrusion/Attack,SYN Flood
66,tcp,http,SF,720,3422,0,11,1,Normal,Normal
18,tcp,ftp,SF,223,674,0,21,0,Normal,Normal
1,tcp,other,SH,60,20,0,55,0,Intrusion/Attack,Port Scan
26,icmp,other,SF,890,559,0,12,0,Normal,Normal
18,tcp,ssh,SF,190,4754,0,4,1,Normal,Normal
17,tcp,ssh,REJ,294,366,5,27,0,Intrusion/Attack,Brute Force
3,tcp,smtp,SF,1141,5662,0,7,1,Normal,Normal
0,udp,http,SH,20,0,0,185,0,Intrusion/Attack,Port Scan
0,tcp,ssh,S0,64,0,0,360,0,Intrusion/Attack,SYN Flood
20,tcp,http,SF,56,2218,0,8,1,Normal,Normal
28,tcp,ftp,REJ,610,350,3,23,0,Intrusion/Attack,Brute Force
1,tcp,ssh,S0,32,0,0,285,0,Intrusion/Attack,SYN Flood
1,udp,telnet,REJ,20,0,0,118,0,Intrusion/Attack,Port Scan
6,tcp,http,SF,357,2191,0,21,1,Normal,Normal
1,tcp,ssh,SF,127,1243,0,54,1,Normal,Normal
4,tcp,ssh,SF,585,799,0,19,1,Normal,Normal
1,udp,dns,SF,461,206,0,13,0,Normal,Normal
1,tcp,http,SF,228,5220,0,21,1,Normal,Normal
33,udp,dns,SF,1711,652,0,1,0,Normal,Normal
21,tcp,smtp,SF,591,6281,0,7,1,Normal,Normal
1,tcp,smtp,RSTO,32,48,0,306,0,Intrusion/Attack,SYN Flood
0,tcp,other,S0,64,48,0,362,0,Intrusion/Attack,SYN Flood
18,tcp,http,SF,782,5937,0,14,1,Normal,Normal
4,tcp,smtp,SF,517,1071,0,9,1,Normal,Normal
4,udp,other,SF,2668,363,0,4,0,Normal,Normal
6,tcp,smtp,SF,1509,3944,1,23,1,Normal,Normal
11,udp,dns,SF,679,2976,0,24,0,Normal,Normal
1,tcp,http,S0,64,0,0,319,0,Intrusion/Attack,SYN Flood
3,tcp,http,SF,311,3965,0,8,1,Normal,Normal
1,tcp,ssh,REJ,0,20,0,153,0,Intrusion/Attack,Port Scan
3,tcp,ssh,SF,344,660,0,28,1,Normal,Normal
9,tcp,ssh,SF,517,7147,2,5,1,Normal,Normal
39,tcp,http,SF,511,2599,0,2,1,Normal,Normal
0,tcp,http,RSTO,32,0,0,365,0,Intrusion/Attack,SYN Flood
33,tcp,http,SF,561,7219,0,81,0,Normal,Normal
3,icmp,other,SF,306,340,0,21,0,Normal,Normal
12,udp,dns,SF,63,1100,0,5,0,Normal,Normal
1,udp,dns,SF,1574,1175,0,4,0,Normal,Normal
13,udp,dns,SF,758,362,0,38,0,Normal,Normal
35,tcp,ftp,SF,486,2004,0,12,1,Normal,Normal
3,tcp,http,SF,671,12489,0,13,1,Normal,Normal
28,tcp,ssh,SF,575,5277,0,1,1,Normal,Normal
6,tcp,smtp,SF,1112,336,0,7,1,Normal,Normal
10,tcp,ssh,SF,173,114,3,24,0,Intrusion/Attack,Brute Force
8,tcp,other,SF,177,2388,0,55,0,Normal,Normal
0,icmp,other,SF,198,535,0,22,0,Normal,Normal
0,tcp,http,SF,1039,2033,1,15,1,Normal,Normal
0,tcp,smtp,S0,40,0,0,427,0,Intrusion/Attack,SYN Flood
11,tcp,ssh,SF,151,75,3,34,0,Intrusion/Attack,Brute Force
0,tcp,http,S0,128,0,0,249,0,Intrusion/Attack,SYN Flood
3,tcp,ssh,SF,445,5532,0,17,1,Normal,Normal
0,tcp,http,RSTO,64,0,0,310,0,Intrusion/Attack,SYN Flood
14,tcp,ssh,SF,385,414,0,6,1,Normal,Normal
4,tcp,ftp,RSTO,606,197,5,28,0,Intrusion/Attack,Brute Force
6,tcp,http,SF,68,3491,1,57,0,Normal,Normal
1,tcp,smtp,S0,32,48,0,280,0,Intrusion/Attack,SYN Flood
39,tcp,ftp,REJ,364,141,2,35,0,Intrusion/Attack,Brute Force
23,tcp,http,SF,444,1180,0,8,0,Normal,Normal
2,tcp,other,REJ,60,0,0,195,0,Intrusion/Attack,Port Scan
0,tcp,http,S0,0,48,0,305,0,Intrusion/Attack,SYN Flood
1,tcp,telnet,SF,413,177,4,28,0,Intrusion/Attack,Brute Force
1,tcp,smtp,RSTR,0,0,0,175,0,Intrusion/Attack,Port Scan
0,tcp,http,S0,0,0,0,240,0,Intrusion/Attack,SYN Flood
15,tcp,smtp,SF,107,151,0,10,1,Normal,Normal
0,icmp,other,SF,930,1115,0,23,0,Normal,Normal
11,tcp,ssh,SF,708,3677,0,17,1,Normal,Normal
1,tcp,http,S0,40,0,0,354,0,Intrusion/Attack,SYN Flood
10,tcp,http,SF,608,675,0,8,1,Normal,Normal
0,tcp,http,S0,128,0,0,213,0,Intrusion/Attack,SYN Flood
28,tcp,ssh,REJ,434,399,5,16,0,Intrusion/Attack,Brute Force
56,icmp,other,SF,961,7519,0,21,0,Normal,Normal
0,tcp,http,SF,347,621,0,4,1,Normal,Normal
1,tcp,http,SF,40,1320,0,22,0,Normal,Normal
2,tcp,http,SF,308,1868,0,15,1,Normal,Normal
6,udp,dns,SF,93,4331,0,12,0,Normal,Normal
0,tcp,smtp,S0,40,0,0,137,0,Intrusion/Attack,SYN Flood
0,tcp,http,SF,524,838,0,24,1,Normal,Normal
0,udp,dns,SF,148,2756,0,30,0,Normal,Normal
27,udp,dns,SF,694,968,0,54,0,Normal,Normal
8,tcp,ssh,RSTO,215,209,5,24,0,Intrusion/Attack,Brute Force
36,udp,dns,SF,103,2491,0,3,0,Normal,Normal
30,tcp,ssh,SF,513,5799,0,51,1,Normal,Normal
32,tcp,http,SF,58,1410,0,16,1,Normal,Normal
26,tcp,http,SF,1399,6637,0,6,1,Normal,Normal
0,tcp,ftp,SF,307,3992,1,3,0,Normal,Normal
1,udp,dns,SF,226,10352,0,18,0,Normal,Normal
0,tcp,http,S0,32,0,0,370,0,Intrusion/Attack,SYN Flood
0,tcp,other,RSTO,40,48,0,143,0,Intrusion/Attack,SYN Flood
69,tcp,http,SF,977,842,0,4,1,Normal,Normal
1,udp,dns,SF,388,3388,0,11,0,Normal,Normal
28,tcp,smtp,SF,440,4149,0,67,1,Normal,Normal
4,tcp,http,SF,404,5769,0,16,1,Normal,Normal
0,icmp,other,REJ,120,0,0,150,0,Intrusion/Attack,Port Scan
6,tcp,http,SF,510,343,0,6,1,Normal,Normal
19,tcp,telnet,SF,581,253,3,30,0,Intrusion/Attack,Brute Force
0,tcp,http,S0,40,0,0,200,0,Intrusion/Attack,SYN Flood
37,tcp,telnet,SF,623,181,2,18,0,Intrusion/Attack,Brute Force
10,tcp,http,SF,30,7462,0,29,1,Normal,Normal
0,tcp,ssh,S0,32,48,0,216,0,Intrusion/Attack,SYN Flood
10,udp,dns,SF,286,10173,0,10,0,Normal,Normal
0,tcp,http,S0,40,0,0,238,0,Intrusion/Attack,SYN Flood
6,tcp,http,SF,72,3162,0,5,1,Normal,Normal
11,tcp,smtp,REJ,33,155,0,1,1,Normal,Normal
22,udp,other,SF,152,3144,0,36,0,Normal,Normal
1,tcp,http,S0,0,48,0,321,0,Intrusion/Attack,SYN Flood
0,tcp,http,REJ,40,48,0,368,0,Intrusion/Attack,SYN Flood
15,tcp,ftp,RSTO,243,430,3,33,0,Intrusion/Attack,Brute Force
13,udp,dns,SF,154,2285,0,21,0,Normal,Normal
13,tcp,ssh,SF,306,4056,0,18,1,Normal,Normal
13,tcp,http,SF,847,909,0,5,1,Normal,Normal
3,tcp,smtp,SF,145,2755,0,21,1,Normal,Normal
2,tcp,telnet,REJ,0,0,0,61,0,Intrusion/Attack,Port Scan
13,udp,dns,SF,193,2809,0,30,0,Normal,Normal
9,udp,other,SF,1132,2887,1,27,0,Normal,Normal
4,tcp,http,SF,1029,625,0,25,1,Normal,Normal
0,tcp,http,S0,32,0,0,332,0,Intrusion/Attack,SYN Flood
1,tcp,other,SF,3209,1257,0,14,0,Normal,Normal
6,udp,other,SF,94,1753,0,44,0,Normal,Normal
8,tcp,ssh,SF,143,1198,0,7,1,Normal,Normal
23,tcp,ssh,SF,207,736,0,30,1,Normal,Normal
12,udp,dns,SF,58,1066,0,29,0,Normal,Normal
0,tcp,http,S0,64,0,0,259,0,Intrusion/Attack,SYN Flood
7,tcp,http,SF,95,2792,1,9,1,Normal,Normal
42,tcp,http,SF,178,310,0,35,1,Normal,Normal
7,tcp,ftp,REJ,401,393,2,27,0,Intrusion/Attack,Brute Force
4,tcp,http,SF,528,2960,0,27,1,Normal,Normal
0,udp,dns,SF,30,1481,0,1,0,Normal,Normal
1,tcp,http,SF,1398,1007,0,1,1,Normal,Normal
9,tcp,http,REJ,786,1782,0,2,1,Normal,Normal
7,tcp,http,REJ,670,1471,0,46,1,Normal,Normal
0,tcp,http,RSTR,120,20,0,96,0,Intrusion/Attack,Port Scan
9,udp,dns,SF,30,1981,0,24,0,Normal,Normal
1,tcp,ssh,REJ,120,0,0,119,0,Intrusion/Attack,Port Scan
23,tcp,http,SF,2021,1281,0,28,1,Normal,Normal
17,tcp,http,SF,1006,1422,0,1,1,Normal,Normal
0,tcp,ssh,SF,311,5604,0,11,1,Normal,Normal
23,udp,dns,SF,121,89,0,24,0,Normal,Normal
1,tcp,telnet,REJ,60,0,0,65,0,Intrusion/Attack,Port Scan
12,tcp,http,SF,189,7475,0,4,1,Normal,Normal
22,tcp,smtp,SF,1060,688,0,4,1,Normal,Normal
8,icmp,other,SF,278,2972,0,29,0,Normal,Normal
29,tcp,http,SF,67,228,0,34,1,Normal,Normal
0,tcp,smtp,S0,40,0,0,445,0,Intrusion/Attack,SYN Flood
65,tcp,smtp,REJ,233,75,0,9,1,Normal,Normal
21,tcp,http,SF,567,495,0,4,0,Normal,Normal
17,tcp,http,SF,83,1596,0,14,1,Normal,Normal
20,tcp,other,REJ,228,675,1,2,0,Normal,Normal
3,tcp,other,SF,135,3030,0,10,0,Normal,Normal
0,tcp,other,RSTO,40,0,0,216,0,Intrusion/Attack,SYN Flood
1,tcp,other,REJ,44,0,0,136,0,Intrusion/Attack,Port Scan
26,tcp,http,SF,791,6990,0,18,1,Normal,Normal
7,tcp,http,SF,151,2510,0,23,1,Normal,Normal
7,tcp,smtp,SF,1435,1763,0,5,0,Normal,Normal
8,udp,other,SF,78,10054,0,3,0,Normal,Normal
19,udp,dns,SF,1116,350,0,41,0,Normal,Normal
0,udp,dns,SF,142,278,0,28,0,Normal,Normal
20,tcp,http,SF,265,3476,0,11,1,Normal,Normal
1,tcp,http,RSTO,32,0,0,455,0,Intrusion/Attack,SYN Flood
31,tcp,http,SF,109,4153,0,9,1,Normal,Normal
17,tcp,telnet,SF,134,196,4,28,0,Intrusion/Attack,Brute Force
35,tcp,http,SF,567,450,0,19,1,Normal,Normal
24,tcp,smtp,SF,357,3887,0,17,1,Normal,Normal
0,tcp,other,S0,32,48,0,302,0,Intrusion/Attack,SYN Flood
4,tcp,ssh,SF,794,292,2,23,0,Intrusion/Attack,Brute Force
10,tcp,http,SF,735,897,0,24,1,Normal,Normal
0,tcp,ssh,S0,32,0,0,212,0,Intrusion/Attack,SYN Flood
8,udp,dns,SF,561,1491,0,1,0,Normal,Normal
6,tcp,http,SF,115,1239,0,5,1,Normal,Normal
14,tcp,http,SF,2582,506,0,39,0,Normal,Normal
2,tcp,ftp,SF,498,882,0,5,1,Normal,Normal
0,tcp,http,SF,1206,9536,0,31,1,Normal,Normal
26,tcp,smtp,SF,946,1036,0,13,1,Normal,Normal
24,tcp,http,SF,840,542,0,1,1,Normal,Normal
16,tcp,http,SF,387,5311,0,75,1,Normal,Normal
38,tcp,http,SF,425,33,0,28,1,Normal,Normal
31,udp,other,SF,271,946,0,17,0,Normal,Normal
36,tcp,http,SF,298,2665,0,5,1,Normal,Normal
1,tcp,http,SF,30,259,0,44,1,Normal,Normal
5,tcp,ftp,SF,450,1317,0,8,1,Normal,Normal
48,tcp,ssh,RSTO,320,1168,0,13,1,Normal,Normal
25,udp,dns,SF,1401,621,0,16,0,Normal,Normal
0,tcp,other,RSTO,32,0,0,265,0,Intrusion/Attack,SYN Flood
0,tcp,smtp,RSTO,64,0,0,350,0,Intrusion/Attack,SYN Flood
12,tcp,smtp,SF,76,3980,0,28,1,Normal,Normal
71,udp,other,SF,151,1054,0,11,0,Normal,Normal
2,tcp,ftp,SF,240,106,0,1,0,Normal,Normal
32,tcp,smtp,SF,1199,6995,0,1,1,Normal,Normal
14,tcp,ssh,SF,730,1769,0,7,0,Normal,Normal
2,udp,dns,SF,1020,1361,0,1,0,Normal,Normal
1,tcp,smtp,SF,671,4314,0,17,1,Normal,Normal
34,udp,other,SF,88,4165,0,76,0,Normal,Normal
17,tcp,http,SF,585,3313,0,46,1,Normal,Normal
24,tcp,ftp,REJ,283,5537,0,2,1,Normal,Normal
6,udp,other,SF,752,2214,0,36,0,Normal,Normal
11,tcp,ftp,SF,484,124,5,33,0,Intrusion/Attack,Brute Force
10,tcp,smtp,SF,488,3993,0,18,1,Normal,Normal
10,tcp,http,SF,429,4371,0,32,1,Normal,Normal
2,tcp,ftp,S0,20,0,0,101,0,Intrusion/Attack,Port Scan
3,udp,other,SF,483,4435,0,26,0,Normal,Normal
5,tcp,smtp,SF,306,5456,0,20,1,Normal,Normal
28,tcp,http,SF,622,495,0,34,1,Normal,Normal
1,tcp,smtp,SF,120,0,0,140,0,Intrusion/Attack,Port Scan
19,tcp,other,SF,1551,645,0,6,0,Normal,Normal
0,icmp,other,SF,775,4416,0,14,0,Normal,Normal
34,tcp,smtp,RSTO,312,2806,0,1,1,Normal,Normal
0,tcp,ftp,REJ,359,2143,0,5,0,Normal,Normal
0,tcp,ssh,S0,40,0,0,319,0,Intrusion/Attack,SYN Flood
2,tcp,ftp,REJ,120,0,0,241,0,Intrusion/Attack,Port Scan
0,tcp,http,S0,32,48,0,314,0,Intrusion/Attack,SYN Flood
2,icmp,other,SF,1916,4172,1,4,0,Normal,Normal
0,tcp,ssh,S0,64,0,0,112,0,Intrusion/Attack,SYN Flood
3,tcp,http,SF,185,511,0,50,1,Normal,Normal
27,tcp,http,SF,153,955,0,22,0,Normal,Normal
14,tcp,http,SF,185,858,0,47,1,Normal,Normal
3,udp,other,SF,638,1194,1,11,0,Normal,Normal
0,icmp,dns,SH,44,0,0,138,0,Intrusion/Attack,Port Scan
83,udp,dns,SF,233,5058,0,10,0,Normal,Normal
27,tcp,ssh,REJ,148,98,2,27,0,Intrusion/Attack,Brute Force
2,tcp,http,SF,384,2559,0,6,1,Normal,Normal
41,tcp,http,SF,363,2814,0,3,1,Normal,Normal
16,tcp,smtp,SF,175,1411,0,17,1,Normal,Normal
24,udp,other,SF,361,2418,0,11,0,Normal,Normal
0,tcp,ssh,S0,40,0,0,307,0,Intrusion/Attack,SYN Flood
0,tcp,smtp,S0,0,0,0,347,0,Intrusion/Attack,SYN Flood
1,tcp,ssh,RSTR,0,0,0,111,0,Intrusion/Attack,Port Scan
38,tcp,http,SF,127,206,0,40,1,Normal,Normal
3,tcp,smtp,SF,1750,692,0,6,1,Normal,Normal
6,tcp,http,SF,128,2499,0,11,0,Normal,Normal
1,tcp,http,S0,40,0,0,284,0,Intrusion/Attack,SYN Flood
2,tcp,smtp,REJ,20,0,0,169,0,Intrusion/Attack,Port Scan
1,tcp,ssh,REJ,20,20,0,175,0,Intrusion/Attack,Port Scan
1,tcp,http,SF,360,472,0,33,1,Normal,Normal
16,udp,dns,SF,944,4488,0,2,0,Normal,Normal
9,udp,dns,SF,501,147,0,26,0,Normal,Normal
29,tcp,http,SF,62,4316,0,16,0,Normal,Normal
3,tcp,http,SF,275,5450,0,18,1,Normal,Normal
0,tcp,smtp,S0,40,0,0,348,0,Intrusion/Attack,SYN Flood
12,tcp,ftp,SF,494,356,0,7,1,Normal,Normal
15,tcp,ssh,SF,30,700,0,2,1,Normal,Normal
38,tcp,telnet,RSTO,323,112,3,24,0,Intrusion/Attack,Brute Force
1,tcp,http,S0,128,0,0,284,0,Intrusion/Attack,SYN Flood
26,tcp,http,SF,1577,704,0,5,1,Normal,Normal
18,tcp,ftp,SF,575,918,0,21,1,Normal,Normal
27,udp,dns,SF,234,1346,0,3,0,Normal,Normal
1,tcp,http,SF,252,4585,0,23,1,Normal,Normal
12,tcp,smtp,SF,495,4162,1,9,1,Normal,Normal
2,tcp,http,SF,174,2315,0,17,1,Normal,Normal
13,tcp,http,SF,847,176,0,10,0,Normal,Normal
47,udp,dns,SF,46,140,0,5,0,Normal,Normal
6,tcp,smtp,SF,130,5738,0,9,1,Normal,Normal
2,udp,http,SH,60,0,0,151,0,Intrusion/Attack,Port Scan
1,tcp,other,SF,83,2104,1,14,0,Normal,Normal
15,tcp,http,SF,49,15,0,9,0,Normal,Normal
7,tcp,http,SF,665,1602,0,17,1,Normal,Normal
4,tcp,http,SF,252,884,0,95,1,Normal,Normal
38,tcp,ssh,REJ,754,173,3,15,0,Intrusion/Attack,Brute Force
0,tcp,http,SF,409,1328,0,25,1,Normal,Normal
63,tcp,http,SF,239,335,0,15,0,Normal,Normal
53,tcp,http,SF,715,8573,0,6,1,Normal,Normal
12,tcp,ssh,REJ,460,77,3,27,0,Intrusion/Attack,Brute Force
26,tcp,http,SF,975,3383,0,4,1,Normal,Normal
9,tcp,http,SF,214,3024,0,1,1,Normal,Normal
11,udp,dns,SF,1026,742,0,18,0,Normal,Normal
24,tcp,other,SF,329,983,0,11,0,Normal,Normal
15,tcp,smtp,SF,692,1631,0,11,1,Normal,Normal
10,tcp,ftp,SF,648,343,2,27,0,Intrusion/Attack,Brute Force
0,tcp,smtp,S0,40,48,0,331,0,Intrusion/Attack,SYN Flood
16,udp,dns,SF,473,439,1,8,0,Normal,Normal
54,tcp,http,SF,30,10188,1,89,1,Normal,Normal
6,tcp,http,SF,487,570,2,64,1,Normal,Normal
1,tcp,http,SF,123,29,0,35,1,Normal,Normal
22,udp,other,SF,430,24,0,8,0,Normal,Normal
1,tcp,http,REJ,20,20,0,176,0,Intrusion/Attack,Port Scan
30,tcp,http,SF,972,210,0,11,1,Normal,Normal
14,tcp,http,SF,585,5842,0,5,1,Normal,Normal
1,tcp,http,SF,1037,1420,0,22,1,Normal,Normal
40,tcp,http,SF,1467,357,0,48,1,Normal,Normal
27,tcp,smtp,SF,484,2822,0,11,1,Normal,Normal
2,tcp,ssh,SF,329,93,2,27,0,Intrusion/Attack,Brute Force
1,tcp,smtp,REJ,44,20,0,174,0,Intrusion/Attack,Port Scan
34,tcp,ssh,RSTO,691,101,3,23,0,Intrusion/Attack,Brute Force
13,tcp,ssh,SF,765,1159,0,14,1,Normal,Normal
2,tcp,ssh,RSTR,60,0,0,120,0,Intrusion/Attack,Port Scan
2,tcp,other,SF,527,615,0,45,0,Normal,Normal
13,tcp,other,SF,215,785,0,95,0,Normal,Normal
25,udp,dns,SF,513,591,0,8,0,Normal,Normal
25,tcp,ssh,RSTO,257,875,0,18,1,Normal,Normal
2,tcp,http,SF,455,3882,0,11,1,Normal,Normal
27,tcp,smtp,SF,1055,7781,0,11,1,Normal,Normal
5,tcp,smtp,SF,1685,1926,0,4,1,Normal,Normal
3,icmp,other,SF,559,12,0,9,0,Normal,Normal
0,tcp,other,SF,30,1500,0,12,0,Normal,Normal
0,tcp,http,S0,64,0,0,308,0,Intrusion/Attack,SYN Flood
33,tcp,ssh,RSTO,338,145,4,32,0,Intrusion/Attack,Brute Force
9,tcp,ftp,REJ,1885,2687,0,11,1,Normal,Normal
9,tcp,ftp,SF,439,44,0,8,1,Normal,Normal
54,tcp,http,REJ,170,3557,0,3,1,Normal,Normal
0,udp,other,SF,92,2466,0,26,0,Normal,Normal
0,tcp,http,RSTO,128,0,0,500,0,Intrusion/Attack,SYN Flood
0,tcp,http,S0,128,0,0,360,0,Intrusion/Attack,SYN Flood
1,tcp,http,SF,139,4365,0,6,0,Normal,Normal
8,tcp,smtp,SF,117,2942,0,17,1,Normal,Normal
1,tcp,http,S0,128,0,0,332,0,Intrusion/Attack,SYN Flood
28,tcp,http,SF,460,1573,0,4,1,Normal,Normal
6,tcp,smtp,SF,232,2071,0,14,1,Normal,Normal
2,tcp,http,SF,1836,3331,0,24,1,Normal,Normal
23,udp,dns,SF,878,471,0,9,0,Normal,Normal
2,tcp,ftp,RSTR,44,20,0,238,0,Intrusion/Attack,Port Scan
7,tcp,smtp,SF,966,5645,0,1,0,Normal,Normal
7,tcp,http,SF,259,2837,0,6,0,Normal,Normal
0,tcp,ssh,S0,64,48,0,377,0,Intrusion/Attack,SYN Flood
8,tcp,ssh,SF,801,101,4,25,0,Intrusion/Attack,Brute Force
36,tcp,ssh,RSTO,126,311,2,28,0,Intrusion/Attack,Brute Force
7,tcp,http,SF,1623,1067,0,38,1,Normal,Normal
10,tcp,ssh,REJ,159,271,3,31,0,Intrusion/Attack,Brute Force
2,tcp,http,SF,120,0,0,161,0,Intrusion/Attack,Port Scan
63,tcp,http,SF,1791,1056,0,22,1,Normal,Normal
0,tcp,other,S0,32,48,0,239,0,Intrusion/Attack,SYN Flood
11,udp,dns,SF,73,1423,0,5,0,Normal,Normal
45,tcp,http,SF,947,534,1,41,1,Normal,Normal
2,tcp,http,S0,44,0,0,226,0,Intrusion/Attack,Port Scan
9,tcp,http,SF,1255,1501,0,1,1,Normal,Normal
2,tcp,smtp,REJ,60,20,0,186,0,Intrusion/Attack,Port Scan
2,tcp,http,REJ,0,0,0,167,0,Intrusion/Attack,Port Scan
1,tcp,http,SF,705,5545,1,4,1,Normal,Normal
10,tcp,ssh,SF,316,94,2,30,0,Intrusion/Attack,Brute Force
13,tcp,ssh,SF,706,81,3,32,0,Intrusion/Attack,Brute Force
30,udp,dns,SF,465,2315,0,55,0,Normal,Normal
1,tcp,http,S0,64,0,0,339,0,Intrusion/Attack,SYN Flood
19,tcp,http,REJ,30,2176,0,6,1,Normal,Normal
44,tcp,http,SF,94,1652,0,1,1,Normal,Normal
6,tcp,smtp,SF,232,2773,0,8,1,Normal,Normal
46,tcp,http,SF,492,1224,0,17,1,Normal,Normal
3,udp,dns,SF,113,1537,0,95,0,Normal,Normal
15,tcp,smtp,SF,372,692,0,7,1,Normal,Normal
10,udp,dns,SF,581,1221,0,7,0,Normal,Normal
1,udp,dns,SF,1125,934,0,6,0,Normal,Normal
0,tcp,http,S0,32,0,0,327,0,Intrusion/Attack,SYN Flood
1,tcp,http,S0,40,0,0,371,0,Intrusion/Attack,SYN Flood
13,tcp,ftp,RSTO,464,314,6,25,0,Intrusion/Attack,Brute Force
14,tcp,http,SF,64,3368,0,5,0,Normal,Normal
0,tcp,http,SF,231,1543,0,8,1,Normal,Normal
0,tcp,other,REJ,120,0,0,240,0,Intrusion/Attack,Port Scan
6,tcp,http,SF,227,166,0,19,1,Normal,Normal
16,tcp,ssh,SF,462,4743,0,1,1,Normal,Normal
86,tcp,smtp,SF,827,812,0,1,1,Normal,Normal
4,udp,dns,SF,170,4976,0,9,0,Normal,Normal
0,tcp,http,S0,128,0,0,479,0,Intrusion/Attack,SYN Flood
1,udp,dns,SF,100,3440,0,2,0,Normal,Normal
28,tcp,ssh,REJ,798,447,2,26,0,Intrusion/Attack,Brute Force
15,udp,other,SF,159,547,0,1,0,Normal,Normal
15,tcp,smtp,SF,204,1030,1,17,1,Normal,Normal
2,icmp,other,SF,164,1789,0,10,0,Normal,Normal
7,tcp,http,SF,518,2319,0,29,0,Normal,Normal
0,tcp,ssh,REJ,64,0,0,312,0,Intrusion/Attack,SYN Flood
1,tcp,http,S0,32,0,0,356,0,Intrusion/Attack,SYN Flood
4,tcp,http,SF,257,1848,0,27,1,Normal,Normal
0,tcp,http,S0,0,48,0,336,0,Intrusion/Attack,SYN Flood
11,tcp,other,SF,1199,1766,0,2,0,Normal,Normal
9,tcp,smtp,SF,678,2251,0,2,1,Normal,Normal
0,tcp,smtp,S0,40,0,0,389,0,Intrusion/Attack,SYN Flood
1,tcp,smtp,SF,480,3102,0,10,1,Normal,Normal
41,tcp,ftp,SF,121,288,0,32,1,Normal,Normal
9,tcp,http,SF,230,4476,0,10,0,Normal,Normal
23,tcp,ftp,RSTO,495,323,3,36,0,Intrusion/Attack,Brute Force
0,tcp,http,S0,128,0,0,240,0,Intrusion/Attack,SYN Flood
44,udp,dns,SF,160,947,0,9,0,Normal,Normal
21,tcp,ssh,REJ,258,426,3,30,0,Intrusion/Attack,Brute Force
0,tcp,ssh,S0,128,0,0,344,0,Intrusion/Attack,SYN Flood
8,tcp,smtp,SF,88,304,0,36,1,Normal,Normal
0,tcp,ssh,RSTO,40,48,0,393,0,Intrusion/Attack,SYN Flood
1,tcp,http,SF,486,949,0,7,1,Normal,Normal
17,tcp,http,SF,236,1235,0,16,1,Normal,Normal
8,icmp,other,SF,251,1792,0,6,0,Normal,Normal
75,tcp,http,SF,131,2976,0,13,0,Normal,Normal
2,tcp,ssh,S0,120,0,0,118,0,Intrusion/Attack,Port Scan
16,udp,dns,SF,175,1384,0,3,0,Normal,Normal
5,udp,other,SF,1296,3650,0,5,0,Normal,Normal
1,tcp,http,S0,0,0,0,343,0,Intrusion/Attack,SYN Flood
0,tcp,http,S0,0,48,0,360,0,Intrusion/Attack,SYN Flood
17,udp,dns,SF,229,6197,1,47,0,Normal,Normal
24,tcp,ftp,SF,853,3710,0,5,1,Normal,Normal
22,tcp,http,SF,1442,1807,0,1,1,Normal,Normal
0,tcp,http,S0,40,0,0,124,0,Intrusion/Attack,SYN Flood
13,tcp,ssh,REJ,413,80,2,24,0,Intrusion/Attack,Brute Force
16,tcp,http,SF,261,2642,0,17,1,Normal,Normal
10,tcp,http,SF,406,14392,0,4,1,Normal,Normal
2,udp,dns,SF,139,8495,0,4,0,Normal,Normal
1,tcp,http,REJ,0,0,0,86,0,Intrusion/Attack,Port Scan
1,tcp,other,REJ,60,0,0,218,0,Intrusion/Attack,Port Scan
2,udp,dns,S0,0,0,0,128,0,Intrusion/Attack,Port Scan
5,udp,dns,SF,241,318,0,17,0,Normal,Normal
10,tcp,smtp,SF,425,2153,0,7,1,Normal,Normal
12,tcp,smtp,SF,1052,569,0,3,1,Normal,Normal
3,tcp,ssh,SF,1146,4859,0,39,1,Normal,Normal
5,tcp,http,SF,317,875,0,7,1,Normal,Normal
3,tcp,http,SF,795,1248,0,33,0,Normal,Normal
2,tcp,telnet,REJ,0,0,0,174,0,Intrusion/Attack,Port Scan
3,udp,dns,SF,2412,3111,0,6,0,Normal,Normal
6,tcp,http,SF,1055,1865,0,14,1,Normal,Normal
2,udp,smtp,REJ,120,0,0,201,0,Intrusion/Attack,Port Scan
27,tcp,http,REJ,411,1286,0,1,1,Normal,Normal
36,tcp,http,SF,729,1240,0,4,1,Normal,Normal
11,tcp,other,SF,1061,3077,0,9,0,Normal,Normal
2,tcp,ssh,RSTO,805,174,3,33,0,Intrusion/Attack,Brute Force
0,udp,telnet,REJ,120,20,0,193,0,Intrusion/Attack,Port Scan
52,tcp,http,SF,965,669,0,68,1,Normal,Normal
10,tcp,http,SF,165,100,0,4,1,Normal,Normal
1,tcp,smtp,S0,40,0,0,266,0,Intrusion/Attack,SYN Flood
22,tcp,http,SF,257,2576,0,12,1,Normal,Normal
4,tcp,http,SF,1470,262,0,39,1,Normal,Normal
20,tcp,http,SF,571,775,0,5,1,Normal,Normal
6,tcp,http,SF,82,2027,0,25,1,Normal,Normal
1,tcp,smtp,SF,246,1861,0,7,1,Normal,Normal
5,tcp,smtp,SF,112,4254,1,7,1,Normal,Normal
5,icmp,other,SF,186,1595,0,24,0,Normal,Normal
1,tcp,http,S0,0,48,0,339,0,Intrusion/Attack,SYN Flood
26,tcp,ssh,REJ,651,240,3,23,0,Intrusion/Attack,Brute Force
10,tcp,http,SF,813,131,0,14,0,Normal,Normal
5,tcp,http,SF,252,417,0,25,1,Normal,Normal
67,udp,dns,SF,429,10403,0,5,0,Normal,Normal
16,udp,dns,SF,84,2934,1,1,0,Normal,Normal
7,udp,dns,SF,203,531,0,39,0,Normal,Normal
3,tcp,smtp,SF,720,0,0,2,1,Normal,Normal
0,tcp,http,S0,64,48,0,300,0,Intrusion/Attack,SYN Flood
3,tcp,http,SF,888,326,0,20,1,Normal,Normal
1,tcp,telnet,SF,60,20,0,141,0,Intrusion/Attack,Port Scan
2,tcp,smtp,SF,441,2795,0,15,1,Normal,Normal
0,tcp,http,S0,40,0,0,318,0,Intrusion/Attack,SYN Flood
24,tcp,smtp,SF,181,5153,0,16,1,Normal,Normal
0,tcp,other,S0,32,48,0,320,0,Intrusion/Attack,SYN Flood
13,tcp,ssh,SF,88,1338,0,20,1,Normal,Normal
29,tcp,http,SF,159,260,0,4,1,Normal,Normal
2,tcp,http,SF,72,2112,0,3,0,Normal,Normal
56,udp,dns,SF,2167,429,0,2,0,Normal,Normal
5,tcp,ftp,SF,868,89,0,7,1,Normal,Normal
1,tcp,http,SF,668,943,0,29,1,Normal,Normal
27,tcp,telnet,SF,451,267,5,28,0,Intrusion/Attack,Brute Force
36,tcp,ssh,SF,120,326,4,23,0,Intrusion/Attack,Brute Force
25,tcp,telnet,SF,452,162,3,29,0,Intrusion/Attack,Brute Force
0,tcp,telnet,SH,120,20,0,248,0,Intrusion/Attack,Port Scan
5,tcp,http,SF,618,5477,0,14,1,Normal,Normal
0,tcp,http,S0,128,48,0,276,0,Intrusion/Attack,SYN Flood
16,udp,dns,SF,415,5091,0,19,0,Normal,Normal
0,tcp,ftp,RSTR,60,0,0,167,0,Intrusion/Attack,Port Scan
2,udp,ssh,RSTR,44,20,0,77,0,Intrusion/Attack,Port Scan
6,tcp,http,SF,427,523,0,6,1,Normal,Normal
26,tcp,ftp,SF,214,202,5,27,0,Intrusion/Attack,Brute Force
15,tcp,http,SF,2598,406,0,8,1,Normal,Normal
0,tcp,smtp,SF,93,2782,0,32,1,Normal,Normal
0,tcp,other,RSTO,32,0,0,247,0,Intrusion/Attack,SYN Flood
9,udp,dns,SF,105,1433,0,46,0,Normal,Normal
12,udp,other,SF,968,4702,0,1,0,Normal,Normal
33,tcp,http,SF,144,3394,0,11,0,Normal,Normal
0,tcp,http,S0,128,0,0,250,0,Intrusion/Attack,SYN Flood
5,icmp,other,SF,116,1678,0,4,0,Normal,Normal
11,tcp,smtp,SF,30,870,0,14,1,Normal,Normal
4,tcp,http,SF,200,598,0,27,1,Normal,Normal
28,tcp,http,SF,1194,265,0,4,1,Normal,Normal
5,tcp,ssh,SF,656,68,3,26,0,Intrusion/Attack,Brute Force
16,udp,dns,SF,1157,390,0,34,0,Normal,Normal
0,tcp,http,S0,40,0,0,264,0,Intrusion/Attack,SYN Flood
0,tcp,ftp,SH,20,0,0,182,0,Intrusion/Attack,Port Scan
3,tcp,http,SF,2161,5764,0,13,1,Normal,Normal
23,tcp,http,SF,449,241,0,44,1,Normal,Normal
22,tcp,http,SF,177,712,0,15,1,Normal,Normal
7,tcp,http,SF,465,1626,0,33,1,Normal,Normal
29,tcp,smtp,SF,1941,381,0,11,1,Normal,Normal
0,tcp,http,S0,128,0,0,156,0,Intrusion/Attack,SYN Flood
12,tcp,ssh,SF,121,528,0,15,1,Normal,Normal
12,udp,dns,SF,1311,1712,0,23,0,Normal,Normal
1,tcp,other,S0,32,0,0,201,0,Intrusion/Attack,SYN Flood
12,tcp,smtp,REJ,157,1438,0,30,1,Normal,Normal
0,icmp,other,SF,144,1427,0,4,0,Normal,Normal
2,udp,dns,SF,218,1456,0,5,0,Normal,Normal
4,tcp,http,SF,279,425,0,2,1,Normal,Normal
17,tcp,http,SF,1278,3632,0,11,1,Normal,Normal
13,icmp,other,SF,804,17,0,1,0,Normal,Normal
1,tcp,http,RSTR,0,20,0,110,0,Intrusion/Attack,Port Scan
32,tcp,http,SF,477,2599,0,8,1,Normal,Normal
6,icmp,other,SF,397,941,0,3,0,Normal,Normal
2,udp,smtp,RSTR,60,20,0,245,0,Intrusion/Attack,Port Scan
1,tcp,http,SF,548,2016,0,2,1,Normal,Normal
30,tcp,other,SF,394,1739,0,18,0,Normal,Normal
1,tcp,http,SF,2303,2047,0,7,1,Normal,Normal
1,tcp,smtp,SF,301,6084,0,13,1,Normal,Normal
5,tcp,http,SF,1249,3894,0,7,1,Normal,Normal
41,tcp,http,SF,1581,7008,0,3,1,Normal,Normal
2,tcp,smtp,SF,574,6798,0,16,1,Normal,Normal
37,tcp,ftp,SF,437,292,3,28,0,Intrusion/Attack,Brute Force
38,tcp,ftp,REJ,836,387,3,25,0,Intrusion/Attack,Brute Force
0,tcp,http,SF,1131,830,0,1,1,Normal,Normal
0,tcp,http,S0,128,0,0,372,0,Intrusion/Attack,SYN Flood
2,tcp,ftp,REJ,120,0,0,191,0,Intrusion/Attack,Port Scan
27,tcp,http,SF,169,13,0,4,1,Normal,Normal
38,tcp,ssh,SF,458,115,4,30,0,Intrusion/Attack,Brute Force
12,tcp,other,SF,676,6401,0,7,0,Normal,Normal
12,tcp,ssh,SF,715,356,5,32,0,Intrusion/Attack,Brute Force
0,tcp,ssh,RSTR,44,0,0,134,0,Intrusion/Attack,Port Scan
2,udp,dns,SF,209,2168,0,30,0,Normal,Normal
3,tcp,http,RSTO,115,103,0,13,1,Normal,Normal
6,tcp,http,SF,283,886,1,44,1,Normal,Normal
1,tcp,ftp,SF,780,174,3,29,0,Intrusion/Attack,Brute Force
1,tcp,ssh,SF,430,420,5,26,0,Intrusion/Attack,Brute Force
12,tcp,http,SF,52,3362,0,12,1,Normal,Normal
6,tcp,http,SF,368,2342,0,12,1,Normal,Normal
14,tcp,http,SF,607,575,0,32,1,Normal,Normal
2,tcp,http,SF,30,5760,0,22,1,Normal,Normal
8,tcp,ssh,SF,1106,307,0,1,1,Normal,Normal
0,tcp,http,S0,40,0,0,258,0,Intrusion/Attack,SYN Flood
1,tcp,other,SF,73,3050,0,5,0,Normal,Normal
1,udp,dns,SF,665,7383,0,52,0,Normal,Normal
0,tcp,http,SF,1094,794,0,20,1,Normal,Normal
2,udp,dns,SF,123,1062,0,16,0,Normal,Normal
19,udp,dns,SF,297,45,0,11,0,Normal,Normal
8,tcp,http,SF,434,356,0,15,1,Normal,Normal
15,tcp,http,SF,1350,3687,0,8,1,Normal,Normal
14,tcp,ssh,SF,378,185,3,32,0,Intrusion/Attack,Brute Force
9,tcp,http,SF,1304,78,0,24,1,Normal,Normal
17,tcp,telnet,SF,273,293,3,26,0,Intrusion/Attack,Brute Force
22,udp,dns,SF,189,1160,0,6,0,Normal,Normal
2,tcp,http,SF,30,3962,0,15,1,Normal,Normal
31,tcp,ftp,SF,150,289,3,27,0,Intrusion/Attack,Brute Force
28,tcp,http,SF,1453,154,0,10,1,Normal,Normal
2,udp,dns,SF,555,2220,0,9,0,Normal,Normal
30,udp,dns,SF,1142,1071,0,3,0,Normal,Normal
6,tcp,http,SF,849,2535,0,19,1,Normal,Normal
1,tcp,http,S0,64,0,0,356,0,Intrusion/Attack,SYN Flood
0,tcp,smtp,SF,990,2295,0,21,1,Normal,Normal
1,tcp,http,S0,40,0,0,375,0,Intrusion/Attack,SYN Flood
35,tcp,ssh,SF,1053,669,0,7,1,Normal,Normal
38,udp,dns,SF,993,478,0,17,0,Normal,Normal
20,tcp,smtp,SF,136,4181,0,7,0,Normal,Normal
1,tcp,smtp,S0,64,0,0,360,0,Intrusion/Attack,SYN Flood
1,tcp,smtp,S0,128,0,0,153,0,Intrusion/Attack,SYN Flood
15,tcp,ssh,REJ,507,215,3,39,0,Intrusion/Attack,Brute Force
6,tcp,ssh,SF,437,72,3,25,0,Intrusion/Attack,Brute Force
8,tcp,http,SF,1167,1567,0,34,1,Normal,Normal
22,tcp,http,SF,2312,6893,0,5,1,Normal,Normal
2,tcp,smtp,REJ,44,20,0,83,0,Intrusion/Attack,Port Scan
2,tcp,ssh,RSTO,147,52,4,28,0,Intrusion/Attack,Brute Force
18,udp,dns,SF,30,67,0,2,0,Normal,Normal
0,tcp,dns,S0,60,0,0,148,0,Intrusion/Attack,Port Scan
0,tcp,other,SF,20,20,0,175,0,Intrusion/Attack,Port Scan
3,tcp,http,SF,612,1307,0,23,1,Normal,Normal
1,udp,dns,SF,165,2687,0,1,0,Normal,Normal
2,tcp,telnet,RSTR,120,20,0,199,0,Intrusion/Attack,Port Scan
6,udp,dns,SF,443,4228,0,4,0,Normal,Normal
2,tcp,http,SF,697,14631,0,8,1,Normal,Normal
3,udp,dns,SF,30,2944,0,4,0,Normal,Normal
13,udp,dns,SF,650,31,0,4,0,Normal,Normal
13,icmp,other,SF,235,1153,0,21,0,Normal,Normal
13,udp,dns,SF,118,3831,0,2,0,Normal,Normal
0,tcp,ssh,S0,0,0,0,150,0,Intrusion/Attack,SYN Flood
2,tcp,smtp,S0,0,20,0,168,0,Intrusion/Attack,Port Scan
16,tcp,ssh,SF,347,109,0,19,1,Normal,Normal
14,tcp,http,SF,591,10474,0,43,1,Normal,Normal
2,tcp,http,SF,415,237,0,31,1,Normal,Normal
7,udp,dns,SF,841,250,0,2,0,Normal,Normal
5,tcp,smtp,SF,703,2854,0,19,1,Normal,Normal
0,tcp,http,S0,32,0,0,410,0,Intrusion/Attack,SYN Flood
12,tcp,other,SF,1685,381,1,48,0,Normal,Normal
0,tcp,other,S0,64,0,0,239,0,Intrusion/Attack,SYN Flood
3,tcp,smtp,SF,30,1274,0,38,1,Normal,Normal
27,tcp,ssh,SF,298,287,3,26,0,Intrusion/Attack,Brute Force
7,udp,dns,SF,197,9323,0,6,0,Normal,Normal
4,tcp,http,SF,220,2566,1,15,1,Normal,Normal
19,tcp,ssh,RSTO,649,46,2,22,0,Intrusion/Attack,Brute Force
5,tcp,ftp,SF,447,491,0,29,0,Normal,Normal
4,tcp,smtp,SF,1818,2427,0,6,1,Normal,Normal
1,tcp,http,S0,40,0,0,244,0,Intrusion/Attack,SYN Flood
1,tcp,dns,REJ,120,20,0,55,0,Intrusion/Attack,Port Scan
9,tcp,http,SF,1021,4377,0,5,1,Normal,Normal
8,tcp,http,REJ,2877,399,0,17,1,Normal,Normal
1,tcp,smtp,SF,1172,928,0,1,1,Normal,Normal
14,tcp,http,SF,285,3794,0,15,0,Normal,Normal
1,tcp,other,S0,40,0,0,314,0,Intrusion/Attack,SYN Flood
25,tcp,http,SF,182,1312,0,34,1,Normal,Normal
16,tcp,http,SF,89,990,0,5,1,Normal,Normal
22,tcp,ssh,SF,477,62,4,39,0,Intrusion/Attack,Brute Force
0,tcp,http,S0,32,0,0,251,0,Intrusion/Attack,SYN Flood
13,tcp,http,SF,679,1010,0,3,1,Normal,Normal
8,udp,dns,SF,413,784,0,15,0,Normal,Normal
0,tcp,http,RSTO,32,0,0,261,0,Intrusion/Attack,SYN Flood
12,tcp,smtp,SF,497,521,0,40,1,Normal,Normal
12,udp,dns,SF,185,669,1,23,0,Normal,Normal
25,tcp,ftp,RSTO,640,338,4,15,0,Intrusion/Attack,Brute Force
0,tcp,http,S0,64,0,0,309,0,Intrusion/Attack,SYN Flood
0,tcp,ssh,S0,64,0,0,289,0,Intrusion/Attack,SYN Flood
3,tcp,smtp,SF,30,2131,0,1,1,Normal,Normal
15,tcp,ssh,SF,1350,2592,0,11,1,Normal,Normal
0,tcp,other,S0,40,0,0,347,0,Intrusion/Attack,SYN Flood
27,tcp,other,SF,295,4422,0,38,0,Normal,Normal
5,tcp,http,SF,1523,490,0,42,1,Normal,Normal
1,tcp,http,SF,735,455,0,2,1,Normal,Normal
4,tcp,http,SF,204,1271,0,3,1,Normal,Normal
2,tcp,smtp,SF,1127,903,0,9,1,Normal,Normal
1,udp,dns,SF,420,2128,0,7,0,Normal,Normal
0,tcp,smtp,S0,64,48,0,285,0,Intrusion/Attack,SYN Flood
12,udp,dns,SF,30,213,0,22,0,Normal,Normal
14,tcp,http,SF,492,2756,0,35,1,Normal,Normal
22,tcp,telnet,RSTO,257,56,3,28,0,Intrusion/Attack,Brute Force
22,tcp,ftp,SF,660,243,3,15,0,Intrusion/Attack,Brute Force
1,tcp,http,RSTO,128,48,0,194,0,Intrusion/Attack,SYN Flood
8,tcp,smtp,SF,65,186,0,14,1,Normal,Normal
0,tcp,http,S0,128,0,0,261,0,Intrusion/Attack,SYN Flood
14,tcp,http,SF,304,3302,0,13,0,Normal,Normal
27,udp,dns,SF,84,580,0,3,0,Normal,Normal
13,tcp,smtp,SF,1512,1159,0,10,0,Normal,Normal
1,tcp,http,SF,346,1629,0,13,0,Normal,Normal
31,tcp,ssh,SF,656,142,3,32,0,Intrusion/Attack,Brute Force
2,tcp,ssh,RSTR,20,20,0,225,0,Intrusion/Attack,Port Scan
0,tcp,http,S0,64,0,0,299,0,Intrusion/Attack,SYN Flood
1,tcp,ssh,SF,1245,4307,0,15,0,Normal,Normal
0,tcp,smtp,SF,2247,3847,0,63,1,Normal,Normal
13,tcp,http,SF,114,36,0,13,1,Normal,Normal
7,tcp,http,SF,104,53,0,2,1,Normal,Normal
4,tcp,ssh,SF,637,2035,0,38,1,Normal,Normal
0,tcp,ssh,REJ,32,0,0,332,0,Intrusion/Attack,SYN Flood
2,udp,dns,SF,597,2934,0,1,0,Normal,Normal
15,tcp,smtp,SF,916,931,0,47,0,Normal,Normal
3,udp,dns,SF,201,1162,0,10,0,Normal,Normal
2,tcp,smtp,SF,723,10,0,2,1,Normal,Normal
18,tcp,telnet,SF,790,426,6,28,0,Intrusion/Attack,Brute Force
0,tcp,ftp,SF,878,4219,1,36,1,Normal,Normal
0,tcp,other,RSTO,128,0,0,129,0,Intrusion/Attack,SYN Flood
32,tcp,ftp,SF,828,290,2,18,0,Intrusion/Attack,Brute Force
1,tcp,ftp,REJ,20,0,0,264,0,Intrusion/Attack,Port Scan
5,tcp,other,REJ,1411,4515,0,16,0,Normal,Normal
0,tcp,ssh,S0,128,0,0,275,0,Intrusion/Attack,SYN Flood
17,udp,dns,SF,37,279,0,5,0,Normal,Normal
0,tcp,smtp,SF,2037,3210,0,6,0,Normal,Normal
5,tcp,http,SF,30,6925,0,1,1,Normal,Normal
1,tcp,http,S0,40,48,0,394,0,Intrusion/Attack,SYN Flood
2,udp,other,SF,416,8521,0,8,0,Normal,Normal
25,tcp,smtp,SF,1521,248,0,26,1,Normal,Normal
52,udp,dns,SF,1079,3338,0,8,0,Normal,Normal
0,tcp,smtp,SF,238,1682,0,6,1,Normal,Normal
6,udp,dns,SF,575,893,2,23,0,Normal,Normal
1,tcp,http,SF,178,878,1,14,1,Normal,Normal
41,tcp,other,SF,1002,3813,0,8,0,Normal,Normal
12,tcp,http,SF,1509,5575,0,37,1,Normal,Normal
14,tcp,ssh,SF,283,167,2,25,0,Intrusion/Attack,Brute Force
26,udp,dns,SF,990,2960,0,6,0,Normal,Normal
50,tcp,http,SF,307,716,0,10,1,Normal,Normal
0,tcp,http,S0,64,0,0,357,0,Intrusion/Attack,SYN Flood
17,udp,other,SF,1694,4004,0,14,0,Normal,Normal
9,tcp,http,SF,753,3251,0,8,1,Normal,Normal
1,tcp,smtp,S0,128,0,0,303,0,Intrusion/Attack,SYN Flood
1,tcp,other,S0,128,0,0,348,0,Intrusion/Attack,SYN Flood
14,udp,dns,SF,660,2377,0,69,0,Normal,Normal
25,tcp,ftp,SF,126,360,6,28,0,Intrusion/Attack,Brute Force
9,tcp,http,SF,297,5883,0,8,1,Normal,Normal
1,tcp,http,REJ,46,1685,0,7,1,Normal,Normal
10,udp,dns,SF,754,3767,0,39,0,Normal,Normal
21,tcp,ftp,RSTO,500,83,3,28,0,Intrusion/Attack,Brute Force
0,tcp,http,S0,0,48,0,358,0,Intrusion/Attack,SYN Flood
1,tcp,other,SF,796,1017,0,9,0,Normal,Normal
60,tcp,ssh,REJ,58,4041,0,3,0,Normal,Normal
34,udp,dns,SF,524,2816,0,29,0,Normal,Normal
14,tcp,ssh,REJ,441,157,3,22,0,Intrusion/Attack,Brute Force
28,tcp,http,SF,96,74,0,3,1,Normal,Normal
22,tcp,http,SF,73,3435,0,53,1,Normal,Normal
1,icmp,smtp,REJ,44,20,0,186,0,Intrusion/Attack,Port Scan
20,tcp,telnet,RSTO,405,328,4,29,0,Intrusion/Attack,Brute Force
4,udp,other,SF,396,489,0,12,0,Normal,Normal
28,tcp,ssh,SF,136,191,2,35,0,Intrusion/Attack,Brute Force
7,tcp,ssh,REJ,1218,1336,0,5,1,Normal,Normal
0,tcp,other,S0,40,0,0,275,0,Intrusion/Attack,SYN Flood
20,tcp,http,SF,1104,2630,0,6,1,Normal,Normal
15,udp,other,SF,72,5415,0,23,0,Normal,Normal
3,tcp,smtp,SF,1306,2117,0,14,1,Normal,Normal
3,tcp,http,SF,1412,6534,0,17,1,Normal,Normal
25,tcp,smtp,SF,122,3056,0,4,1,Normal,Normal
28,udp,dns,SF,213,2260,0,24,0,Normal,Normal
3,tcp,ssh,SF,160,222,5,31,0,Intrusion/Attack,Brute Force
12,tcp,smtp,SF,271,2509,0,37,1,Normal,Normal
2,tcp,http,SF,583,5208,0,35,1,Normal,Normal
2,tcp,http,SF,60,5730,0,32,1,Normal,Normal
28,tcp,ssh,SF,704,400,5,37,0,Intrusion/Attack,Brute Force
11,tcp,http,SF,1512,1011,0,18,0,Normal,Normal
8,tcp,http,SF,49,1808,0,6,1,Normal,Normal
1,udp,http,REJ,20,20,0,167,0,Intrusion/Attack,Port Scan
6,tcp,ssh,SF,1045,1941,0,16,1,Normal,Normal
2,tcp,http,SF,2328,2292,0,1,1,Normal,Normal
0,tcp,http,SF,1188,9,0,22,1,Normal,Normal
0,udp,telnet,S0,120,0,0,268,0,Intrusion/Attack,Port Scan
1,tcp,other,S0,32,0,0,281,0,Intrusion/Attack,SYN Flood
16,tcp,http,SF,80,1175,0,6,1,Normal,Normal
21,udp,dns,SF,1222,2319,0,8,0,Normal,Normal
18,udp,dns,SF,740,4265,0,1,0,Normal,Normal
25,tcp,http,REJ,271,4544,1,7,0,Normal,Normal
12,udp,dns,SF,695,5487,0,7,0,Normal,Normal
14,tcp,ssh,SF,814,316,3,32,0,Intrusion/Attack,Brute Force
63,tcp,http,SF,451,1744,0,51,1,Normal,Normal
22,udp,dns,SF,138,123,0,2,0,Normal,Normal
15,tcp,ssh,SF,269,219,3,30,0,Intrusion/Attack,Brute Force
47,tcp,smtp,SF,1373,1244,0,5,1,Normal,Normal
48,tcp,http,SF,594,3954,0,9,1,Normal,Normal
31,tcp,http,SF,396,1269,0,5,1,Normal,Normal
0,tcp,http,S0,32,0,0,408,0,Intrusion/Attack,SYN Flood
0,tcp,ssh,S0,40,0,0,278,0,Intrusion/Attack,SYN Flood
1,udp,telnet,S0,120,20,0,138,0,Intrusion/Attack,Port Scan
0,tcp,ssh,SH,60,20,0,109,0,Intrusion/Attack,Port Scan
15,tcp,smtp,SF,766,589,0,18,1,Normal,Normal
43,tcp,http,SF,156,184,0,31,1,Normal,Normal
2,tcp,telnet,REJ,60,0,0,223,0,Intrusion/Attack,Port Scan
7,tcp,http,SF,386,9467,0,10,1,Normal,Normal
6,tcp,http,SF,30,8442,0,5,1,Normal,Normal
8,udp,other,SF,30,4749,0,16,0,Normal,Normal
1,tcp,ssh,REJ,120,0,0,128,0,Intrusion/Attack,Port Scan
4,tcp,ssh,SF,674,10240,0,35,1,Normal,Normal
12,tcp,smtp,RSTO,852,1502,0,14,1,Normal,Normal
1,tcp,http,RSTO,0,0,0,403,0,Intrusion/Attack,SYN Flood
10,tcp,ssh,RSTO,800,75,6,30,0,Intrusion/Attack,Brute Force
7,udp,dns,SF,346,1622,0,10,0,Normal,Normal
13,tcp,telnet,SF,593,93,6,24,0,Intrusion/Attack,Brute Force
36,udp,dns,SF,2331,1649,0,4,0,Normal,Normal
36,tcp,ftp,REJ,535,90,3,33,0,Intrusion/Attack,Brute Force
14,tcp,http,SF,621,1920,0,8,1,Normal,Normal
11,tcp,ftp,REJ,456,52,3,26,0,Intrusion/Attack,Brute Force
1,tcp,http,SF,97,856,0,15,1,Normal,Normal
0,tcp,http,SF,172,6971,0,45,1,Normal,Normal
21,tcp,ssh,RSTO,739,448,6,23,0,Intrusion/Attack,Brute Force
11,udp,other,SF,350,4724,1,3,0,Normal,Normal
12,tcp,other,SF,297,108,0,12,0,Normal,Normal
2,udp,ssh,S0,44,20,0,110,0,Intrusion/Attack,Port Scan
5,tcp,http,SF,469,2132,0,18,1,Normal,Normal
34,tcp,ftp,SF,633,161,2,40,0,Intrusion/Attack,Brute Force
1,tcp,http,S0,32,0,0,265,0,Intrusion/Attack,SYN Flood
1,tcp,http,REJ,20,20,0,129,0,Intrusion/Attack,Port Scan
0,tcp,http,SF,996,4710,0,9,0,Normal,Normal
45,udp,other,SF,1492,413,0,34,0,Normal,Normal
29,tcp,http,SF,290,2447,0,3,0,Normal,Normal
6,udp,dns,SF,753,679,0,54,0,Normal,Normal
1,tcp,http,RSTO,0,0,0,242,0,Intrusion/Attack,SYN Flood
16,tcp,other,SF,797,2259,0,6,0,Normal,Normal
14,icmp,other,SF,30,41,0,4,0,Normal,Normal
42,udp,dns,SF,323,7276,0,18,0,Normal,Normal
6,tcp,http,SF,526,499,0,5,1,Normal,Normal
12,tcp,ssh,SF,192,156,5,25,0,Intrusion/Attack,Brute Force
0,tcp,http,RSTO,40,0,0,373,0,Intrusion/Attack,SYN Flood
8,tcp,http,SF,203,2892,0,1,1,Normal,Normal
1,tcp,http,RSTO,40,0,0,229,0,Intrusion/Attack,SYN Flood
1,tcp,ftp,S0,44,20,0,246,0,Intrusion/Attack,Port Scan
1,icmp,other,SF,460,127,0,16,0,Normal,Normal
1,tcp,smtp,SF,30,1464,0,7,0,Normal,Normal
2,tcp,ssh,SH,60,20,0,181,0,Intrusion/Attack,Port Scan
11,udp,dns,SF,1378,2525,0,7,0,Normal,Normal
2,tcp,http,SF,289,157,1,3,1,Normal,Normal
5,tcp,http,SF,1927,3461,0,33,1,Normal,Normal
12,udp,dns,SF,871,5059,0,7,0,Normal,Normal
0,tcp,http,SF,754,512,0,16,1,Normal,Normal
21,tcp,ssh,REJ,483,172,0,2,1,Normal,Normal
9,tcp,http,SF,112,2064,0,12,1,Normal,Normal
23,udp,dns,SF,589,5371,0,9,0,Normal,Normal
8,tcp,http,RSTO,238,5651,0,5,0,Normal,Normal
15,tcp,other,RSTO,88,1693,0,12,0,Normal,Normal
4,tcp,ssh,RSTO,355,422,3,24,0,Intrusion/Attack,Brute Force
0,tcp,http,REJ,120,20,0,117,0,Intrusion/Attack,Port Scan
37,tcp,ftp,SF,384,416,4,34,0,Intrusion/Attack,Brute Force
9,tcp,http,SF,975,413,0,6,1,Normal,Normal
6,tcp,http,SF,657,3339,0,4,1,Normal,Normal
6,tcp,http,SF,644,29,0,15,1,Normal,Normal
5,tcp,ssh,REJ,316,319,2,27,0,Intrusion/Attack,Brute Force
23,udp,other,SF,141,2197,0,1,0,Normal,Normal
7,tcp,http,SF,700,1400,0,2,1,Normal,Normal
9,tcp,http,SF,1208,3931,0,33,1,Normal,Normal
33,tcp,http,SF,30,3,0,92,0,Normal,Normal
0,icmp,other,REJ,0,0,0,159,0,Intrusion/Attack,Port Scan
10,tcp,http,SF,30,2302,0,41,1,Normal,Normal
0,tcp,http,S0,32,0,0,214,0,Intrusion/Attack,SYN Flood
4,tcp,ssh,REJ,671,1261,0,3,1,Normal,Normal
25,udp,dns,SF,685,1323,0,2,0,Normal,Normal
19,tcp,telnet,REJ,782,222,5,33,0,Intrusion/Attack,Brute Force
27,tcp,ssh,REJ,663,205,4,28,0,Intrusion/Attack,Brute Force
33,tcp,ssh,SF,585,3934,0,2,1,Normal,Normal
4,tcp,ssh,SF,450,248,3,27,0,Intrusion/Attack,Brute Force
34,tcp,telnet,RSTO,552,182,6,24,0,Intrusion/Attack,Brute Force
20,tcp,http,SF,2296,3712,1,20,1,Normal,Normal
0,tcp,http,SF,53,1213,0,14,1,Normal,Normal
2,tcp,ssh,SF,272,638,1,17,0,Normal,Normal
5,tcp,http,SF,2107,484,0,12,1,Normal,Normal
1,udp,dns,SF,419,4662,0,1,0,Normal,Normal
0,tcp,http,S0,0,20,0,197,0,Intrusion/Attack,Port Scan
17,tcp,telnet,RSTO,795,54,3,31,0,Intrusion/Attack,Brute Force
19,tcp,http,SF,615,306,0,17,1,Normal,Normal
7,tcp,smtp,SF,368,6132,0,5,1,Normal,Normal
0,tcp,other,SF,1799,2118,0,12,0,Normal,Normal
31,tcp,ssh,SF,543,187,3,29,0,Intrusion/Attack,Brute Force
19,tcp,smtp,SF,104,4626,0,16,1,Normal,Normal
10,tcp,smtp,SF,387,2115,0,2,1,Normal,Normal
2,udp,telnet,S0,0,0,0,168,0,Intrusion/Attack,Port Scan
37,tcp,http,SF,556,6062,0,7,1,Normal,Normal
25,tcp,ftp,SF,510,2698,0,8,1,Normal,Normal
1,udp,dns,SF,30,2988,0,5,0,Normal,Normal
10,tcp,http,SF,3713,4036,0,6,0,Normal,Normal
31,udp,dns,SF,136,1905,0,24,0,Normal,Normal
0,tcp,ssh,SF,34,1147,0,21,0,Normal,Normal
57,tcp,http,SF,112,1604,0,17,1,Normal,Normal
1,tcp,http,SF,278,282,0,48,1,Normal,Normal
34,udp,other,SF,1641,5719,0,4,0,Normal,Normal
12,udp,dns,SF,243,3286,0,25,0,Normal,Normal
10,tcp,http,SF,1611,7477,0,5,1,Normal,Normal
1,tcp,dns,REJ,44,0,0,195,0,Intrusion/Attack,Port Scan
12,udp,dns,SF,1090,3703,0,13,0,Normal,Normal
5,tcp,http,SF,58,228,0,19,1,Normal,Normal
12,tcp,ssh,SF,874,190,0,59,1,Normal,Normal
1,tcp,smtp,RSTR,60,20,0,122,0,Intrusion/Attack,Port Scan
12,tcp,http,SF,350,1785,0,12,1,Normal,Normal
0,tcp,http,SF,88,1853,0,2,1,Normal,Normal
26,tcp,ftp,REJ,393,352,3,30,0,Intrusion/Attack,Brute Force
5,tcp,http,SF,215,2685,0,23,1,Normal,Normal
23,udp,other,SF,246,2796,0,5,0,Normal,Normal
16,icmp,other,SF,910,677,0,1,0,Normal,Normal
7,tcp,ssh,SF,460,3157,0,65,0,Normal,Normal
0,tcp,http,S0,32,0,0,378,0,Intrusion/Attack,SYN Flood
20,udp,dns,SF,1467,190,0,9,0,Normal,Normal
19,tcp,smtp,SF,353,9560,0,41,1,Normal,Normal
1,tcp,ssh,S0,64,0,0,355,0,Intrusion/Attack,SYN Flood
1,tcp,smtp,REJ,40,0,0,190,0,Intrusion/Attack,SYN Flood
43,tcp,other,SF,734,861,0,6,0,Normal,Normal
40,udp,dns,SF,281,256,0,5,0,Normal,Normal
9,udp,other,SF,249,2209,0,12,0,Normal,Normal
10,tcp,http,SF,405,1217,0,7,1,Normal,Normal
3,tcp,http,SF,622,4508,0,5,0,Normal,Normal
5,tcp,ftp,SF,1128,7445,0,1,1,Normal,Normal
7,icmp,other,SF,30,75,0,3,0,Normal,Normal
0,tcp,ssh,RSTO,0,0,0,341,0,Intrusion/Attack,SYN Flood
11,tcp,http,SF,34,414,0,3,1,Normal,Normal
37,tcp,ftp,SF,704,146,3,18,0,Intrusion/Attack,Brute Force
31,tcp,ssh,SF,185,387,3,30,0,Intrusion/Attack,Brute Force
1,tcp,http,S0,32,0,0,271,0,Intrusion/Attack,SYN Flood
21,tcp,ftp,REJ,380,434,3,29,0,Intrusion/Attack,Brute Force
26,tcp,http,SF,1372,2035,0,10,1,Normal,Normal
13,tcp,http,SF,1510,2798,1,12,1,Normal,Normal
32,tcp,ssh,REJ,626,369,3,25,0,Intrusion/Attack,Brute Force
2,udp,telnet,REJ,120,0,0,110,0,Intrusion/Attack,Port Scan
0,icmp,ssh,REJ,0,20,0,117,0,Intrusion/Attack,Port Scan
26,tcp,http,SF,150,26,0,37,1,Normal,Normal
17,tcp,http,SF,189,895,0,32,0,Normal,Normal
28,tcp,http,SF,1633,697,0,10,1,Normal,Normal
32,tcp,ssh,SF,311,414,4,29,0,Intrusion/Attack,Brute Force
0,tcp,http,SF,2990,933,0,5,1,Normal,Normal
2,tcp,http,SF,80,1964,0,95,1,Normal,Normal
6,tcp,http,SF,346,2703,0,2,0,Normal,Normal
29,tcp,ftp,SF,608,319,4,22,0,Intrusion/Attack,Brute Force
17,udp,dns,SF,1885,2753,0,12,0,Normal,Normal
19,tcp,ftp,SF,561,444,2,33,0,Intrusion/Attack,Brute Force
1,tcp,smtp,S0,0,0,0,351,0,Intrusion/Attack,SYN Flood
14,udp,dns,SF,961,760,0,25,0,Normal,Normal
5,tcp,telnet,SF,725,93,3,26,0,Intrusion/Attack,Brute Force
17,tcp,http,REJ,1237,7680,0,13,0,Normal,Normal
7,tcp,smtp,SF,2436,7424,0,5,1,Normal,Normal
50,tcp,http,SF,271,991,0,19,1,Normal,Normal
0,tcp,ssh,S0,0,0,0,374,0,Intrusion/Attack,SYN Flood
0,tcp,http,SF,322,1604,0,33,1,Normal,Normal
5,tcp,ssh,SF,1023,6663,0,15,1,Normal,Normal
57,tcp,other,SF,30,4965,0,45,0,Normal,Normal
41,tcp,http,SF,30,2127,0,34,1,Normal,Normal
0,tcp,other,S0,32,0,0,243,0,Intrusion/Attack,SYN Flood
8,udp,other,SF,213,364,0,6,0,Normal,Normal
25,tcp,ssh,REJ,665,312,4,37,0,Intrusion/Attack,Brute Force
45,udp,other,SF,255,1314,0,5,0,Normal,Normal
49,udp,dns,SF,60,2787,0,8,0,Normal,Normal
17,tcp,http,SF,848,2529,0,20,1,Normal,Normal
7,tcp,ssh,SF,559,4633,1,10,0,Normal,Normal
3,tcp,ssh,SF,317,413,2,26,0,Intrusion/Attack,Brute Force
0,tcp,http,S0,32,0,0,344,0,Intrusion/Attack,SYN Flood
0,tcp,http,S0,128,48,0,278,0,Intrusion/Attack,SYN Flood
1,udp,dns,SF,581,3248,0,8,0,Normal,Normal
29,udp,dns,SF,118,689,0,26,0,Normal,Normal
0,tcp,other,S0,64,0,0,380,0,Intrusion/Attack,SYN Flood
2,tcp,http,SF,45,3721,0,9,1,Normal,Normal
0,tcp,ftp,REJ,60,0,0,189,0,Intrusion/Attack,Port Scan
86,tcp,http,SF,30,161,0,22,1,Normal,Normal
17,tcp,smtp,REJ,181,3845,0,25,1,Normal,Normal
0,tcp,http,RSTO,64,0,0,318,0,Intrusion/Attack,SYN Flood
6,udp,dns,SF,1025,572,0,48,0,Normal,Normal
27,tcp,http,SF,849,4277,0,17,1,Normal,Normal
19,udp,dns,SF,316,182,0,14,0,Normal,Normal
3,tcp,http,SF,184,1588,0,11,0,Normal,Normal
17,tcp,ftp,REJ,629,252,2,26,0,Intrusion/Attack,Brute Force
3,tcp,http,SF,72,66,0,9,1,Normal,Normal
12,tcp,telnet,SF,672,288,4,25,0,Intrusion/Attack,Brute Force
10,tcp,smtp,SF,158,1586,0,30,1,Normal,Normal
1,tcp,http,S0,32,0,0,355,0,Intrusion/Attack,SYN Flood
1,tcp,telnet,REJ,20,0,0,204,0,Intrusion/Attack,Port Scan
2,tcp,ssh,SF,60,542,0,12,1,Normal,Normal
54,tcp,http,SF,166,870,0,5,0,Normal,Normal
21,tcp,smtp,SF,119,2395,0,47,0,Normal,Normal
1,tcp,ssh,S0,32,0,0,261,0,Intrusion/Attack,SYN Flood
11,tcp,http,REJ,428,2912,0,4,1,Normal,Normal
16,udp,dns,SF,361,4475,0,6,0,Normal,Normal
5,udp,dns,SF,1077,494,0,4,0,Normal,Normal
1,tcp,other,S0,64,0,0,283,0,Intrusion/Attack,SYN Flood
1,tcp,http,SF,414,2368,0,5,1,Normal,Normal
0,tcp,smtp,S0,32,0,0,341,0,Intrusion/Attack,SYN Flood
1,tcp,smtp,REJ,878,2050,0,3,1,Normal,Normal
9,tcp,http,SF,401,3995,0,23,1,Normal,Normal
9,udp,dns,SF,144,3998,0,4,0,Normal,Normal
1,tcp,dns,SF,20,0,0,112,0,Intrusion/Attack,Port Scan
1,tcp,http,S0,128,0,0,316,0,Intrusion/Attack,SYN Flood
3,udp,dns,SF,1333,5577,0,8,0,Normal,Normal
26,tcp,http,SF,1628,2518,0,9,0,Normal,Normal
0,tcp,http,SF,30,792,0,38,1,Normal,Normal
11,tcp,smtp,SF,517,685,0,1,1,Normal,Normal
6,tcp,http,SF,62,930,0,36,0,Normal,Normal
9,udp,other,SF,844,1111,0,10,0,Normal,Normal
14,udp,dns,SF,768,272,0,25,0,Normal,Normal
8,tcp,ssh,SF,1225,989,0,16,1,Normal,Normal
21,tcp,telnet,SF,665,126,6,33,0,Intrusion/Attack,Brute Force
3,tcp,smtp,SF,1039,3219,0,8,1,Normal,Normal
1,tcp,ssh,SF,381,186,4,37,0,Intrusion/Attack,Brute Force
8,tcp,smtp,SF,845,372,0,3,1,Normal,Normal
75,icmp,other,SF,592,966,0,6,0,Normal,Normal
27,tcp,ftp,SF,465,216,4,27,0,Intrusion/Attack,Brute Force
4,tcp,smtp,SF,1656,6250,0,65,0,Normal,Normal
6,tcp,ftp,RSTO,485,120,4,27,0,Intrusion/Attack,Brute Force
8,tcp,http,REJ,786,3388,0,11,1,Normal,Normal
7,tcp,http,SF,3040,5126,0,13,1,Normal,Normal
19,tcp,ftp,REJ,615,292,3,34,0,Intrusion/Attack,Brute Force
0,tcp,smtp,S0,128,0,0,316,0,Intrusion/Attack,SYN Flood
0,tcp,http,SF,1592,4295,0,25,1,Normal,Normal
7,tcp,http,SF,652,4025,0,4,1,Normal,Normal
1,tcp,ssh,S0,40,48,0,340,0,Intrusion/Attack,SYN Flood
7,tcp,http,SF,30,4383,0,20,1,Normal,Normal
2,tcp,ftp,SF,732,1969,0,22,1,Normal,Normal
1,tcp,http,S0,128,0,0,327,0,Intrusion/Attack,SYN Flood
2,tcp,http,SF,1329,56,0,4,1,Normal,Normal
2,tcp,http,REJ,0,0,0,230,0,Intrusion/Attack,Port Scan
3,tcp,http,SF,90,6521,0,4,1,Normal,Normal
41,tcp,smtp,SF,1622,5242,0,27,1,Normal,Normal
27,tcp,http,SF,30,1762,0,22,1,Normal,Normal
41,tcp,ssh,SF,206,1710,0,27,1,Normal,Normal
11,udp,dns,SF,217,115,0,32,0,Normal,Normal
10,tcp,ftp,RSTO,198,126,4,27,0,Intrusion/Attack,Brute Force
0,tcp,telnet,S0,20,20,0,193,0,Intrusion/Attack,Port Scan
0,tcp,http,S0,40,0,0,220,0,Intrusion/Attack,SYN Flood
1,tcp,http,REJ,128,48,0,400,0,Intrusion/Attack,SYN Flood
2,tcp,http,SF,339,634,0,4,1,Normal,Normal
0,udp,dns,SF,175,1332,0,16,0,Normal,Normal
9,udp,other,SF,66,3480,0,4,0,Normal,Normal
0,tcp,other,S0,64,0,0,292,0,Intrusion/Attack,SYN Flood
2,tcp,other,REJ,120,20,0,150,0,Intrusion/Attack,Port Scan
3,tcp,ssh,REJ,30,650,0,39,1,Normal,Normal
26,tcp,ftp,REJ,341,264,5,30,0,Intrusion/Attack,Brute Force
26,tcp,ssh,SF,682,307,3,28,0,Intrusion/Attack,Brute Force
1,tcp,dns,S0,0,0,0,227,0,Intrusion/Attack,Port Scan
33,tcp,ssh,SF,84,2383,0,15,1,Normal,Normal
0,udp,smtp,RSTR,60,0,0,287,0,Intrusion/Attack,Port Scan
5,tcp,ssh,SF,1166,435,0,4,1,Normal,Normal
1,udp,http,S0,0,0,0,166,0,Intrusion/Attack,Port Scan
2,tcp,smtp,SF,586,1334,0,14,1,Normal,Normal
8,tcp,other,SF,391,858,0,3,0,Normal,Normal
30,tcp,http,SF,1178,6808,0,8,1,Normal,Normal
1,tcp,ssh,S0,40,48,0,343,0,Intrusion/Attack,SYN Flood
6,tcp,http,RSTO,413,743,0,17,1,Normal,Normal
11,udp,dns,SF,30,1516,0,8,0,Normal,Normal
1,tcp,http,S0,0,0,0,237,0,Intrusion/Attack,SYN Flood
0,tcp,http,S0,40,0,0,265,0,Intrusion/Attack,SYN Flood
10,tcp,ssh,SF,46,226,0,7,1,Normal,Normal
19,tcp,telnet,SF,629,375,2,24,0,Intrusion/Attack,Brute Force
4,tcp,http,SF,381,450,0,20,1,Normal,Normal
27,tcp,http,SF,2518,184,0,23,1,Normal,Normal
0,tcp,smtp,S0,128,0,0,285,0,Intrusion/Attack,SYN Flood
2,tcp,smtp,SF,319,492,0,9,0,Normal,Normal
18,tcp,smtp,SF,176,944,0,17,1,Normal,Normal
5,tcp,smtp,SF,30,858,0,8,1,Normal,Normal
2,udp,other,REJ,20,20,0,76,0,Intrusion/Attack,Port Scan
4,tcp,http,SF,1035,815,0,59,1,Normal,Normal
15,tcp,ftp,SF,150,186,2,25,0,Intrusion/Attack,Brute Force
0,tcp,http,S0,32,0,0,315,0,Intrusion/Attack,SYN Flood
4,tcp,http,SF,198,1,0,26,1,Normal,Normal
2,udp,other,SF,66,3903,0,15,0,Normal,Normal
3,tcp,http,SF,214,24,0,19,1,Normal,Normal
0,tcp,http,S0,128,0,0,293,0,Intrusion/Attack,SYN Flood
6,tcp,http,SF,70,1879,0,18,1,Normal,Normal
4,tcp,http,SF,273,1735,0,22,1,Normal,Normal
2,udp,smtp,REJ,20,20,0,224,0,Intrusion/Attack,Port Scan
0,tcp,http,S0,0,0,0,263,0,Intrusion/Attack,SYN Flood
0,tcp,http,S0,0,0,0,361,0,Intrusion/Attack,SYN Flood
0,tcp,ftp,SF,20,20,0,155,0,Intrusion/Attack,Port Scan
14,udp,dns,SF,1115,1242,0,12,0,Normal,Normal
30,tcp,ssh,SF,595,416,4,30,0,Intrusion/Attack,Brute Force
0,tcp,http,S0,32,48,0,301,0,Intrusion/Attack,SYN Flood
1,tcp,http,S0,64,0,0,354,0,Intrusion/Attack,SYN Flood
16,udp,dns,SF,1031,6287,0,9,0,Normal,Normal
12,tcp,http,SF,30,84,0,28,1,Normal,Normal
51,udp,dns,SF,2062,682,0,37,0,Normal,Normal
0,tcp,http,S0,64,0,0,217,0,Intrusion/Attack,SYN Flood
8,tcp,http,SF,1049,764,0,5,1,Normal,Normal
20,tcp,ssh,RSTO,322,159,3,34,0,Intrusion/Attack,Brute Force
14,tcp,http,SF,385,346,0,13,0,Normal,Normal
22,tcp,http,SF,35,3317,0,5,0,Normal,Normal
1,tcp,smtp,S0,0,0,0,247,0,Intrusion/Attack,SYN Flood
17,udp,dns,SF,1772,1157,0,1,0,Normal,Normal
8,tcp,ssh,RSTO,348,341,4,25,0,Intrusion/Attack,Brute Force
40,udp,dns,SF,759,4159,0,25,0,Normal,Normal
6,tcp,ssh,SF,685,182,2,31,0,Intrusion/Attack,Brute Force
10,tcp,http,SF,344,5304,0,60,1,Normal,Normal
23,tcp,ssh,SF,30,796,0,15,1,Normal,Normal
0,tcp,http,S0,0,0,0,310,0,Intrusion/Attack,SYN Flood
18,tcp,ssh,SF,289,834,0,27,1,Normal,Normal
8,tcp,smtp,RSTO,30,1079,0,20,1,Normal,Normal
26,tcp,ssh,SF,580,361,3,30,0,Intrusion/Attack,Brute Force
0,tcp,ssh,S0,64,0,0,391,0,Intrusion/Attack,SYN Flood
2,tcp,http,SF,307,2374,0,5,1,Normal,Normal
9,tcp,http,SF,52,1061,0,49,1,Normal,Normal
7,tcp,ssh,SF,80,536,0,10,1,Normal,Normal
1,udp,telnet,REJ,120,20,0,145,0,Intrusion/Attack,Port Scan
1,tcp,http,SF,363,9815,0,34,1,Normal,Normal
2,udp,dns,RSTR,60,0,0,221,0,Intrusion/Attack,Port Scan
14,udp,dns,SF,625,2757,0,33,0,Normal,Normal
2,udp,http,RSTR,44,0,0,249,0,Intrusion/Attack,Port Scan
12,tcp,http,SF,1202,398,0,5,1,Normal,Normal
7,tcp,http,SF,3241,12627,0,21,1,Normal,Normal
0,icmp,ftp,REJ,0,0,0,131,0,Intrusion/Attack,Port Scan
3,tcp,http,SF,727,8408,0,18,1,Normal,Normal
4,tcp,http,SF,237,1943,0,9,1,Normal,Normal
2,tcp,dns,REJ,20,0,0,100,0,Intrusion/Attack,Port Scan
1,tcp,ssh,S0,40,0,0,352,0,Intrusion/Attack,SYN Flood
15,tcp,http,SF,294,1666,0,16,1,Normal,Normal
0,tcp,http,S0,128,0,0,307,0,Intrusion/Attack,SYN Flood
14,udp,dns,SF,988,2915,0,1,0,Normal,Normal
7,tcp,http,SF,193,74,0,3,0,Normal,Normal
0,tcp,http,S0,40,0,0,258,0,Intrusion/Attack,SYN Flood
20,tcp,http,SF,305,1597,0,17,1,Normal,Normal
5,tcp,smtp,SF,2338,4669,0,44,1,Normal,Normal
4,tcp,http,SF,480,1015,0,51,1,Normal,Normal
19,tcp,http,SF,206,2036,0,30,0,Normal,Normal
2,udp,dns,SH,60,20,0,165,0,Intrusion/Attack,Port Scan
19,udp,dns,SF,277,12644,0,5,0,Normal,Normal
9,tcp,ssh,SF,781,360,2,39,0,Intrusion/Attack,Brute Force
8,udp,other,SF,2716,582,0,13,0,Normal,Normal
16,udp,other,SF,517,8,0,4,0,Normal,Normal
0,tcp,http,S0,40,0,0,320,0,Intrusion/Attack,SYN Flood
31,tcp,ftp,SF,435,234,3,35,0,Intrusion/Attack,Brute Force
18,tcp,http,REJ,844,1981,0,11,1,Normal,Normal
8,udp,dns,SF,306,1033,0,4,0,Normal,Normal
0,tcp,http,S0,128,0,0,293,0,Intrusion/Attack,SYN Flood
1,tcp,http,S0,128,0,0,390,0,Intrusion/Attack,SYN Flood
4,tcp,ssh,REJ,388,271,3,30,0,Intrusion/Attack,Brute Force
0,tcp,http,RSTO,40,0,0,316,0,Intrusion/Attack,SYN Flood
29,tcp,smtp,SF,621,30,0,9,1,Normal,Normal
2,icmp,other,SF,270,923,0,3,0,Normal,Normal
1,tcp,http,S0,40,0,0,357,0,Intrusion/Attack,SYN Flood
1,tcp,http,RSTO,40,0,0,239,0,Intrusion/Attack,SYN Flood
2,icmp,other,SF,113,2710,0,1,0,Normal,Normal
11,tcp,http,SF,158,890,1,31,1,Normal,Normal
7,tcp,http,SF,81,3642,0,22,1,Normal,Normal
12,tcp,http,REJ,693,1649,0,16,1,Normal,Normal
10,tcp,ssh,SF,210,2018,0,10,1,Normal,Normal
6,tcp,ssh,REJ,2064,208,0,58,0,Normal,Normal
76,udp,dns,SF,756,83,0,6,0,Normal,Normal
0,tcp,smtp,S0,40,0,0,257,0,Intrusion/Attack,SYN Flood
26,tcp,http,SF,1246,595,0,22,0,Normal,Normal
14,tcp,http,SF,988,2072,0,27,1,Normal,Normal
27,udp,dns,SF,400,588,0,50,0,Normal,Normal
11,tcp,http,SF,932,1066,0,14,1,Normal,Normal
46,tcp,smtp,SF,1690,5759,0,8,1,Normal,Normal
57,tcp,http,SF,76,1487,0,22,1,Normal,Normal
8,tcp,smtp,SF,1433,9853,0,32,1,Normal,Normal
19,tcp,http,SF,531,1591,0,12,0,Normal,Normal
21,udp,other,SF,30,4215,0,18,0,Normal,Normal
16,tcp,http,SF,46,1467,0,6,1,Normal,Normal
15,tcp,telnet,SF,327,157,5,24,0,Intrusion/Attack,Brute Force
20,udp,dns,SF,98,1027,0,12,0,Normal,Normal
0,tcp,http,S0,128,0,0,287,0,Intrusion/Attack,SYN Flood
27,icmp,other,SF,346,2299,0,8,0,Normal,Normal
0,tcp,ssh,S0,128,0,0,284,0,Intrusion/Attack,SYN Flood
4,udp,dns,SF,508,3850,0,67,0,Normal,Normal
3,tcp,http,SF,2275,60,0,7,1,Normal,Normal
0,tcp,ssh,S0,32,0,0,350,0,Intrusion/Attack,SYN Flood
0,udp,dns,SF,114,13259,0,12,0,Normal,Normal
21,tcp,http,SF,933,1740,0,5,1,Normal,Normal
0,tcp,smtp,RSTO,32,0,0,396,0,Intrusion/Attack,SYN Flood
0,tcp,http,RSTO,32,0,0,334,0,Intrusion/Attack,SYN Flood
1,udp,other,SF,35,6656,0,16,0,Normal,Normal
0,tcp,http,S0,0,0,0,350,0,Intrusion/Attack,SYN Flood
17,tcp,smtp,SF,1465,2884,0,6,1,Normal,Normal
6,udp,other,SF,1149,508,0,18,0,Normal,Normal
6,tcp,smtp,SF,958,270,0,1,1,Normal,Normal
14,udp,dns,SF,468,2960,0,30,0,Normal,Normal
1,tcp,http,SF,406,3309,0,4,1,Normal,Normal
0,tcp,http,S0,40,0,0,358,0,Intrusion/Attack,SYN Flood
12,tcp,http,SF,302,2600,0,14,1,Normal,Normal
1,tcp,http,SF,178,1252,0,45,1,Normal,Normal
11,tcp,http,SF,103,4081,0,15,1,Normal,Normal
20,tcp,http,SF,2328,2193,0,7,1,Normal,Normal
5,tcp,http,SF,703,285,0,22,1,Normal,Normal
39,tcp,other,SF,480,2473,0,9,0,Normal,Normal
2,tcp,dns,S0,44,0,0,191,0,Intrusion/Attack,Port Scan
48,tcp,ssh,SF,138,6891,0,13,1,Normal,Normal
0,tcp,other,S0,40,0,0,226,0,Intrusion/Attack,SYN Flood
0,tcp,http,S0,32,48,0,335,0,Intrusion/Attack,SYN Flood
18,tcp,ssh,SF,736,412,4,26,0,Intrusion/Attack,Brute Force
1,tcp,telnet,REJ,44,0,0,188,0,Intrusion/Attack,Port Scan
0,tcp,http,S0,40,0,0,187,0,Intrusion/Attack,SYN Flood
11,tcp,ftp,SF,742,196,4,33,0,Intrusion/Attack,Brute Force
33,tcp,smtp,SF,680,3101,0,8,1,Normal,Normal
8,tcp,telnet,SF,554,241,2,28,0,Intrusion/Attack,Brute Force
10,udp,dns,SF,2198,7051,0,26,0,Normal,Normal
14,tcp,smtp,SF,363,483,0,23,1,Normal,Normal
0,tcp,http,REJ,120,0,0,217,0,Intrusion/Attack,Port Scan
3,tcp,ssh,SF,951,740,0,4,1,Normal,Normal
0,tcp,ssh,S0,64,0,0,266,0,Intrusion/Attack,SYN Flood
0,tcp,smtp,S0,32,0,0,301,0,Intrusion/Attack,SYN Flood
29,tcp,http,SF,977,675,0,1,0,Normal,Normal
29,tcp,ssh,SF,30,5805,0,12,0,Normal,Normal
17,udp,dns,SF,626,3353,0,35,0,Normal,Normal
0,tcp,http,S0,64,0,0,292,0,Intrusion/Attack,SYN Flood
13,tcp,http,SF,55,2472,0,8,1,Normal,Normal
19,tcp,ssh,RSTO,387,142,3,41,0,Intrusion/Attack,Brute Force
10,tcp,http,SF,377,1723,0,8,1,Normal,Normal
10,tcp,http,SF,428,1450,0,4,1,Normal,Normal
6,tcp,ssh,SF,1107,93,0,12,1,Normal,Normal
42,tcp,ssh,SF,512,2292,0,43,1,Normal,Normal
1,tcp,ssh,REJ,120,20,0,137,0,Intrusion/Attack,Port Scan
7,icmp,other,SF,1504,4124,0,18,0,Normal,Normal
12,tcp,http,SF,2060,1678,0,16,1,Normal,Normal
3,tcp,http,SF,217,1688,0,27,1,Normal,Normal
9,udp,dns,SF,126,3900,0,28,0,Normal,Normal
4,tcp,http,SF,1449,1815,0,19,1,Normal,Normal
0,icmp,ftp,S0,60,0,0,228,0,Intrusion/Attack,Port Scan
13,tcp,ftp,SF,99,1760,0,95,1,Normal,Normal
17,icmp,other,SF,1793,4210,0,14,0,Normal,Normal
23,udp,dns,SF,403,6791,0,10,0,Normal,Normal
16,tcp,ftp,REJ,1753,1243,0,39,1,Normal,Normal
3,udp,dns,SF,769,2214,0,6,0,Normal,Normal
4,tcp,http,SF,1741,4136,0,3,1,Normal,Normal
40,tcp,http,SF,1142,2867,0,10,1,Normal,Normal
34,tcp,ssh,SF,579,228,2,37,0,Intrusion/Attack,Brute Force
28,icmp,other,SF,246,7980,0,8,0,Normal,Normal
0,tcp,smtp,S0,32,0,0,271,0,Intrusion/Attack,SYN Flood
16,tcp,http,SF,830,707,0,2,1,Normal,Normal
0,tcp,http,S0,64,0,0,141,0,Intrusion/Attack,SYN Flood
23,tcp,ssh,SF,307,253,0,34,0,Normal,Normal
0,udp,http,REJ,44,0,0,128,0,Intrusion/Attack,Port Scan
42,tcp,ssh,SF,385,2563,0,7,1,Normal,Normal
1,tcp,other,REJ,60,0,0,251,0,Intrusion/Attack,Port Scan
18,tcp,smtp,SF,55,212,1,8,1,Normal,Normal
38,tcp,http,SF,223,1376,0,2,1,Normal,Normal
0,tcp,http,S0,40,0,0,323,0,Intrusion/Attack,SYN Flood
16,tcp,smtp,SF,680,3882,0,3,0,Normal,Normal
42,tcp,ssh,SF,945,8250,0,11,1,Normal,Normal
52,tcp,http,SF,654,3465,0,3,1,Normal,Normal
25,tcp,ssh,SF,232,389,0,11,0,Normal,Normal
4,tcp,http,SF,1194,123,0,8,1,Normal,Normal
13,tcp,http,SF,505,688,0,55,1,Normal,Normal
0,tcp,smtp,SH,20,20,0,178,0,Intrusion/Attack,Port Scan
7,tcp,ftp,SF,102,627,0,2,0,Normal,Normal
8,tcp,http,SF,737,1910,0,17,1,Normal,Normal
2,tcp,telnet,S0,44,20,0,242,0,Intrusion/Attack,Port Scan
24,tcp,http,SF,508,23,0,6,1,Normal,Normal
7,tcp,http,RSTO,1142,449,0,4,1,Normal,Normal
6,udp,dns,SF,663,1416,0,8,0,Normal,Normal
75,tcp,smtp,SF,819,1899,0,1,1,Normal,Normal
25,tcp,smtp,SF,420,4597,0,1,1,Normal,Normal
1,tcp,ssh,S0,64,48,0,216,0,Intrusion/Attack,SYN Flood
8,udp,dns,SF,239,2243,0,16,0,Normal,Normal
4,tcp,ftp,SF,30,5510,0,54,1,Normal,Normal
6,tcp,http,REJ,1343,1206,0,4,1,Normal,Normal
5,udp,dns,SF,451,1460,0,19,0,Normal,Normal
26,udp,dns,SF,570,379,0,11,0,Normal,Normal
45,tcp,other,SF,457,1532,0,7,0,Normal,Normal
19,tcp,other,SF,1102,131,0,26,0,Normal,Normal
22,tcp,telnet,REJ,683,310,3,29,0,Intrusion/Attack,Brute Force
14,udp,dns,SF,1711,1663,0,10,0,Normal,Normal
13,tcp,smtp,SF,44,348,0,12,1,Normal,Normal
13,udp,dns,SF,1468,4827,0,6,0,Normal,Normal
19,tcp,http,SF,492,815,0,6,0,Normal,Normal
19,tcp,other,SF,291,1894,0,16,0,Normal,Normal
0,tcp,http,S0,40,0,0,319,0,Intrusion/Attack,SYN Flood
5,tcp,http,SF,189,784,0,8,1,Normal,Normal
37,tcp,telnet,RSTO,425,54,3,28,0,Intrusion/Attack,Brute Force
2,udp,dns,S0,20,0,0,169,0,Intrusion/Attack,Port Scan
39,tcp,http,RSTO,340,16232,0,1,1,Normal,Normal
21,tcp,telnet,SF,298,438,2,22,0,Intrusion/Attack,Brute Force
20,tcp,http,SF,31,594,0,25,1,Normal,Normal
2,tcp,ftp,REJ,44,20,0,174,0,Intrusion/Attack,Port Scan
13,icmp,other,SF,74,1474,0,1,0,Normal,Normal
29,udp,dns,SF,1090,81,0,1,0,Normal,Normal
19,tcp,http,SF,30,1090,0,4,1,Normal,Normal
0,tcp,other,S0,64,0,0,177,0,Intrusion/Attack,SYN Flood
17,tcp,http,RSTO,171,1917,0,53,1,Normal,Normal
24,tcp,http,SF,1037,1638,0,14,1,Normal,Normal
7,udp,dns,SF,618,2345,0,9,0,Normal,Normal
0,tcp,http,SF,30,942,0,27,1,Normal,Normal
10,udp,dns,SF,763,2866,0,6,0,Normal,Normal
42,tcp,smtp,SF,196,4607,0,24,0,Normal,Normal
9,tcp,other,SF,164,6503,0,3,0,Normal,Normal
7,tcp,ssh,RSTO,818,287,5,33,0,Intrusion/Attack,Brute Force
2,tcp,dns,REJ,60,20,0,321,0,Intrusion/Attack,Port Scan
25,tcp,smtp,SF,505,2972,0,11,1,Normal,Normal
2,tcp,other,REJ,0,0,0,177,0,Intrusion/Attack,Port Scan
14,udp,dns,SF,268,2894,0,15,0,Normal,Normal
16,tcp,smtp,SF,43,2176,0,4,0,Normal,Normal
8,tcp,http,SF,315,3218,0,15,1,Normal,Normal
0,tcp,http,S0,0,0,0,403,0,Intrusion/Attack,SYN Flood
0,tcp,http,S0,0,0,0,311,0,Intrusion/Attack,SYN Flood
1,udp,telnet,RSTR,44,0,0,200,0,Intrusion/Attack,Port Scan
0,tcp,http,S0,0,0,0,240,0,Intrusion/Attack,SYN Flood
0,udp,dns,SF,69,2613,0,3,0,Normal,Normal
1,udp,dns,SF,208,535,0,26,0,Normal,Normal
4,tcp,ssh,SF,276,299,5,30,0,Intrusion/Attack,Brute Force
0,tcp,http,S0,32,48,0,366,0,Intrusion/Attack,SYN Flood
13,udp,dns,SF,710,462,0,9,0,Normal,Normal
23,tcp,http,SF,87,2261,2,15,1,Normal,Normal
1,tcp,http,S0,0,0,0,355,0,Intrusion/Attack,SYN Flood
33,tcp,other,SF,487,11896,0,13,0,Normal,Normal
19,tcp,http,SF,1042,6969,0,5,1,Normal,Normal
14,tcp,ssh,SF,351,374,0,1,1,Normal,Normal
0,tcp,http,S0,0,0,0,259,0,Intrusion/Attack,SYN Flood
39,tcp,ftp,SF,478,1604,0,19,1,Normal,Normal
51,udp,other,SF,375,7205,0,2,0,Normal,Normal
7,tcp,http,SF,59,2303,0,7,1,Normal,Normal
0,tcp,http,S0,64,0,0,440,0,Intrusion/Attack,SYN Flood
12,udp,dns,SF,1564,8982,0,4,0,Normal,Normal
17,tcp,http,SF,158,2965,0,14,1,Normal,Normal
6,tcp,http,SF,693,1849,0,19,1,Normal,Normal
8,tcp,http,SF,1277,56,0,3,1,Normal,Normal
0,tcp,http,S0,40,0,0,232,0,Intrusion/Attack,SYN Flood
2,udp,dns,SF,339,1054,0,12,0,Normal,Normal
3,tcp,http,SF,1063,836,0,5,1,Normal,Normal
50,icmp,other,SF,314,7397,0,19,0,Normal,Normal
24,udp,dns,SF,585,8900,0,24,0,Normal,Normal
0,tcp,http,S0,32,0,0,279,0,Intrusion/Attack,SYN Flood
10,tcp,ssh,SF,796,136,6,23,0,Intrusion/Attack,Brute Force
7,udp,dns,SF,121,1159,0,8,0,Normal,Normal
16,tcp,http,SF,226,1805,0,2,1,Normal,Normal
18,tcp,ssh,SF,742,73,5,23,0,Intrusion/Attack,Brute Force
1,tcp,http,SF,382,3690,0,15,1,Normal,Normal
1,tcp,ftp,SF,441,5551,0,1,1,Normal,Normal
0,tcp,http,S0,128,0,0,354,0,Intrusion/Attack,SYN Flood
0,tcp,other,S0,40,0,0,264,0,Intrusion/Attack,SYN Flood
6,udp,dns,SF,122,2160,0,6,0,Normal,Normal
17,tcp,http,SF,1015,7872,0,13,0,Normal,Normal
0,tcp,http,SF,237,153,0,9,1,Normal,Normal
9,tcp,ssh,SF,1105,3108,0,32,0,Normal,Normal
13,udp,dns,SF,929,2243,0,25,0,Normal,Normal
18,tcp,ssh,SF,547,289,2,31,0,Intrusion/Attack,Brute Force
36,tcp,telnet,SF,569,313,2,25,0,Intrusion/Attack,Brute Force
12,tcp,smtp,SF,213,3521,0,7,1,Normal,Normal
28,tcp,other,SF,32,1687,0,13,0,Normal,Normal
11,tcp,smtp,SF,60,13166,0,1,0,Normal,Normal
8,tcp,http,SF,269,2220,0,5,1,Normal,Normal
10,tcp,ssh,SF,224,1054,0,13,1,Normal,Normal
29,tcp,ssh,SF,305,40,0,18,1,Normal,Normal
13,tcp,http,SF,854,139,0,23,1,Normal,Normal
0,tcp,ssh,S0,128,0,0,216,0,Intrusion/Attack,SYN Flood
0,tcp,http,S0,40,0,0,304,0,Intrusion/Attack,SYN Flood
29,tcp,smtp,SF,69,1022,0,27,1,Normal,Normal
1,tcp,ssh,S0,32,0,0,209,0,Intrusion/Attack,SYN Flood
31,tcp,http,SF,839,689,0,14,1,Normal,Normal
18,tcp,smtp,SF,339,144,0,12,1,Normal,Normal
2,tcp,dns,RSTR,20,0,0,176,0,Intrusion/Attack,Port Scan
0,tcp,http,S0,64,48,0,334,0,Intrusion/Attack,SYN Flood
39,tcp,http,SF,666,896,0,2,1,Normal,Normal
12,icmp,other,SF,57,2183,0,4,0,Normal,Normal
1,tcp,other,RSTR,60,20,0,196,0,Intrusion/Attack,Port Scan
31,tcp,ssh,SF,578,199,2,25,0,Intrusion/Attack,Brute Force
37,tcp,ssh,SF,1496,1426,0,8,1,Normal,Normal
1,udp,dns,SF,340,5219,0,53,0,Normal,Normal
0,tcp,http,S0,0,0,0,373,0,Intrusion/Attack,SYN Flood
2,tcp,ftp,REJ,44,0,0,126,0,Intrusion/Attack,Port Scan
1,tcp,http,SF,934,1338,0,21,1,Normal,Normal
5,udp,dns,SF,326,2644,0,4,0,Normal,Normal
22,tcp,ftp,SF,811,2243,0,9,1,Normal,Normal
9,tcp,ssh,SF,258,413,0,18,1,Normal,Normal
36,tcp,telnet,RSTO,633,273,3,25,0,Intrusion/Attack,Brute Force
1,tcp,ssh,S0,60,0,0,161,0,Intrusion/Attack,Port Scan
0,tcp,http,RSTO,64,48,0,446,0,Intrusion/Attack,SYN Flood
0,tcp,http,S0,40,0,0,436,0,Intrusion/Attack,SYN Flood
18,udp,dns,SF,505,243,0,1,0,Normal,Normal
18,udp,dns,SF,1611,26,0,4,0,Normal,Normal
0,tcp,smtp,SF,60,0,0,45,0,Intrusion/Attack,Port Scan
2,tcp,http,SF,424,2575,0,19,1,Normal,Normal
4,tcp,http,SF,127,456,0,14,0,Normal,Normal
8,icmp,other,SF,30,1080,0,3,0,Normal,Normal
7,tcp,smtp,SF,1195,375,0,19,0,Normal,Normal
0,tcp,http,S0,128,0,0,244,0,Intrusion/Attack,SYN Flood
0,tcp,http,S0,64,0,0,191,0,Intrusion/Attack,SYN Flood
0,tcp,http,S0,32,0,0,340,0,Intrusion/Attack,SYN Flood
26,udp,dns,SF,351,463,0,5,0,Normal,Normal
9,tcp,ssh,RSTO,736,231,5,29,0,Intrusion/Attack,Brute Force
40,tcp,http,SF,1383,532,0,23,1,Normal,Normal
30,tcp,other,SF,1227,1719,0,4,0,Normal,Normal
27,udp,dns,SF,107,207,0,11,0,Normal,Normal
17,tcp,ftp,REJ,492,70,5,26,0,Intrusion/Attack,Brute Force
0,tcp,ssh,S0,0,48,0,337,0,Intrusion/Attack,SYN Flood
0,tcp,http,RSTO,40,0,0,310,0,Intrusion/Attack,SYN Flood
34,tcp,ssh,REJ,459,118,3,22,0,Intrusion/Attack,Brute Force
2,tcp,ssh,SF,0,20,0,123,0,Intrusion/Attack,Port Scan
0,tcp,ssh,SF,642,374,0,3,1,Normal,Normal
7,tcp,http,SF,1882,4215,1,34,1,Normal,Normal
2,tcp,http,SF,759,1734,0,7,1,Normal,Normal
0,tcp,smtp,S0,40,0,0,218,0,Intrusion/Attack,SYN Flood
6,tcp,smtp,SF,231,577,0,1,1,Normal,Normal
1,tcp,other,RSTR,44,20,0,64,0,Intrusion/Attack,Port Scan
18,tcp,http,SF,879,1660,0,2,1,Normal,Normal
5,tcp,http,SF,583,848,0,1,1,Normal,Normal
12,tcp,http,SF,1103,7700,0,15,1,Normal,Normal
0,icmp,other,SF,456,3041,0,4,0,Normal,Normal
10,udp,dns,SF,30,811,0,64,0,Normal,Normal
7,icmp,other,SF,1142,3470,0,50,0,Normal,Normal
35,tcp,http,SF,3934,430,0,7,0,Normal,Normal
17,tcp,smtp,SF,541,4696,0,25,1,Normal,Normal
36,udp,dns,SF,1984,949,0,12,0,Normal,Normal
1,tcp,http,S0,40,0,0,297,0,Intrusion/Attack,SYN Flood
17,tcp,http,SF,3036,781,0,7,1,Normal,Normal
0,tcp,telnet,REJ,20,0,0,278,0,Intrusion/Attack,Port Scan
17,tcp,http,SF,611,100,0,17,1,Normal,Normal
0,tcp,other,RSTO,128,0,0,330,0,Intrusion/Attack,SYN Flood
19,tcp,ftp,RSTO,670,237,2,19,0,Intrusion/Attack,Brute Force
0,tcp,http,S0,0,0,0,272,0,Intrusion/Attack,SYN Flood
42,tcp,http,SF,140,423,0,12,1,Normal,Normal
12,tcp,smtp,SF,440,1751,0,37,1,Normal,Normal
1,tcp,telnet,REJ,120,0,0,161,0,Intrusion/Attack,Port Scan
8,tcp,http,SF,321,2679,0,1,1,Normal,Normal
7,tcp,http,SF,1291,5181,0,33,1,Normal,Normal
2,tcp,other,SF,136,3022,0,11,0,Normal,Normal
1,icmp,smtp,REJ,20,20,0,160,0,Intrusion/Attack,Port Scan
23,tcp,ssh,RSTO,487,161,3,36,0,Intrusion/Attack,Brute Force
6,tcp,http,SF,144,1889,1,20,1,Normal,Normal
15,tcp,smtp,SF,2683,2204,0,14,0,Normal,Normal
34,tcp,smtp,SF,165,76,0,20,1,Normal,Normal
45,tcp,ftp,SF,1436,1459,0,6,1,Normal,Normal
3,tcp,http,SF,257,306,0,15,1,Normal,Normal
23,tcp,http,SF,159,2712,0,14,0,Normal,Normal
12,tcp,http,SF,460,4389,0,12,1,Normal,Normal
6,tcp,http,SF,30,5646,0,18,1,Normal,Normal
0,tcp,other,S0,40,0,0,374,0,Intrusion/Attack,SYN Flood
4,udp,dns,SF,81,696,0,14,0,Normal,Normal
34,tcp,ssh,REJ,839,317,5,31,0,Intrusion/Attack,Brute Force
24,tcp,ftp,REJ,702,88,3,28,0,Intrusion/Attack,Brute Force
14,tcp,ftp,SF,635,1387,0,52,1,Normal,Normal
9,tcp,ssh,REJ,696,388,2,33,0,Intrusion/Attack,Brute Force
13,tcp,ftp,REJ,573,210,4,22,0,Intrusion/Attack,Brute Force
14,udp,dns,SF,563,6903,0,1,0,Normal,Normal
13,tcp,http,SF,41,1220,0,5,1,Normal,Normal
0,tcp,http,S0,128,0,0,337,0,Intrusion/Attack,SYN Flood
0,tcp,http,S0,40,0,0,370,0,Intrusion/Attack,SYN Flood
22,tcp,smtp,SF,451,1061,0,17,1,Normal,Normal
5,tcp,http,SF,583,1065,0,2,1,Normal,Normal
27,tcp,http,SF,838,681,0,5,1,Normal,Normal
19,tcp,http,SF,799,1836,0,14,1,Normal,Normal
1,udp,ftp,REJ,0,0,0,153,0,Intrusion/Attack,Port Scan
18,tcp,http,SF,515,2257,0,11,1,Normal,Normal
10,udp,dns,SF,619,2808,0,14,0,Normal,Normal
1,tcp,http,RSTO,0,0,0,320,0,Intrusion/Attack,SYN Flood
27,tcp,telnet,RSTO,717,300,4,32,0,Intrusion/Attack,Brute Force
25,udp,other,SF,70,619,0,6,0,Normal,Normal
0,tcp,http,S0,0,48,0,205,0,Intrusion/Attack,SYN Flood
17,tcp,ssh,REJ,304,48,3,31,0,Intrusion/Attack,Brute Force
28,tcp,http,SF,1911,5187,0,6,1,Normal,Normal
0,tcp,http,S0,0,0,0,261,0,Intrusion/Attack,SYN Flood
7,udp,dns,SF,526,700,0,29,0,Normal,Normal
12,tcp,http,SF,816,4364,0,23,1,Normal,Normal
2,tcp,ftp,REJ,120,0,0,123,0,Intrusion/Attack,Port Scan
1,tcp,smtp,SF,206,4278,1,11,1,Normal,Normal
0,udp,dns,SF,184,5001,0,10,0,Normal,Normal
1,tcp,http,S0,128,0,0,421,0,Intrusion/Attack,SYN Flood
15,udp,dns,SF,354,7843,0,14,0,Normal,Normal
4,icmp,other,SF,1200,4156,0,2,0,Normal,Normal
17,tcp,ssh,SF,67,294,0,6,0,Normal,Normal
1,tcp,other,S0,128,0,0,364,0,Intrusion/Attack,SYN Flood
1,tcp,http,SF,30,3841,0,2,1,Normal,Normal
0,udp,http,REJ,44,20,0,156,0,Intrusion/Attack,Port Scan
0,tcp,http,SF,161,2732,0,7,0,Normal,Normal
18,tcp,ssh,SF,544,185,4,35,0,Intrusion/Attack,Brute Force
6,icmp,other,SF,344,434,0,19,0,Normal,Normal
0,tcp,http,RSTO,0,0,0,292,0,Intrusion/Attack,SYN Flood
6,tcp,http,SF,615,1084,0,10,1,Normal,Normal
6,icmp,other,SF,41,5469,0,49,0,Normal,Normal
28,tcp,ftp,SF,729,56,4,20,0,Intrusion/Attack,Brute Force
4,tcp,ssh,RSTO,702,127,4,30,0,Intrusion/Attack,Brute Force
14,tcp,http,SF,133,2558,0,16,1,Normal,Normal
11,tcp,ssh,REJ,163,262,3,18,0,Intrusion/Attack,Brute Force
0,tcp,http,RSTO,128,48,0,435,0,Intrusion/Attack,SYN Flood
25,icmp,other,SF,49,1431,0,4,0,Normal,Normal
33,udp,other,SF,592,6118,0,4,0,Normal,Normal
3,udp,dns,SF,494,609,0,16,0,Normal,Normal
8,tcp,http,SF,337,9937,0,6,1,Normal,Normal
52,tcp,smtp,SF,274,1033,0,8,1,Normal,Normal
63,tcp,http,REJ,294,2514,0,19,1,Normal,Normal
1,udp,ftp,SH,0,0,0,284,0,Intrusion/Attack,Port Scan
0,tcp,other,SH,120,0,0,198,0,Intrusion/Attack,Port Scan
1,tcp,http,S0,0,48,0,324,0,Intrusion/Attack,SYN Flood
1,udp,dns,SF,685,2256,0,42,0,Normal,Normal
1,tcp,http,REJ,0,0,0,361,0,Intrusion/Attack,SYN Flood
2,tcp,smtp,REJ,120,0,0,140,0,Intrusion/Attack,Port Scan
1,udp,dns,SF,80,2178,0,2,0,Normal,Normal
17,tcp,http,SF,734,1927,0,12,1,Normal,Normal
14,tcp,http,SF,794,4236,0,17,1,Normal,Normal
15,tcp,other,REJ,1378,577,1,3,0,Normal,Normal
0,tcp,http,S0,64,0,0,392,0,Intrusion/Attack,SYN Flood
7,tcp,ssh,SF,741,5315,0,2,1,Normal,Normal
22,udp,dns,SF,449,1048,0,1,0,Normal,Normal
9,tcp,ssh,REJ,516,234,0,7,0,Normal,Normal
37,tcp,ftp,SF,479,83,5,27,0,Intrusion/Attack,Brute Force
0,tcp,smtp,S0,128,48,0,351,0,Intrusion/Attack,SYN Flood
26,udp,dns,SF,832,4632,0,2,0,Normal,Normal
10,tcp,http,SF,247,4255,0,7,1,Normal,Normal
11,tcp,http,SF,264,2388,0,3,1,Normal,Normal
1,tcp,http,SF,2924,7145,0,44,1,Normal,Normal
43,tcp,http,SF,578,1013,0,39,1,Normal,Normal
0,tcp,ssh,S0,0,0,0,412,0,Intrusion/Attack,SYN Flood
2,tcp,dns,RSTR,44,0,0,68,0,Intrusion/Attack,Port Scan
15,tcp,http,SF,101,1030,0,3,1,Normal,Normal
37,tcp,http,SF,708,897,0,11,0,Normal,Normal
2,udp,dns,SF,91,3106,0,4,0,Normal,Normal
2,udp,smtp,REJ,44,0,0,204,0,Intrusion/Attack,Port Scan
5,tcp,ftp,SF,1468,1183,0,38,1,Normal,Normal
29,udp,dns,SF,120,4617,0,12,0,Normal,Normal
13,tcp,http,SF,257,3644,0,7,1,Normal,Normal
0,tcp,http,RSTO,64,48,0,284,0,Intrusion/Attack,SYN Flood
0,udp,smtp,REJ,0,0,0,176,0,Intrusion/Attack,Port Scan
17,tcp,ftp,RSTO,821,307,5,21,0,Intrusion/Attack,Brute Force
5,udp,dns,SF,143,331,0,17,0,Normal,Normal
1,tcp,http,S0,64,48,0,374,0,Intrusion/Attack,SYN Flood
5,tcp,http,SF,883,118,0,31,1,Normal,Normal
20,tcp,http,SF,97,698,0,3,1,Normal,Normal
15,tcp,http,SF,1050,3704,0,17,1,Normal,Normal
37,tcp,telnet,SF,556,41,3,38,0,Intrusion/Attack,Brute Force
39,tcp,http,SF,644,3743,0,4,1,Normal,Normal
2,udp,dns,SF,56,46,0,36,0,Normal,Normal
13,tcp,http,SF,2818,5231,0,8,1,Normal,Normal
7,tcp,http,REJ,106,3692,0,4,1,Normal,Normal
10,tcp,http,SF,1604,122,0,2,1,Normal,Normal
23,udp,dns,SF,2812,2866,0,66,0,Normal,Normal
11,tcp,http,SF,1366,3998,0,4,1,Normal,Normal
20,tcp,telnet,SF,129,114,3,32,0,Intrusion/Attack,Brute Force
4,tcp,http,SF,41,474,0,40,1,Normal,Normal
4,tcp,http,SF,3806,1053,0,3,1,Normal,Normal
1,udp,dns,SF,516,1453,0,2,0,Normal,Normal
25,tcp,http,SF,907,3359,0,18,0,Normal,Normal
10,tcp,ftp,SF,58,8378,0,23,0,Normal,Normal
1,tcp,http,S0,0,0,0,361,0,Intrusion/Attack,SYN Flood
28,tcp,ftp,SF,469,391,2,32,0,Intrusion/Attack,Brute Force
7,tcp,http,SF,30,143,0,52,1,Normal,Normal
15,tcp,http,SF,821,46,0,8,1,Normal,Normal
23,tcp,ssh,RSTO,710,136,4,25,0,Intrusion/Attack,Brute Force
1,tcp,other,S0,40,48,0,329,0,Intrusion/Attack,SYN Flood
2,tcp,smtp,SF,2191,35,0,7,1,Normal,Normal
7,tcp,http,SF,584,1621,0,14,1,Normal,Normal
75,tcp,http,SF,395,3003,0,11,1,Normal,Normal
3,tcp,ssh,SF,242,297,0,67,0,Normal,Normal
4,tcp,http,SF,1069,1477,0,10,0,Normal,Normal
58,udp,dns,SF,158,1293,0,43,0,Normal,Normal
9,tcp,http,SF,30,282,0,2,1,Normal,Normal
10,udp,dns,SF,74,176,0,22,0,Normal,Normal
8,tcp,http,SF,414,1656,0,15,1,Normal,Normal
12,tcp,http,SF,267,178,0,24,1,Normal,Normal
1,tcp,http,S0,128,0,0,235,0,Intrusion/Attack,SYN Flood
0,tcp,ssh,S0,128,0,0,207,0,Intrusion/Attack,SYN Flood
0,tcp,other,S0,32,0,0,303,0,Intrusion/Attack,SYN Flood
1,tcp,http,S0,32,0,0,310,0,Intrusion/Attack,SYN Flood
29,tcp,ssh,RSTO,585,189,4,30,0,Intrusion/Attack,Brute Force
15,tcp,ssh,SF,722,382,5,28,0,Intrusion/Attack,Brute Force
0,tcp,other,SF,536,3737,0,12,0,Normal,Normal
6,tcp,smtp,SF,2065,5375,0,14,1,Normal,Normal
1,tcp,http,SF,647,1683,0,42,1,Normal,Normal
0,tcp,http,S0,32,0,0,300,0,Intrusion/Attack,SYN Flood
27,tcp,http,SF,3221,1095,0,20,0,Normal,Normal
6,tcp,ssh,SF,265,103,0,31,1,Normal,Normal
16,tcp,http,SF,4837,118,1,9,0,Normal,Normal
0,tcp,ssh,S0,0,0,0,453,0,Intrusion/Attack,SYN Flood
0,tcp,smtp,S0,32,48,0,349,0,Intrusion/Attack,SYN Flood
0,tcp,http,S0,32,0,0,295,0,Intrusion/Attack,SYN Flood
1,tcp,smtp,SH,60,0,0,133,0,Intrusion/Attack,Port Scan
1,tcp,http,S0,0,0,0,340,0,Intrusion/Attack,SYN Flood
51,tcp,smtp,SF,614,3129,0,18,1,Normal,Normal
27,udp,dns,SF,1532,847,0,11,0,Normal,Normal
3,icmp,other,SF,656,802,0,4,0,Normal,Normal
7,tcp,http,SF,56,824,0,6,1,Normal,Normal
19,tcp,http,SF,179,4329,0,7,1,Normal,Normal
1,tcp,smtp,S0,64,48,0,287,0,Intrusion/Attack,SYN Flood
4,tcp,http,SF,724,3441,0,21,1,Normal,Normal
13,tcp,other,SF,110,407,0,33,0,Normal,Normal
5,tcp,ssh,SF,943,875,0,6,1,Normal,Normal
26,tcp,http,REJ,295,253,0,1,1,Normal,Normal
1,tcp,ftp,S0,44,0,0,176,0,Intrusion/Attack,Port Scan
1,tcp,http,REJ,0,0,0,275,0,Intrusion/Attack,SYN Flood
6,tcp,http,SF,1485,3324,0,17,1,Normal,Normal
16,tcp,http,SF,801,20,0,18,1,Normal,Normal
0,tcp,http,S0,0,48,0,270,0,Intrusion/Attack,SYN Flood
7,udp,dns,SF,1020,871,0,13,0,Normal,Normal
24,tcp,http,SF,205,81,0,4,1,Normal,Normal
36,tcp,ssh,SF,30,3531,0,4,1,Normal,Normal
0,tcp,http,RSTO,64,48,0,232,0,Intrusion/Attack,SYN Flood
15,tcp,smtp,SF,48,5752,0,2,1,Normal,Normal
26,tcp,http,SF,30,2699,0,5,1,Normal,Normal
0,tcp,http,S0,40,0,0,362,0,Intrusion/Attack,SYN Flood
1,udp,other,SF,793,4566,0,4,0,Normal,Normal
53,udp,other,SF,819,2755,0,3,0,Normal,Normal
3,tcp,ftp,SF,617,158,3,30,0,Intrusion/Attack,Brute Force
2,udp,telnet,REJ,60,0,0,221,0,Intrusion/Attack,Port Scan
0,tcp,http,S0,0,48,0,357,0,Intrusion/Attack,SYN Flood
0,tcp,ssh,S0,32,0,0,349,0,Intrusion/Attack,SYN Flood
8,tcp,ftp,SF,331,403,2,38,0,Intrusion/Attack,Brute Force
7,tcp,ssh,RSTO,623,355,4,34,0,Intrusion/Attack,Brute Force
0,tcp,http,S0,64,48,0,369,0,Intrusion/Attack,SYN Flood
0,tcp,http,RSTO,64,0,0,293,0,Intrusion/Attack,SYN Flood
68,tcp,http,SF,274,828,0,17,1,Normal,Normal
0,tcp,http,S0,64,48,0,203,0,Intrusion/Attack,SYN Flood
32,tcp,ftp,SF,833,296,2,29,0,Intrusion/Attack,Brute Force
0,tcp,http,SF,821,1548,0,8,1,Normal,Normal
9,tcp,http,SF,501,12793,0,16,1,Normal,Normal
4,tcp,smtp,SF,467,963,0,11,1,Normal,Normal
1,tcp,http,S0,40,0,0,279,0,Intrusion/Attack,SYN Flood
5,udp,dns,SF,496,152,0,11,0,Normal,Normal
14,udp,dns,SF,369,1005,0,15,0,Normal,Normal
19,tcp,http,SF,178,1545,0,14,1,Normal,Normal
8,udp,dns,SF,435,548,0,8,0,Normal,Normal
12,tcp,http,SF,154,64,0,1,1,Normal,Normal
0,tcp,http,S0,128,48,0,414,0,Intrusion/Attack,SYN Flood
5,tcp,http,SF,32,3272,0,18,1,Normal,Normal
0,tcp,other,S0,64,48,0,342,0,Intrusion/Attack,SYN Flood
0,tcp,http,REJ,44,0,0,170,0,Intrusion/Attack,Port Scan
3,tcp,http,SF,2280,2645,0,24,0,Normal,Normal
14,tcp,ftp,SF,655,101,4,33,0,Intrusion/Attack,Brute Force
1,udp,ftp,SH,0,20,0,136,0,Intrusion/Attack,Port Scan
0,tcp,other,S0,128,0,0,471,0,Intrusion/Attack,SYN Flood
1,udp,dns,SF,923,2235,0,1,0,Normal,Normal
1,tcp,http,S0,64,0,0,269,0,Intrusion/Attack,SYN Flood
9,tcp,other,SF,869,329,0,6,0,Normal,Normal
11,tcp,smtp,SF,143,1861,0,10,1,Normal,Normal
0,tcp,ssh,S0,32,0,0,281,0,Intrusion/Attack,SYN Flood
0,tcp,http,S0,64,48,0,296,0,Intrusion/Attack,SYN Flood
1,tcp,ftp,SF,604,2733,0,32,1,Normal,Normal
1,tcp,other,REJ,20,0,0,84,0,Intrusion/Attack,Port Scan
18,tcp,ftp,SF,699,10851,0,18,1,Normal,Normal
0,tcp,http,S0,40,0,0,413,0,Intrusion/Attack,SYN Flood
10,tcp,smtp,SF,679,1995,0,17,1,Normal,Normal
4,tcp,smtp,SF,608,8411,1,17,1,Normal,Normal
23,tcp,http,SF,1073,1495,0,17,1,Normal,Normal
0,icmp,other,REJ,44,0,0,204,0,Intrusion/Attack,Port Scan
1,udp,dns,SF,1008,4331,0,31,0,Normal,Normal
32,tcp,telnet,RSTO,310,368,3,28,0,Intrusion/Attack,Brute Force
31,tcp,ssh,SF,617,79,4,24,0,Intrusion/Attack,Brute Force
24,tcp,http,SF,441,433,0,25,1,Normal,Normal
5,udp,dns,SF,225,81,0,10,0,Normal,Normal
28,tcp,smtp,SF,478,2330,0,10,0,Normal,Normal
17,udp,dns,SF,145,1841,0,10,0,Normal,Normal
6,tcp,http,SF,30,353,0,1,1,Normal,Normal
21,udp,dns,SF,74,9544,0,24,0,Normal,Normal
3,tcp,http,SF,30,1531,0,5,1,Normal,Normal
4,udp,dns,SF,1237,1955,0,16,0,Normal,Normal
1,udp,dns,SF,488,325,0,11,0,Normal,Normal
12,tcp,ssh,SF,190,113,2,15,0,Intrusion/Attack,Brute Force
23,tcp,smtp,SF,57,1786,0,2,1,Normal,Normal
2,tcp,other,S0,120,20,0,154,0,Intrusion/Attack,Port Scan
36,tcp,http,SF,63,734,0,6,1,Normal,Normal
3,udp,dns,SF,500,2157,0,2,0,Normal,Normal
13,tcp,http,SF,495,2247,0,27,1,Normal,Normal
28,tcp,ssh,RSTO,758,163,4,30,0,Intrusion/Attack,Brute Force
44,tcp,http,SF,1788,2000,0,3,1,Normal,Normal
63,tcp,smtp,RSTO,99,844,0,11,1,Normal,Normal
19,udp,dns,SF,72,758,0,1,0,Normal,Normal
25,tcp,http,SF,1195,1309,0,12,1,Normal,Normal
0,tcp,other,S0,40,0,0,418,0,Intrusion/Attack,SYN Flood
33,tcp,ssh,SF,1579,3782,0,28,1,Normal,Normal
1,tcp,http,S0,32,0,0,289,0,Intrusion/Attack,SYN Flood
7,udp,dns,SF,497,2375,0,4,0,Normal,Normal
1,tcp,http,SF,371,830,0,3,1,Normal,Normal
44,tcp,smtp,SF,80,977,0,3,1,Normal,Normal
0,tcp,http,REJ,128,0,0,181,0,Intrusion/Attack,SYN Flood
1,tcp,http,S0,40,48,0,290,0,Intrusion/Attack,SYN Flood
6,tcp,http,SF,196,7524,0,25,1,Normal,Normal
1,tcp,telnet,S0,44,0,0,222,0,Intrusion/Attack,Port Scan
45,tcp,http,SF,601,2233,0,91,1,Normal,Normal
8,tcp,http,SF,49,3005,0,16,1,Normal,Normal
45,tcp,http,SF,566,1377,0,12,1,Normal,Normal
3,tcp,smtp,SF,649,5244,0,27,1,Normal,Normal
0,tcp,http,RSTO,790,1275,0,3,1,Normal,Normal
28,tcp,http,SF,143,4979,0,21,0,Normal,Normal
0,tcp,http,S0,64,0,0,383,0,Intrusion/Attack,SYN Flood
12,tcp,http,SF,244,839,0,33,1,Normal,Normal
27,tcp,other,SF,192,190,0,15,0,Normal,Normal
0,tcp,http,S0,0,0,0,321,0,Intrusion/Attack,SYN Flood
1,tcp,smtp,SF,447,1340,0,17,1,Normal,Normal
34,tcp,http,SF,219,715,0,6,0,Normal,Normal
1,tcp,ssh,S0,60,0,0,176,0,Intrusion/Attack,Port Scan
39,tcp,http,SF,163,19262,0,24,0,Normal,Normal
0,tcp,smtp,S0,40,0,0,258,0,Intrusion/Attack,SYN Flood
0,tcp,smtp,REJ,120,20,0,225,0,Intrusion/Attack,Port Scan
1,tcp,ssh,SF,77,121,0,3,1,Normal,Normal
0,tcp,http,SF,625,363,0,44,1,Normal,Normal
4,tcp,http,SF,30,5102,0,2,1,Normal,Normal
2,udp,other,REJ,120,0,0,143,0,Intrusion/Attack,Port Scan
13,tcp,http,SF,30,3131,0,18,1,Normal,Normal
56,udp,dns,SF,68,1388,1,8,0,Normal,Normal
2,tcp,ftp,SF,167,315,3,28,0,Intrusion/Attack,Brute Force
11,tcp,telnet,SF,332,424,3,27,0,Intrusion/Attack,Brute Force
8,udp,other,SF,2277,2366,0,26,0,Normal,Normal
1,tcp,ftp,S0,120,0,0,195,0,Intrusion/Attack,Port Scan
11,tcp,http,SF,509,1649,0,11,1,Normal,Normal
2,icmp,http,SF,60,20,0,220,0,Intrusion/Attack,Port Scan
83,tcp,http,SF,418,4063,0,26,1,Normal,Normal
13,tcp,http,SF,283,1580,0,11,1,Normal,Normal
0,tcp,http,S0,0,0,0,253,0,Intrusion/Attack,SYN Flood
15,tcp,smtp,SF,476,2748,0,5,1,Normal,Normal
6,tcp,http,SF,848,1337,0,2,0,Normal,Normal
31,tcp,ssh,SF,247,256,4,26,0,Intrusion/Attack,Brute Force
0,tcp,other,S0,40,0,0,319,0,Intrusion/Attack,SYN Flood
13,tcp,http,SF,323,1380,0,7,1,Normal,Normal
0,tcp,smtp,S0,0,48,0,218,0,Intrusion/Attack,SYN Flood
39,tcp,ssh,SF,471,391,5,33,0,Intrusion/Attack,Brute Force
43,tcp,http,SF,429,12740,0,2,1,Normal,Normal
1,tcp,dns,REJ,0,0,0,70,0,Intrusion/Attack,Port Scan
0,tcp,smtp,S0,40,48,0,150,0,Intrusion/Attack,SYN Flood
7,udp,other,SF,439,5437,0,1,0,Normal,Normal
6,tcp,smtp,SF,1272,324,0,3,1,Normal,Normal
6,tcp,http,SF,42,10238,0,18,1,Normal,Normal
12,tcp,ssh,RSTO,260,167,5,17,0,Intrusion/Attack,Brute Force
3,udp,dns,SF,308,1196,0,16,0,Normal,Normal
0,tcp,ssh,S0,32,0,0,435,0,Intrusion/Attack,SYN Flood
7,tcp,http,SF,179,160,0,6,1,Normal,Normal
0,tcp,http,S0,64,0,0,349,0,Intrusion/Attack,SYN Flood
1,tcp,http,RSTO,64,48,0,338,0,Intrusion/Attack,SYN Flood
9,tcp,http,SF,557,1921,1,13,1,Normal,Normal
22,tcp,ssh,SF,329,1162,0,2,1,Normal,Normal
11,tcp,telnet,REJ,475,214,3,24,0,Intrusion/Attack,Brute Force
0,tcp,telnet,SF,0,0,0,97,0,Intrusion/Attack,Port Scan
0,tcp,http,S0,0,48,0,477,0,Intrusion/Attack,SYN Flood
8,tcp,http,REJ,30,1586,0,7,0,Normal,Normal
11,tcp,http,SF,44,3491,0,25,1,Normal,Normal
11,tcp,http,SF,80,331,0,45,1,Normal,Normal
12,tcp,ssh,REJ,646,304,2,16,0,Intrusion/Attack,Brute Force
0,tcp,http,REJ,64,0,0,401,0,Intrusion/Attack,SYN Flood
5,icmp,other,SF,88,1892,0,19,0,Normal,Normal
4,tcp,http,SF,559,6505,0,24,1,Normal,Normal
0,icmp,other,S0,0,0,0,163,0,Intrusion/Attack,Port Scan
24,udp,dns,SF,435,1152,0,11,0,Normal,Normal
7,tcp,smtp,SF,263,2656,0,15,0,Normal,Normal
40,tcp,http,SF,444,2843,0,22,1,Normal,Normal
0,udp,dns,SF,30,2336,0,6,0,Normal,Normal
1,tcp,ssh,REJ,0,0,0,117,0,Intrusion/Attack,Port Scan
14,tcp,http,SF,221,2089,0,11,0,Normal,Normal
44,udp,dns,SF,353,4070,0,6,0,Normal,Normal
5,tcp,http,SF,1709,220,0,48,1,Normal,Normal
0,tcp,ssh,S0,32,0,0,400,0,Intrusion/Attack,SYN Flood
0,tcp,http,S0,0,0,0,251,0,Intrusion/Attack,SYN Flood
0,tcp,other,SH,0,0,0,214,0,Intrusion/Attack,Port Scan
1,udp,smtp,RSTR,20,0,0,143,0,Intrusion/Attack,Port Scan
16,tcp,smtp,SF,513,1349,0,9,0,Normal,Normal
16,tcp,http,SF,41,567,0,3,1,Normal,Normal
31,tcp,ssh,SF,432,266,3,22,0,Intrusion/Attack,Brute Force
75,tcp,http,RSTO,2243,1613,0,2,1,Normal,Normal
1,udp,http,REJ,60,20,0,150,0,Intrusion/Attack,Port Scan
14,tcp,http,REJ,713,1897,0,23,1,Normal,Normal
0,tcp,http,S0,128,0,0,321,0,Intrusion/Attack,SYN Flood
7,tcp,smtp,SF,1198,594,0,23,1,Normal,Normal
0,tcp,http,S0,32,0,0,341,0,Intrusion/Attack,SYN Flood
5,udp,dns,SF,423,1723,0,43,0,Normal,Normal
10,udp,dns,SF,82,3894,0,37,0,Normal,Normal
19,udp,dns,SF,627,495,0,6,0,Normal,Normal
0,tcp,http,S0,32,0,0,368,0,Intrusion/Attack,SYN Flood
0,tcp,http,SF,1333,8712,1,23,1,Normal,Normal
38,tcp,ftp,SF,673,442,3,21,0,Intrusion/Attack,Brute Force
5,udp,dns,SF,969,4624,0,18,0,Normal,Normal
0,tcp,smtp,SF,2092,279,0,1,1,Normal,Normal
24,tcp,http,SF,308,3730,0,3,1,Normal,Normal
1,tcp,http,S0,128,0,0,197,0,Intrusion/Attack,SYN Flood
0,udp,dns,REJ,44,20,0,114,0,Intrusion/Attack,Port Scan
3,tcp,ftp,SF,626,333,0,43,1,Normal,Normal
22,tcp,ssh,RSTO,389,167,3,33,0,Intrusion/Attack,Brute Force
7,tcp,smtp,SF,447,1008,0,9,1,Normal,Normal
2,icmp,other,SF,1471,2820,0,38,0,Normal,Normal
0,icmp,smtp,REJ,44,0,0,227,0,Intrusion/Attack,Port Scan
0,tcp,ssh,SF,112,2463,0,14,1,Normal,Normal
5,udp,dns,SF,635,3457,0,7,0,Normal,Normal
24,tcp,http,SF,1354,864,0,32,1,Normal,Normal
12,tcp,http,SF,815,170,0,2,1,Normal,Normal
41,tcp,http,SF,117,2514,0,38,1,Normal,Normal
19,udp,dns,SF,802,536,0,19,0,Normal,Normal
18,tcp,http,SF,797,8032,0,34,1,Normal,Normal
17,tcp,ftp,SF,382,109,6,19,0,Intrusion/Attack,Brute Force
16,tcp,http,RSTO,327,342,0,48,1,Normal,Normal
0,tcp,smtp,SF,262,237,0,18,1,Normal,Normal
15,udp,other,SF,171,696,0,37,0,Normal,Normal
2,icmp,other,REJ,0,0,0,179,0,Intrusion/Attack,Port Scan
9,tcp,ssh,REJ,520,91,5,31,0,Intrusion/Attack,Brute Force
0,tcp,ssh,S0,40,48,0,309,0,Intrusion/Attack,SYN Flood
0,tcp,ssh,S0,128,48,0,425,0,Intrusion/Attack,SYN Flood
22,tcp,http,SF,3099,1818,0,5,0,Normal,Normal
8,tcp,http,REJ,587,3603,0,55,1,Normal,Normal
6,tcp,http,RSTO,961,448,0,7,1,Normal,Normal
0,tcp,smtp,REJ,44,0,0,164,0,Intrusion/Attack,Port Scan
49,tcp,smtp,SF,503,814,0,20,1,Normal,Normal
12,tcp,ssh,RSTO,429,45,5,40,0,Intrusion/Attack,Brute Force
2,udp,dns,SF,515,479,0,55,0,Normal,Normal
22,tcp,ssh,SF,30,2682,0,44,1,Normal,Normal
36,tcp,smtp,SF,72,11234,0,2,1,Normal,Normal
0,tcp,http,S0,40,48,0,396,0,Intrusion/Attack,SYN Flood
26,tcp,telnet,RSTO,263,92,3,37,0,Intrusion/Attack,Brute Force
1,udp,dns,SF,933,474,0,9,0,Normal,Normal
25,udp,dns,SF,391,2475,0,22,0,Normal,Normal
6,tcp,http,SF,1267,92,0,3,1,Normal,Normal
5,udp,dns,SF,1242,2180,0,18,0,Normal,Normal
0,tcp,http,S0,128,0,0,286,0,Intrusion/Attack,SYN Flood
1,tcp,http,SF,732,2906,0,21,1,Normal,Normal
2,tcp,ssh,S0,0,0,0,45,0,Intrusion/Attack,Port Scan
0,tcp,http,SF,188,230,0,24,0,Normal,Normal
0,udp,dns,SF,427,503,0,1,0,Normal,Normal
33,tcp,ftp,SF,800,48,2,21,0,Intrusion/Attack,Brute Force
17,tcp,other,SF,98,1595,0,12,0,Normal,Normal
6,udp,other,SF,534,239,0,9,0,Normal,Normal
13,tcp,http,SF,1192,1147,0,21,0,Normal,Normal
14,tcp,smtp,SF,61,8526,0,69,1,Normal,Normal
0,tcp,http,S0,0,48,0,321,0,Intrusion/Attack,SYN Flood
11,udp,dns,SF,59,5412,0,58,0,Normal,Normal
8,tcp,http,SF,159,1046,0,2,1,Normal,Normal
0,udp,dns,SF,1268,3164,0,7,0,Normal,Normal
2,icmp,http,REJ,44,20,0,111,0,Intrusion/Attack,Port Scan
12,tcp,http,SF,715,287,0,10,1,Normal,Normal
0,tcp,http,S0,32,0,0,372,0,Intrusion/Attack,SYN Flood
1,tcp,http,S0,40,48,0,368,0,Intrusion/Attack,SYN Flood
0,tcp,dns,SF,60,0,0,232,0,Intrusion/Attack,Port Scan
6,tcp,ssh,SF,197,311,0,15,1,Normal,Normal
34,udp,dns,SF,802,8496,0,53,0,Normal,Normal
0,tcp,smtp,S0,128,48,0,254,0,Intrusion/Attack,SYN Flood
0,udp,smtp,S0,60,20,0,136,0,Intrusion/Attack,Port Scan
0,udp,dns,REJ,120,20,0,77,0,Intrusion/Attack,Port Scan
25,tcp,http,SF,30,1669,0,3,1,Normal,Normal
1,udp,dns,SH,0,0,0,69,0,Intrusion/Attack,Port Scan
32,tcp,ftp,SF,191,173,4,27,0,Intrusion/Attack,Brute Force
8,udp,dns,SF,634,1233,0,11,0,Normal,Normal
1,tcp,other,S0,0,0,0,387,0,Intrusion/Attack,SYN Flood
2,tcp,ftp,RSTO,164,146,4,21,0,Intrusion/Attack,Brute Force
17,tcp,http,SF,47,503,0,30,1,Normal,Normal
39,tcp,ssh,SF,810,201,4,30,0,Intrusion/Attack,Brute Force
6,tcp,http,SF,1438,2272,0,12,1,Normal,Normal
1,tcp,smtp,SF,571,5828,0,3,0,Normal,Normal
0,tcp,dns,REJ,44,0,0,104,0,Intrusion/Attack,Port Scan
59,udp,dns,SF,618,3786,0,4,0,Normal,Normal
25,tcp,other,SF,951,3001,0,2,0,Normal,Normal
3,tcp,http,SF,101,3093,0,11,1,Normal,Normal
1,tcp,smtp,REJ,44,0,0,111,0,Intrusion/Attack,Port Scan
12,tcp,http,SF,291,2610,0,42,1,Normal,Normal
0,tcp,http,S0,32,0,0,341,0,Intrusion/Attack,SYN Flood
25,tcp,http,SF,3175,72,0,9,1,Normal,Normal
7,tcp,http,SF,203,15946,0,1,1,Normal,Normal
0,tcp,http,S0,128,0,0,311,0,Intrusion/Attack,SYN Flood
0,tcp,ssh,S0,40,0,0,279,0,Intrusion/Attack,SYN Flood
5,tcp,ssh,RSTO,161,221,4,32,0,Intrusion/Attack,Brute Force
22,udp,dns,SF,301,96,0,16,0,Normal,Normal
3,tcp,http,SF,331,1701,0,30,1,Normal,Normal
4,udp,other,SF,1270,829,0,23,0,Normal,Normal
1,udp,dns,SF,1435,8089,0,20,0,Normal,Normal
2,tcp,http,SF,223,2082,0,8,1,Normal,Normal
62,tcp,http,SF,507,2606,0,7,1,Normal,Normal
6,udp,dns,SF,311,1273,0,10,0,Normal,Normal
0,tcp,http,S0,0,0,0,277,0,Intrusion/Attack,SYN Flood
1,tcp,dns,REJ,20,20,0,182,0,Intrusion/Attack,Port Scan
12,icmp,other,SF,606,493,0,2,0,Normal,Normal
26,icmp,other,SF,91,6116,0,8,0,Normal,Normal
25,udp,dns,SF,1131,915,0,39,0,Normal,Normal
10,tcp,smtp,SF,1067,1475,0,25,0,Normal,Normal
1,udp,dns,SF,2087,5068,0,44,0,Normal,Normal
14,tcp,ftp,SF,728,567,0,6,1,Normal,Normal
1,udp,http,SH,44,0,0,174,0,Intrusion/Attack,Port Scan
0,tcp,http,S0,128,0,0,315,0,Intrusion/Attack,SYN Flood
19,tcp,http,SF,455,2960,0,7,0,Normal,Normal
24,udp,dns,SF,967,848,0,4,0,Normal,Normal
1,tcp,http,SF,177,3798,0,14,1,Normal,Normal
36,tcp,http,SF,1116,3425,0,30,0,Normal,Normal
0,tcp,http,REJ,32,48,0,440,0,Intrusion/Attack,SYN Flood
3,tcp,http,SF,63,156,0,14,0,Normal,Normal
0,tcp,http,S0,40,0,0,292,0,Intrusion/Attack,SYN Flood
4,tcp,http,SF,120,3041,0,10,1,Normal,Normal
33,tcp,ssh,REJ,577,127,3,26,0,Intrusion/Attack,Brute Force
1,udp,ftp,REJ,60,20,0,96,0,Intrusion/Attack,Port Scan
1,tcp,http,S0,128,0,0,322,0,Intrusion/Attack,SYN Flood
55,udp,dns,SF,1143,15646,0,4,0,Normal,Normal
0,tcp,smtp,SF,1185,10902,0,56,1,Normal,Normal
38,tcp,ssh,RSTO,424,322,4,26,0,Intrusion/Attack,Brute Force
16,udp,dns,SF,1254,6721,0,5,0,Normal,Normal
5,tcp,other,SF,1141,3516,0,1,0,Normal,Normal
7,tcp,smtp,SF,797,8580,0,9,1,Normal,Normal
13,tcp,telnet,SF,464,135,4,31,0,Intrusion/Attack,Brute Force
34,udp,dns,SF,253,221,0,31,0,Normal,Normal
1,tcp,http,SF,183,64,0,5,1,Normal,Normal
4,tcp,ftp,SF,826,68,0,16,1,Normal,Normal
5,tcp,http,SF,415,3846,0,3,1,Normal,Normal
1,tcp,ssh,S0,120,0,0,154,0,Intrusion/Attack,Port Scan
7,tcp,http,SF,1377,2510,0,16,1,Normal,Normal
4,tcp,smtp,SF,239,2534,0,16,1,Normal,Normal
5,tcp,http,SF,471,2655,0,20,1,Normal,Normal
7,tcp,ftp,SF,795,2002,0,1,1,Normal,Normal
0,tcp,ftp,REJ,0,0,0,130,0,Intrusion/Attack,Port Scan
4,tcp,smtp,SF,1999,1438,0,2,1,Normal,Normal
46,tcp,smtp,SF,870,1939,0,9,1,Normal,Normal
11,tcp,http,SF,434,1151,0,35,1,Normal,Normal
9,tcp,http,SF,408,2551,0,5,1,Normal,Normal
27,udp,dns,SF,929,2597,0,1,0,Normal,Normal
2,tcp,ssh,SF,277,1436,0,17,1,Normal,Normal
52,udp,dns,SF,591,17,0,3,0,Normal,Normal
19,tcp,smtp,SF,608,1670,0,4,1,Normal,Normal
11,tcp,http,SF,1375,1266,0,2,1,Normal,Normal
13,tcp,ssh,SF,469,4256,0,8,1,Normal,Normal
1,tcp,other,S0,32,0,0,270,0,Intrusion/Attack,SYN Flood
35,tcp,ssh,SF,549,136,3,28,0,Intrusion/Attack,Brute Force
1,tcp,http,S0,40,0,0,218,0,Intrusion/Attack,SYN Flood
11,tcp,http,SF,962,1000,0,10,1,Normal,Normal
10,tcp,smtp,SF,439,452,0,3,1,Normal,Normal
10,tcp,other,SF,865,1953,0,8,0,Normal,Normal
1,tcp,http,SF,344,1038,0,23,1,Normal,Normal
25,tcp,smtp,SF,30,1437,0,13,1,Normal,Normal
42,tcp,smtp,SF,230,3585,0,3,1,Normal,Normal
6,tcp,smtp,SF,154,901,0,38,1,Normal,Normal
8,tcp,smtp,SF,106,3940,0,2,1,Normal,Normal
72,tcp,ssh,SF,226,566,0,5,1,Normal,Normal
20,tcp,http,SF,920,2535,0,3,1,Normal,Normal
19,tcp,http,SF,1173,1222,0,31,0,Normal,Normal
23,tcp,http,SF,311,2058,0,28,1,Normal,Normal
20,tcp,ftp,SF,30,1075,0,94,1,Normal,Normal
26,tcp,http,SF,286,791,0,3,1,Normal,Normal
9,tcp,ssh,SF,30,1405,0,18,1,Normal,Normal
19,tcp,telnet,SF,571,354,4,30,0,Intrusion/Attack,Brute Force
0,tcp,http,S0,64,0,0,372,0,Intrusion/Attack,SYN Flood
1,tcp,smtp,S0,40,48,0,278,0,Intrusion/Attack,SYN Flood
5,tcp,ssh,SF,606,48,2,31,0,Intrusion/Attack,Brute Force
6,udp,dns,SF,172,2302,0,77,0,Normal,Normal
1,udp,dns,SF,1118,1630,0,15,0,Normal,Normal
7,tcp,http,SF,77,7039,0,6,1,Normal,Normal
16,tcp,http,SF,43,1190,0,14,1,Normal,Normal
15,tcp,ssh,SF,229,483,0,5,1,Normal,Normal
22,tcp,http,SF,685,641,0,16,1,Normal,Normal
2,tcp,http,SF,302,62,0,25,1,Normal,Normal
12,tcp,smtp,SF,200,2598,0,2,1,Normal,Normal
5,tcp,smtp,SF,188,7492,0,10,1,Normal,Normal
0,tcp,http,S0,0,0,0,321,0,Intrusion/Attack,SYN Flood
7,tcp,http,SF,493,3634,0,9,1,Normal,Normal
11,udp,dns,SF,1163,1851,0,38,0,Normal,Normal
20,tcp,http,SF,269,2970,0,9,1,Normal,Normal
4,tcp,http,SF,541,1682,0,2,1,Normal,Normal
1,tcp,http,S0,40,0,0,388,0,Intrusion/Attack,SYN Flood
16,tcp,http,SF,904,3364,0,38,1,Normal,Normal
12,tcp,http,SF,336,1084,0,18,1,Normal,Normal
0,tcp,other,S0,40,48,0,326,0,Intrusion/Attack,SYN Flood
23,tcp,ssh,RSTO,415,154,3,24,0,Intrusion/Attack,Brute Force
1,tcp,http,SF,514,3461,0,29,1,Normal,Normal
17,tcp,http,SF,658,1664,0,17,1,Normal,Normal
5,tcp,smtp,REJ,132,2064,0,8,1,Normal,Normal
6,udp,dns,SF,484,299,0,8,0,Normal,Normal
1,udp,other,REJ,60,20,0,80,0,Intrusion/Attack,Port Scan
40,tcp,http,SF,1462,505,0,16,1,Normal,Normal
18,tcp,other,SF,339,1904,0,3,0,Normal,Normal
1,tcp,smtp,S0,32,48,0,249,0,Intrusion/Attack,SYN Flood
4,tcp,http,RSTO,954,736,0,30,1,Normal,Normal
62,tcp,smtp,SF,608,1667,0,37,1,Normal,Normal
1,tcp,dns,SF,20,0,0,176,0,Intrusion/Attack,Port Scan
13,tcp,ssh,RSTO,565,309,4,29,0,Intrusion/Attack,Brute Force
9,tcp,smtp,SF,297,254,0,18,1,Normal,Normal
17,tcp,http,SF,1916,1997,0,5,1,Normal,Normal
12,tcp,smtp,REJ,1892,1404,0,11,1,Normal,Normal
1,tcp,dns,REJ,120,0,0,235,0,Intrusion/Attack,Port Scan
32,tcp,ftp,SF,198,237,3,30,0,Intrusion/Attack,Brute Force
0,tcp,ssh,SF,765,361,0,13,1,Normal,Normal
1,icmp,other,SF,100,1104,0,11,0,Normal,Normal
16,tcp,http,SF,62,382,0,41,1,Normal,Normal
38,tcp,ftp,SF,539,435,4,30,0,Intrusion/Attack,Brute Force
11,tcp,ftp,SF,410,263,4,28,0,Intrusion/Attack,Brute Force
0,tcp,http,S0,32,0,0,391,0,Intrusion/Attack,SYN Flood
36,tcp,ftp,RSTO,324,53,3,27,0,Intrusion/Attack,Brute Force
14,udp,dns,SF,112,554,1,23,0,Normal,Normal
4,tcp,smtp,SF,1313,950,0,15,1,Normal,Normal
28,tcp,http,SF,532,1735,0,1,1,Normal,Normal
7,tcp,http,SF,1356,5656,0,7,1,Normal,Normal
16,tcp,http,SF,288,49,0,5,1,Normal,Normal
19,tcp,http,SF,2951,763,0,24,1,Normal,Normal
6,udp,dns,SF,1459,7025,0,9,0,Normal,Normal
37,tcp,http,SF,358,1005,1,10,1,Normal,Normal
0,tcp,http,S0,128,0,0,241,0,Intrusion/Attack,SYN Flood
2,udp,dns,SF,2104,1850,0,5,0,Normal,Normal
6,tcp,smtp,SF,64,1597,0,1,1,Normal,Normal
7,tcp,http,SF,30,979,0,74,1,Normal,Normal
6,udp,dns,SF,330,1850,0,7,0,Normal,Normal
26,tcp,ssh,REJ,485,360,4,31,0,Intrusion/Attack,Brute Force
15,tcp,http,SF,705,402,0,26,1,Normal,Normal
0,tcp,http,S0,64,0,0,224,0,Intrusion/Attack,SYN Flood
14,tcp,http,SF,420,3626,0,23,1,Normal,Normal
9,tcp,http,SF,1105,1831,0,18,1,Normal,Normal
3,tcp,http,SF,575,4201,0,15,1,Normal,Normal
0,tcp,ssh,S0,40,0,0,374,0,Intrusion/Attack,SYN Flood
0,tcp,http,S0,0,0,0,274,0,Intrusion/Attack,SYN Flood
30,tcp,http,SF,824,58,0,19,1,Normal,Normal
41,tcp,smtp,SF,230,1067,0,16,1,Normal,Normal
11,tcp,smtp,SF,222,2379,0,18,1,Normal,Normal
30,tcp,ftp,REJ,248,231,4,19,0,Intrusion/Attack,Brute Force
11,tcp,http,SF,418,6135,0,6,1,Normal,Normal
7,tcp,http,SF,387,650,0,5,1,Normal,Normal
22,udp,other,SF,386,1817,0,13,0,Normal,Normal
0,tcp,http,S0,40,48,0,314,0,Intrusion/Attack,SYN Flood
1,tcp,smtp,SF,225,718,0,4,1,Normal,Normal
31,udp,dns,SF,83,2303,0,32,0,Normal,Normal
0,tcp,smtp,REJ,0,0,0,158,0,Intrusion/Attack,Port Scan
36,tcp,smtp,SF,137,4132,0,2,0,Normal,Normal
0,udp,dns,SF,39,2493,0,3,0,Normal,Normal
4,tcp,ssh,SF,384,316,0,1,1,Normal,Normal
7,tcp,ssh,SF,496,194,3,23,0,Intrusion/Attack,Brute Force
77,tcp,ssh,SF,474,234,0,7,1,Normal,Normal
13,udp,dns,SF,214,1097,0,25,0,Normal,Normal
11,tcp,smtp,SF,70,2968,0,2,1,Normal,Normal
23,tcp,http,SF,1098,628,0,20,1,Normal,Normal
2,icmp,other,S0,60,20,0,244,0,Intrusion/Attack,Port Scan
0,tcp,http,S0,0,0,0,246,0,Intrusion/Attack,SYN Flood
25,tcp,ftp,SF,2583,2590,0,7,1,Normal,Normal
19,udp,dns,SF,983,7922,0,16,0,Normal,Normal
0,tcp,http,S0,64,0,0,278,0,Intrusion/Attack,SYN Flood
7,tcp,ftp,SF,1162,2672,0,41,1,Normal,Normal
1,tcp,http,S0,0,0,0,389,0,Intrusion/Attack,SYN Flood
1,udp,dns,SF,324,1934,0,4,0,Normal,Normal
14,tcp,http,SF,781,2980,0,32,1,Normal,Normal
1,tcp,smtp,SF,138,170,0,26,1,Normal,Normal
0,tcp,smtp,SF,568,700,0,51,1,Normal,Normal
8,tcp,other,SF,217,3128,0,3,0,Normal,Normal
0,tcp,http,S0,64,0,0,199,0,Intrusion/Attack,SYN Flood
32,tcp,ftp,RSTO,362,327,5,27,0,Intrusion/Attack,Brute Force
24,tcp,ftp,SF,625,88,3,25,0,Intrusion/Attack,Brute Force
0,tcp,ssh,REJ,60,0,0,82,0,Intrusion/Attack,Port Scan
6,tcp,http,SF,526,252,0,8,1,Normal,Normal
0,tcp,other,S0,64,0,0,214,0,Intrusion/Attack,SYN Flood
14,tcp,http,SF,30,2249,0,4,1,Normal,Normal
33,tcp,ftp,RSTO,454,85,5,28,0,Intrusion/Attack,Brute Force
45,udp,dns,SF,30,1135,0,6,0,Normal,Normal
3,tcp,smtp,SF,2116,1834,0,23,0,Normal,Normal
2,tcp,ssh,REJ,120,20,0,211,0,Intrusion/Attack,Port Scan
1,tcp,dns,REJ,20,0,0,142,0,Intrusion/Attack,Port Scan
30,tcp,ftp,SF,219,304,6,22,0,Intrusion/Attack,Brute Force
56,tcp,http,SF,245,1344,0,14,1,Normal,Normal
1,tcp,http,REJ,20,0,0,237,0,Intrusion/Attack,Port Scan
0,tcp,ssh,REJ,0,20,0,239,0,Intrusion/Attack,Port Scan
3,tcp,http,SF,594,223,0,8,1,Normal,Normal
0,tcp,http,REJ,0,0,0,234,0,Intrusion/Attack,SYN Flood
33,icmp,other,SF,682,157,0,8,0,Normal,Normal
37,tcp,http,SF,410,771,0,1,1,Normal,Normal
1,udp,dns,SF,207,1235,0,2,0,Normal,Normal
17,tcp,ssh,REJ,794,122,5,25,0,Intrusion/Attack,Brute Force
1,tcp,http,SF,762,4153,0,17,1,Normal,Normal
2,tcp,smtp,SH,20,0,0,224,0,Intrusion/Attack,Port Scan
0,udp,smtp,S0,60,0,0,89,0,Intrusion/Attack,Port Scan
1,tcp,http,SF,1580,519,0,68,1,Normal,Normal
18,tcp,http,SF,1835,958,0,11,1,Normal,Normal
0,tcp,smtp,SF,173,1212,0,41,1,Normal,Normal
17,tcp,smtp,SF,327,323,0,12,1,Normal,Normal
0,tcp,http,REJ,64,0,0,288,0,Intrusion/Attack,SYN Flood
37,tcp,telnet,SF,811,236,6,24,0,Intrusion/Attack,Brute Force
45,udp,dns,SF,1303,844,0,10,0,Normal,Normal
25,tcp,http,SF,1056,2287,0,1,1,Normal,Normal
11,udp,other,SF,734,3617,0,15,0,Normal,Normal
1,tcp,http,S0,0,48,0,272,0,Intrusion/Attack,SYN Flood
15,tcp,http,SF,597,2858,0,28,1,Normal,Normal
17,tcp,other,SF,2674,656,0,3,0,Normal,Normal
5,tcp,http,SF,124,2134,0,5,0,Normal,Normal
5,udp,dns,SF,116,98,0,10,0,Normal,Normal
20,tcp,http,SF,2306,1383,0,14,1,Normal,Normal
8,udp,other,SF,498,1555,0,35,0,Normal,Normal
0,tcp,http,S0,32,0,0,239,0,Intrusion/Attack,SYN Flood
8,udp,dns,SF,686,130,0,16,0,Normal,Normal
4,udp,dns,SF,2310,479,0,11,0,Normal,Normal
1,tcp,http,S0,128,0,0,316,0,Intrusion/Attack,SYN Flood
0,tcp,ssh,RSTO,128,0,0,347,0,Intrusion/Attack,SYN Flood
9,tcp,ftp,REJ,466,356,4,29,0,Intrusion/Attack,Brute Force
56,tcp,http,SF,157,6561,0,43,1,Normal,Normal
42,udp,dns,SF,733,1083,0,6,0,Normal,Normal
43,tcp,http,SF,142,4997,0,10,1,Normal,Normal
20,tcp,http,SF,463,3996,0,3,1,Normal,Normal
4,tcp,ssh,SF,434,647,0,2,1,Normal,Normal
5,tcp,telnet,RSTO,575,211,4,24,0,Intrusion/Attack,Brute Force
3,tcp,smtp,SF,456,898,0,17,1,Normal,Normal
25,tcp,ssh,SF,754,164,6,34,0,Intrusion/Attack,Brute Force
1,tcp,other,REJ,120,0,0,165,0,Intrusion/Attack,Port Scan
12,tcp,ssh,SF,371,299,2,33,0,Intrusion/Attack,Brute Force
13,tcp,smtp,SF,309,3324,0,19,1,Normal,Normal
2,tcp,ftp,REJ,0,20,0,230,0,Intrusion/Attack,Port Scan
0,tcp,other,S0,44,0,0,138,0,Intrusion/Attack,Port Scan
17,tcp,ssh,REJ,351,439,4,27,0,Intrusion/Attack,Brute Force
5,tcp,http,SF,30,3649,0,6,0,Normal,Normal
61,tcp,smtp,SF,182,1133,0,2,1,Normal,Normal
2,udp,dns,SF,79,416,0,20,0,Normal,Normal
0,tcp,http,REJ,120,20,0,179,0,Intrusion/Attack,Port Scan
12,tcp,smtp,SF,272,3985,0,5,1,Normal,Normal
36,tcp,ssh,SF,849,374,3,26,0,Intrusion/Attack,Brute Force
77,tcp,ftp,SF,527,447,0,9,1,Normal,Normal
1,udp,telnet,RSTR,0,0,0,173,0,Intrusion/Attack,Port Scan
5,tcp,smtp,SF,502,1829,0,3,1,Normal,Normal
28,tcp,ssh,SF,748,165,5,31,0,Intrusion/Attack,Brute Force
0,tcp,http,S0,40,0,0,283,0,Intrusion/Attack,SYN Flood
6,udp,dns,SF,310,7614,0,24,0,Normal,Normal
0,tcp,http,S0,64,0,0,327,0,Intrusion/Attack,SYN Flood
13,tcp,ftp,REJ,539,1188,0,48,0,Normal,Normal
79,tcp,http,REJ,99,4757,0,1,1,Normal,Normal
8,tcp,http,SF,381,111,0,23,1,Normal,Normal
2,tcp,other,REJ,60,0,0,150,0,Intrusion/Attack,Port Scan
28,udp,dns,SF,111,52,0,2,0,Normal,Normal
1,tcp,http,SF,1227,1282,0,33,1,Normal,Normal
1,tcp,other,S0,0,0,0,366,0,Intrusion/Attack,SYN Flood
8,tcp,http,SF,184,3311,0,35,1,Normal,Normal
22,udp,dns,SF,943,2823,1,9,0,Normal,Normal
23,tcp,http,SF,90,3452,0,1,1,Normal,Normal
22,udp,dns,SF,1730,3162,0,2,0,Normal,Normal
8,tcp,ftp,SF,691,2891,0,4,1,Normal,Normal
11,tcp,ssh,SF,261,9388,0,22,1,Normal,Normal
6,udp,dns,SF,84,586,0,32,0,Normal,Normal
3,tcp,http,SF,30,1728,0,11,0,Normal,Normal
5,udp,dns,SF,113,5429,0,28,0,Normal,Normal
63,tcp,http,SF,576,711,0,2,0,Normal,Normal
4,tcp,smtp,SF,2366,1214,0,5,1,Normal,Normal
0,tcp,smtp,SF,107,171,2,6,0,Normal,Normal
1,tcp,ssh,S0,0,0,0,155,0,Intrusion/Attack,Port Scan
12,tcp,smtp,SF,1956,276,0,15,1,Normal,Normal
8,tcp,ssh,SF,153,303,2,23,0,Intrusion/Attack,Brute Force
0,tcp,http,S0,32,0,0,286,0,Intrusion/Attack,SYN Flood
2,tcp,http,REJ,20,0,0,245,0,Intrusion/Attack,Port Scan
2,udp,dns,REJ,120,0,0,214,0,Intrusion/Attack,Port Scan
2,tcp,http,RSTO,714,802,0,15,1,Normal,Normal
8,tcp,ssh,SF,697,1381,0,14,0,Normal,Normal
7,udp,dns,SF,510,2278,0,27,0,Normal,Normal
0,tcp,http,S0,32,0,0,315,0,Intrusion/Attack,SYN Flood
17,tcp,http,SF,292,2761,0,11,1,Normal,Normal
28,tcp,ftp,RSTO,528,431,3,20,0,Intrusion/Attack,Brute Force
12,tcp,http,SF,743,993,0,10,1,Normal,Normal
24,tcp,ssh,SF,786,142,3,25,0,Intrusion/Attack,Brute Force
44,tcp,http,SF,824,1125,0,1,1,Normal,Normal
7,tcp,http,SF,810,1069,0,32,1,Normal,Normal
5,tcp,http,SF,473,1154,0,2,1,Normal,Normal
21,udp,dns,SF,431,538,0,7,0,Normal,Normal
2,tcp,dns,REJ,120,0,0,113,0,Intrusion/Attack,Port Scan
13,tcp,http,SF,672,3400,0,29,1,Normal,Normal
32,tcp,ftp,SF,460,204,6,26,0,Intrusion/Attack,Brute Force
22,tcp,ssh,SF,783,272,3,32,0,Intrusion/Attack,Brute Force
0,udp,ssh,S0,0,0,0,172,0,Intrusion/Attack,Port Scan
8,tcp,http,SF,288,2004,0,72,1,Normal,Normal
0,tcp,other,RSTR,44,0,0,120,0,Intrusion/Attack,Port Scan
9,tcp,smtp,SF,413,4963,0,12,1,Normal,Normal
8,tcp,smtp,REJ,426,1133,0,1,1,Normal,Normal
17,tcp,ssh,SF,1833,1940,0,61,1,Normal,Normal
16,udp,dns,SF,890,342,0,19,0,Normal,Normal
3,udp,dns,SF,1104,6395,0,10,0,Normal,Normal
60,icmp,other,SF,388,4511,0,8,0,Normal,Normal
0,tcp,ftp,S0,20,20,0,201,0,Intrusion/Attack,Port Scan
13,tcp,ftp,SF,85,7919,0,5,1,Normal,Normal
1,tcp,other,S0,0,0,0,158,0,Intrusion/Attack,Port Scan
21,tcp,ssh,RSTO,326,303,3,40,0,Intrusion/Attack,Brute Force
5,udp,dns,SF,237,421,0,1,0,Normal,Normal
12,tcp,smtp,SF,39,2936,0,7,1,Normal,Normal
0,tcp,http,S0,40,0,0,314,0,Intrusion/Attack,SYN Flood
0,tcp,http,S0,64,0,0,347,0,Intrusion/Attack,SYN Flood
10,tcp,ssh,SF,68,3369,0,10,0,Normal,Normal
15,tcp,smtp,SF,61,7089,0,7,1,Normal,Normal
0,tcp,ssh,S0,40,0,0,303,0,Intrusion/Attack,SYN Flood
0,tcp,other,REJ,20,0,0,166,0,Intrusion/Attack,Port Scan
11,tcp,smtp,SF,216,7115,0,21,1,Normal,Normal
14,tcp,http,SF,1374,3236,0,67,1,Normal,Normal
4,udp,dns,SF,1519,264,1,32,0,Normal,Normal
18,tcp,http,SF,1008,2922,0,10,1,Normal,Normal
19,tcp,http,SF,1464,2691,0,44,1,Normal,Normal
10,tcp,http,SF,156,799,0,27,1,Normal,Normal
10,tcp,smtp,SF,755,2407,0,1,1,Normal,Normal
1,tcp,http,SF,102,81,0,50,1,Normal,Normal
1,tcp,http,REJ,120,20,0,198,0,Intrusion/Attack,Port Scan
0,icmp,telnet,SH,120,0,0,174,0,Intrusion/Attack,Port Scan
15,tcp,ssh,SF,98,2517,0,9,1,Normal,Normal
1,udp,ssh,REJ,20,0,0,139,0,Intrusion/Attack,Port Scan
13,udp,dns,SF,302,1173,0,31,0,Normal,Normal
1,tcp,http,SF,2382,10281,0,13,1,Normal,Normal
36,udp,other,SF,1485,4114,0,1,0,Normal,Normal
1,tcp,http,S0,40,48,0,234,0,Intrusion/Attack,SYN Flood
4,udp,dns,SF,256,646,0,12,0,Normal,Normal
8,udp,dns,SF,2108,77,0,22,0,Normal,Normal
1,tcp,telnet,REJ,60,0,0,181,0,Intrusion/Attack,Port Scan
50,tcp,http,SF,70,1479,0,15,1,Normal,Normal
41,tcp,other,SF,1597,702,0,17,0,Normal,Normal
0,tcp,ftp,REJ,0,0,0,116,0,Intrusion/Attack,Port Scan
2,udp,ftp,S0,44,0,0,66,0,Intrusion/Attack,Port Scan
3,tcp,http,SF,615,1361,0,11,1,Normal,Normal
1,tcp,ssh,S0,32,0,0,425,0,Intrusion/Attack,SYN Flood
0,udp,telnet,SF,44,0,0,208,0,Intrusion/Attack,Port Scan
0,tcp,smtp,REJ,0,0,0,325,0,Intrusion/Attack,SYN Flood
0,tcp,other,S0,0,0,0,290,0,Intrusion/Attack,SYN Flood
39,tcp,ftp,RSTO,262,208,2,35,0,Intrusion/Attack,Brute Force
24,udp,dns,SF,172,1516,0,15,0,Normal,Normal
8,tcp,ssh,SF,339,175,2,24,0,Intrusion/Attack,Brute Force
3,udp,dns,SF,408,9424,0,45,0,Normal,Normal
6,tcp,http,SF,324,301,0,5,1,Normal,Normal
4,tcp,http,SF,741,310,0,9,0,Normal,Normal
2,tcp,smtp,SF,1083,604,0,46,1,Normal,Normal
11,tcp,http,SF,171,1189,0,11,1,Normal,Normal
10,tcp,http,SF,443,3503,0,4,1,Normal,Normal
1,icmp,ftp,REJ,20,0,0,235,0,Intrusion/Attack,Port Scan
40,udp,dns,SF,423,1976,0,9,0,Normal,Normal
27,tcp,http,SF,819,1034,0,46,1,Normal,Normal
7,tcp,ssh,SF,682,3446,0,11,1,Normal,Normal
0,tcp,ssh,REJ,20,0,0,229,0,Intrusion/Attack,Port Scan
7,udp,dns,SF,1755,3014,0,26,0,Normal,Normal
2,tcp,smtp,SF,643,472,0,18,1,Normal,Normal
34,tcp,smtp,SF,316,3624,0,1,1,Normal,Normal
1,tcp,http,S0,64,0,0,376,0,Intrusion/Attack,SYN Flood
1,tcp,ssh,S0,40,0,0,320,0,Intrusion/Attack,SYN Flood
3,udp,dns,SF,285,3675,0,1,0,Normal,Normal
36,tcp,smtp,SF,30,1954,0,13,1,Normal,Normal
0,tcp,smtp,SF,2252,3342,0,7,1,Normal,Normal
29,tcp,smtp,RSTO,289,942,0,1,1,Normal,Normal
1,tcp,http,RSTO,128,0,0,231,0,Intrusion/Attack,SYN Flood
26,tcp,ssh,SF,439,129,3,30,0,Intrusion/Attack,Brute Force
0,tcp,http,REJ,393,3877,0,41,1,Normal,Normal
47,tcp,ssh,SF,103,3284,0,4,0,Normal,Normal
29,udp,dns,SF,339,3448,0,1,0,Normal,Normal
37,tcp,smtp,SF,1097,9255,0,6,1,Normal,Normal
6,udp,dns,SF,2588,6275,1,3,0,Normal,Normal
0,tcp,http,S0,128,48,0,235,0,Intrusion/Attack,SYN Flood
1,tcp,http,S0,64,0,0,226,0,Intrusion/Attack,SYN Flood
1,tcp,http,SF,315,3591,0,7,1,Normal,Normal
8,tcp,http,SF,1568,1623,0,9,1,Normal,Normal
5,tcp,ssh,SF,275,4518,0,17,1,Normal,Normal
0,tcp,ssh,S0,40,0,0,256,0,Intrusion/Attack,SYN Flood
8,tcp,http,SF,36,1744,0,3,1,Normal,Normal
8,tcp,telnet,SF,158,296,4,37,0,Intrusion/Attack,Brute Force
63,tcp,http,REJ,38,3036,0,12,1,Normal,Normal
1,tcp,http,SF,242,3537,0,40,1,Normal,Normal
1,tcp,dns,REJ,44,20,0,188,0,Intrusion/Attack,Port Scan
27,tcp,http,SF,244,3733,0,10,1,Normal,Normal
20,tcp,http,SF,1377,6924,0,22,1,Normal,Normal
38,tcp,http,SF,480,3017,0,6,1,Normal,Normal
18,tcp,other,SF,1038,1131,0,56,0,Normal,Normal
0,tcp,http,S0,40,0,0,249,0,Intrusion/Attack,SYN Flood
13,tcp,http,SF,234,2450,0,95,1,Normal,Normal
5,icmp,other,SF,1330,9,0,11,0,Normal,Normal
9,tcp,http,SF,316,9652,0,2,1,Normal,Normal
9,icmp,other,SF,836,1640,0,9,0,Normal,Normal
45,tcp,smtp,SF,62,150,0,55,1,Normal,Normal
9,udp,dns,SF,355,790,0,7,0,Normal,Normal
11,tcp,ftp,SF,473,310,2,25,0,Intrusion/Attack,Brute Force
19,tcp,smtp,SF,30,2029,0,1,1,Normal,Normal
1,tcp,ssh,S0,64,0,0,210,0,Intrusion/Attack,SYN Flood
0,tcp,ssh,S0,0,48,0,270,0,Intrusion/Attack,SYN Flood
1,udp,dns,SF,1302,4282,0,11,0,Normal,Normal
18,tcp,telnet,SF,182,347,2,30,0,Intrusion/Attack,Brute Force
14,udp,dns,SF,344,640,0,26,0,Normal,Normal
11,tcp,http,SF,1874,1211,0,11,1,Normal,Normal
35,tcp,ftp,REJ,841,235,3,27,0,Intrusion/Attack,Brute Force
0,tcp,other,S0,0,0,0,353,0,Intrusion/Attack,SYN Flood
5,tcp,http,SF,936,3283,0,21,1,Normal,Normal
13,tcp,http,SF,960,1137,0,26,1,Normal,Normal
4,tcp,ssh,REJ,556,1437,0,3,1,Normal,Normal
5,tcp,ssh,SF,763,760,0,4,1,Normal,Normal
13,tcp,http,SF,1537,1512,0,4,1,Normal,Normal
1,udp,other,SF,101,207,0,11,0,Normal,Normal
1,tcp,ssh,S0,0,0,0,223,0,Intrusion/Attack,Port Scan
14,tcp,ssh,SF,1122,2093,1,26,0,Normal,Normal
19,icmp,other,SF,212,2886,0,20,0,Normal,Normal
5,tcp,smtp,SF,238,1044,0,7,1,Normal,Normal
10,tcp,http,SF,293,1357,0,52,1,Normal,Normal
11,tcp,ssh,SF,309,998,0,36,1,Normal,Normal
37,tcp,ftp,SF,344,275,3,28,0,Intrusion/Attack,Brute Force
23,tcp,smtp,SF,30,3938,0,18,1,Normal,Normal
2,icmp,ssh,S0,44,0,0,185,0,Intrusion/Attack,Port Scan
37,tcp,http,SF,286,2850,0,18,1,Normal,Normal
4,tcp,http,SF,30,190,0,3,1,Normal,Normal
37,tcp,ssh,SF,362,1090,0,13,1,Normal,Normal
13,tcp,http,SF,380,83,0,27,1,Normal,Normal
44,tcp,http,SF,1936,6904,0,19,1,Normal,Normal
4,tcp,ssh,SF,63,5460,0,17,1,Normal,Normal
3,tcp,ssh,SF,1626,509,0,55,1,Normal,Normal
28,udp,dns,SF,97,2083,0,11,0,Normal,Normal
7,tcp,http,SF,147,2873,0,48,1,Normal,Normal
0,tcp,ssh,S0,128,0,0,260,0,Intrusion/Attack,SYN Flood
4,tcp,ssh,SF,481,488,0,12,1,Normal,Normal
33,tcp,telnet,SF,323,117,3,36,0,Intrusion/Attack,Brute Force
10,tcp,ssh,SF,765,159,2,23,0,Intrusion/Attack,Brute Force
60,udp,dns,SF,765,1140,0,18,0,Normal,Normal
7,tcp,http,SF,287,2,0,36,1,Normal,Normal
6,tcp,ftp,SF,519,1238,0,27,0,Normal,Normal
2,tcp,http,SF,2472,274,0,40,1,Normal,Normal
8,tcp,ssh,SF,307,1490,0,23,1,Normal,Normal
1,tcp,ssh,SF,327,9813,0,3,1,Normal,Normal
2,tcp,smtp,SF,103,1310,0,31,0,Normal,Normal
2,tcp,ftp,SF,30,1315,0,11,1,Normal,Normal
17,tcp,http,SF,423,862,0,4,1,Normal,Normal
0,tcp,http,SF,353,442,0,14,1,Normal,Normal
34,udp,dns,SF,402,2433,0,37,0,Normal,Normal
36,tcp,ssh,SF,293,3577,0,38,1,Normal,Normal
1,tcp,http,S0,64,0,0,277,0,Intrusion/Attack,SYN Flood
1,tcp,smtp,SF,1043,411,0,62,1,Normal,Normal
13,tcp,ssh,SF,176,1649,0,67,1,Normal,Normal
1,tcp,http,SF,1184,1945,0,57,1,Normal,Normal
12,tcp,http,SF,576,489,0,7,1,Normal,Normal
1,tcp,ssh,S0,128,0,0,256,0,Intrusion/Attack,SYN Flood
12,tcp,http,SF,1268,2638,0,49,1,Normal,Normal
10,tcp,telnet,REJ,254,223,6,19,0,Intrusion/Attack,Brute Force
11,tcp,http,SF,232,2640,0,14,1,Normal,Normal
1,udp,http,REJ,60,0,0,156,0,Intrusion/Attack,Port Scan
22,tcp,http,SF,30,1160,0,26,1,Normal,Normal
4,tcp,http,RSTO,1734,59,0,21,1,Normal,Normal
2,udp,ftp,REJ,20,20,0,178,0,Intrusion/Attack,Port Scan
4,tcp,smtp,SF,1518,15938,0,25,1,Normal,Normal
2,tcp,smtp,SF,155,1039,0,18,0,Normal,Normal
0,tcp,other,S0,120,0,0,236,0,Intrusion/Attack,Port Scan
0,tcp,ssh,S0,64,0,0,283,0,Intrusion/Attack,SYN Flood
9,tcp,ssh,SF,482,560,0,13,1,Normal,Normal
0,tcp,smtp,REJ,60,0,0,134,0,Intrusion/Attack,Port Scan
1,icmp,other,SF,150,1002,0,16,0,Normal,Normal
37,tcp,http,SF,289,3632,0,5,1,Normal,Normal
13,tcp,http,SF,415,780,0,2,1,Normal,Normal
4,tcp,ftp,SF,597,412,3,24,0,Intrusion/Attack,Brute Force
4,tcp,http,SF,443,216,0,12,1,Normal,Normal
2,udp,dns,SF,926,1015,0,7,0,Normal,Normal
1,tcp,dns,S0,120,0,0,168,0,Intrusion/Attack,Port Scan
0,tcp,smtp,S0,32,0,0,290,0,Intrusion/Attack,SYN Flood
1,tcp,smtp,S0,0,20,0,225,0,Intrusion/Attack,Port Scan
2,udp,telnet,RSTR,20,0,0,149,0,Intrusion/Attack,Port Scan
1,udp,telnet,SF,120,0,0,106,0,Intrusion/Attack,Port Scan
2,udp,telnet,S0,60,0,0,103,0,Intrusion/Attack,Port Scan
14,udp,dns,SF,365,1382,0,23,0,Normal,Normal
76,udp,dns,SF,706,4052,0,73,0,Normal,Normal
0,tcp,http,S0,64,48,0,274,0,Intrusion/Attack,SYN Flood
12,udp,other,SF,39,3639,0,13,0,Normal,Normal
9,tcp,ftp,SF,203,138,0,1,1,Normal,Normal
0,tcp,http,S0,0,0,0,292,0,Intrusion/Attack,SYN Flood
1,tcp,http,S0,40,48,0,331,0,Intrusion/Attack,SYN Flood
6,tcp,http,SF,726,648,0,7,1,Normal,Normal
10,tcp,other,SF,672,143,0,20,0,Normal,Normal
3,udp,dns,SF,579,3243,0,2,0,Normal,Normal
15,tcp,ssh,SF,316,1815,0,1,0,Normal,Normal
4,udp,dns,SF,172,1736,0,3,0,Normal,Normal
3,tcp,http,SF,40,336,0,31,1,Normal,Normal
0,tcp,http,SF,34,7651,0,34,1,Normal,Normal
5,udp,dns,SF,30,237,0,12,0,Normal,Normal
2,tcp,http,SF,259,1499,0,45,1,Normal,Normal
0,tcp,http,S0,64,0,0,279,0,Intrusion/Attack,SYN Flood
32,tcp,http,SF,331,1229,0,2,1,Normal,Normal
12,tcp,http,SF,30,196,0,2,1,Normal,Normal
3,tcp,http,SF,317,126,0,12,1,Normal,Normal
10,tcp,http,SF,41,177,0,14,1,Normal,Normal
0,tcp,http,S0,40,48,0,316,0,Intrusion/Attack,SYN Flood
6,tcp,http,SF,362,153,0,7,0,Normal,Normal
0,tcp,ssh,S0,0,0,0,305,0,Intrusion/Attack,SYN Flood
14,tcp,ssh,SF,230,313,2,33,0,Intrusion/Attack,Brute Force
15,udp,dns,SF,398,6485,0,12,0,Normal,Normal
9,tcp,smtp,SF,261,2992,0,3,1,Normal,Normal
0,tcp,ssh,S0,32,0,0,387,0,Intrusion/Attack,SYN Flood
13,tcp,http,SF,30,3435,0,8,1,Normal,Normal
0,tcp,http,S0,0,0,0,246,0,Intrusion/Attack,SYN Flood
0,tcp,http,S0,64,0,0,428,0,Intrusion/Attack,SYN Flood
20,tcp,http,SF,808,144,0,2,0,Normal,Normal
34,tcp,http,SF,444,6809,0,14,1,Normal,Normal
22,tcp,http,SF,1270,4472,0,19,1,Normal,Normal
0,tcp,http,S0,128,0,0,258,0,Intrusion/Attack,SYN Flood
4,tcp,smtp,SF,263,1398,0,10,1,Normal,Normal
2,tcp,ssh,REJ,1882,3201,0,4,0,Normal,Normal
13,tcp,ssh,RSTO,373,142,3,22,0,Intrusion/Attack,Brute Force
8,tcp,http,SF,501,116,0,3,1,Normal,Normal
24,tcp,http,SF,698,2828,0,5,1,Normal,Normal
23,tcp,http,SF,393,2387,0,20,1,Normal,Normal
21,tcp,http,REJ,636,1154,0,3,1,Normal,Normal
3,tcp,ftp,SF,603,1241,0,15,1,Normal,Normal
0,tcp,http,RSTO,128,0,0,363,0,Intrusion/Attack,SYN Flood
22,tcp,ftp,SF,245,1578,1,18,1,Normal,Normal
1,tcp,smtp,SF,1778,985,2,62,1,Normal,Normal
0,tcp,http,RSTO,32,0,0,298,0,Intrusion/Attack,SYN Flood
33,tcp,telnet,REJ,156,289,5,26,0,Intrusion/Attack,Brute Force
11,icmp,other,SF,1532,208,0,10,0,Normal,Normal
29,tcp,ftp,REJ,361,290,3,29,0,Intrusion/Attack,Brute Force
10,tcp,http,SF,148,3457,0,20,1,Normal,Normal
0,tcp,other,S0,0,20,0,236,0,Intrusion/Attack,Port Scan
0,tcp,ssh,S0,40,0,0,150,0,Intrusion/Attack,SYN Flood
0,tcp,http,S0,64,0,0,476,0,Intrusion/Attack,SYN Flood
7,udp,dns,SF,91,4811,0,6,0,Normal,Normal
8,tcp,smtp,SF,392,1726,0,6,1,Normal,Normal
43,tcp,http,SF,248,157,0,32,1,Normal,Normal
15,tcp,telnet,SF,751,67,4,43,0,Intrusion/Attack,Brute Force
7,tcp,http,SF,1166,1153,0,7,1,Normal,Normal
1,tcp,ssh,S0,120,0,0,66,0,Intrusion/Attack,Port Scan
13,tcp,ssh,REJ,790,311,4,37,0,Intrusion/Attack,Brute Force
28,udp,dns,SF,903,3618,0,5,0,Normal,Normal
0,tcp,http,S0,32,0,0,316,0,Intrusion/Attack,SYN Flood
0,tcp,http,SF,2452,531,0,14,1,Normal,Normal
5,tcp,ssh,SF,337,8310,0,14,1,Normal,Normal
9,tcp,http,SF,554,382,0,9,1,Normal,Normal
24,tcp,ssh,SF,207,300,5,32,0,Intrusion/Attack,Brute Force
45,tcp,http,SF,314,1325,0,15,1,Normal,Normal
3,tcp,http,SF,365,1635,0,50,1,Normal,Normal
2,tcp,telnet,REJ,44,0,0,113,0,Intrusion/Attack,Port Scan
9,tcp,ssh,SF,460,745,0,7,1,Normal,Normal
1,icmp,ftp,REJ,20,0,0,186,0,Intrusion/Attack,Port Scan
7,tcp,ftp,SF,144,8503,0,37,1,Normal,Normal
1,tcp,telnet,S0,0,0,0,45,0,Intrusion/Attack,Port Scan
3,tcp,http,SF,1638,5914,1,34,1,Normal,Normal
4,tcp,other,SF,580,2260,0,26,0,Normal,Normal
1,tcp,ssh,REJ,628,415,3,27,0,Intrusion/Attack,Brute Force
9,tcp,http,SF,408,3430,0,11,1,Normal,Normal
11,tcp,smtp,SF,2039,1191,0,56,0,Normal,Normal
11,udp,dns,SF,860,116,0,29,0,Normal,Normal
7,tcp,http,REJ,870,2926,0,7,0,Normal,Normal
0,tcp,smtp,S0,64,0,0,302,0,Intrusion/Attack,SYN Flood
0,tcp,ssh,SF,264,3687,0,25,0,Normal,Normal
33,tcp,ftp,SF,523,198,4,27,0,Intrusion/Attack,Brute Force
14,udp,dns,SF,91,79,0,16,0,Normal,Normal
22,tcp,telnet,SF,589,94,2,27,0,Intrusion/Attack,Brute Force
26,icmp,other,SF,847,502,0,7,0,Normal,Normal
0,tcp,http,S0,128,0,0,395,0,Intrusion/Attack,SYN Flood
6,tcp,http,SF,929,1818,0,16,1,Normal,Normal
20,tcp,other,SF,1068,4685,2,5,0,Normal,Normal
1,icmp,http,RSTR,0,20,0,224,0,Intrusion/Attack,Port Scan
13,tcp,http,SF,425,2034,0,6,1,Normal,Normal
48,tcp,http,SF,665,2303,0,2,1,Normal,Normal
2,udp,dns,SF,116,4044,0,12,0,Normal,Normal
19,tcp,http,SF,759,53,0,4,1,Normal,Normal
4,udp,dns,SF,30,983,0,1,0,Normal,Normal
0,tcp,http,SF,175,5291,0,4,1,Normal,Normal
3,tcp,http,SF,135,1340,0,5,0,Normal,Normal
1,tcp,ftp,SF,649,5070,0,22,1,Normal,Normal
0,tcp,http,S0,40,48,0,444,0,Intrusion/Attack,SYN Flood
6,tcp,http,SF,1963,2759,0,5,1,Normal,Normal
8,tcp,http,SF,1569,262,0,13,1,Normal,Normal
0,tcp,http,S0,32,0,0,368,0,Intrusion/Attack,SYN Flood
42,tcp,http,SF,810,1770,0,8,1,Normal,Normal
10,tcp,http,SF,157,22,0,11,0,Normal,Normal
35,tcp,ssh,REJ,355,304,5,28,0,Intrusion/Attack,Brute Force
3,udp,dns,SF,1660,2154,0,12,0,Normal,Normal
39,udp,dns,SF,839,737,0,18,0,Normal,Normal
6,tcp,http,SF,2799,2233,0,2,1,Normal,Normal
35,tcp,http,SF,1258,1741,0,4,1,Normal,Normal
4,tcp,http,SF,1023,235,0,1,1,Normal,Normal
0,tcp,smtp,S0,32,0,0,239,0,Intrusion/Attack,SYN Flood
2,udp,smtp,S0,0,0,0,170,0,Intrusion/Attack,Port Scan
0,tcp,telnet,SH,60,20,0,165,0,Intrusion/Attack,Port Scan
6,tcp,http,SF,116,1681,0,18,1,Normal,Normal
0,tcp,other,S0,40,0,0,399,0,Intrusion/Attack,SYN Flood
2,udp,dns,SF,510,769,0,14,0,Normal,Normal
9,tcp,smtp,SF,505,4093,0,27,1,Normal,Normal
14,tcp,http,SF,236,2309,0,1,1,Normal,Normal
16,tcp,http,SF,298,936,0,13,1,Normal,Normal
1,tcp,http,S0,32,0,0,380,0,Intrusion/Attack,SYN Flood
26,tcp,ftp,SF,398,420,6,30,0,Intrusion/Attack,Brute Force
1,tcp,smtp,S0,40,0,0,284,0,Intrusion/Attack,SYN Flood
0,tcp,http,S0,32,0,0,310,0,Intrusion/Attack,SYN Flood
18,tcp,ssh,SF,179,162,2,25,0,Intrusion/Attack,Brute Force
16,tcp,smtp,SF,104,1019,0,21,1,Normal,Normal
9,tcp,ssh,SF,234,1989,0,3,0,Normal,Normal
25,tcp,smtp,SF,1204,1593,0,26,1,Normal,Normal
2,tcp,smtp,REJ,0,20,0,140,0,Intrusion/Attack,Port Scan
2,udp,dns,SF,0,20,0,117,0,Intrusion/Attack,Port Scan
31,tcp,http,SF,2480,1722,0,9,1,Normal,Normal
3,tcp,smtp,SF,724,47,0,26,1,Normal,Normal
4,tcp,http,SF,232,674,0,13,1,Normal,Normal
2,tcp,other,REJ,44,20,0,66,0,Intrusion/Attack,Port Scan
12,tcp,ftp,SF,143,46,3,17,0,Intrusion/Attack,Brute Force
9,tcp,http,SF,2191,665,0,23,1,Normal,Normal
1,tcp,http,S0,64,0,0,424,0,Intrusion/Attack,SYN Flood
0,icmp,other,SF,818,600,0,33,0,Normal,Normal
1,tcp,http,SF,595,1794,0,34,1,Normal,Normal
3,tcp,http,SF,351,828,0,24,1,Normal,Normal
25,tcp,ftp,SF,145,2077,0,9,0,Normal,Normal
18,tcp,http,SF,30,776,0,3,1,Normal,Normal
1,tcp,http,SF,44,0,0,165,0,Intrusion/Attack,Port Scan
45,tcp,http,SF,220,1604,0,37,1,Normal,Normal
1,udp,ssh,REJ,120,0,0,169,0,Intrusion/Attack,Port Scan
5,tcp,other,SF,193,1152,0,8,0,Normal,Normal
0,tcp,smtp,S0,0,0,0,290,0,Intrusion/Attack,SYN Flood
7,udp,dns,SF,132,6809,0,31,0,Normal,Normal
2,tcp,ftp,SH,0,0,0,193,0,Intrusion/Attack,Port Scan
0,tcp,http,S0,64,48,0,350,0,Intrusion/Attack,SYN Flood
11,tcp,http,SF,802,271,0,5,1,Normal,Normal
11,tcp,http,SF,30,1006,0,8,1,Normal,Normal
8,tcp,http,SF,154,1769,0,7,1,Normal,Normal
0,tcp,http,SF,181,516,0,9,1,Normal,Normal
3,tcp,smtp,SF,405,677,0,7,1,Normal,Normal
13,udp,dns,SF,145,1011,0,2,0,Normal,Normal
35,tcp,ssh,RSTO,241,89,3,25,0,Intrusion/Attack,Brute Force
12,tcp,http,SF,469,213,0,8,1,Normal,Normal
0,tcp,ssh,S0,64,0,0,376,0,Intrusion/Attack,SYN Flood
16,tcp,http,SF,363,3155,0,3,1,Normal,Normal
19,tcp,http,SF,976,1669,0,7,1,Normal,Normal
13,tcp,ssh,REJ,843,360,5,24,0,Intrusion/Attack,Brute Force
0,udp,dns,SF,1737,2807,0,4,0,Normal,Normal
46,tcp,smtp,SF,1236,837,0,6,1,Normal,Normal
2,udp,http,REJ,0,0,0,212,0,Intrusion/Attack,Port Scan
31,tcp,telnet,SF,216,364,5,35,0,Intrusion/Attack,Brute Force
36,udp,dns,SF,884,1206,0,5,0,Normal,Normal
2,icmp,dns,SH,120,0,0,174,0,Intrusion/Attack,Port Scan
11,tcp,http,SF,30,4253,0,18,1,Normal,Normal
4,tcp,ssh,SF,30,4812,0,3,1,Normal,Normal
1,tcp,ssh,SF,469,3490,0,1,1,Normal,Normal
0,tcp,http,SF,717,4476,0,1,1,Normal,Normal
2,tcp,http,SF,565,3007,0,20,0,Normal,Normal
16,icmp,other,SF,742,92,0,11,0,Normal,Normal
31,icmp,other,SF,1356,464,0,2,0,Normal,Normal
6,udp,dns,SF,144,1697,0,13,0,Normal,Normal
10,tcp,smtp,SF,174,4988,0,18,0,Normal,Normal
2,udp,http,SF,60,20,0,235,0,Intrusion/Attack,Port Scan
36,tcp,ftp,SF,97,465,0,5,1,Normal,Normal
18,tcp,http,SF,137,1096,0,16,1,Normal,Normal
17,tcp,http,SF,30,1848,0,84,1,Normal,Normal
2,tcp,smtp,SF,30,1870,0,16,1,Normal,Normal
5,tcp,ssh,SF,1578,1236,0,9,1,Normal,Normal
8,tcp,ssh,SF,560,350,3,22,0,Intrusion/Attack,Brute Force
8,tcp,http,SF,274,1654,0,12,1,Normal,Normal
15,udp,other,SF,2009,394,0,15,0,Normal,Normal
24,tcp,ssh,RSTO,369,377,2,21,0,Intrusion/Attack,Brute Force
0,udp,dns,SF,174,972,0,3,0,Normal,Normal
0,tcp,http,S0,40,0,0,341,0,Intrusion/Attack,SYN Flood
2,tcp,smtp,S0,44,0,0,237,0,Intrusion/Attack,Port Scan
8,tcp,http,SF,67,103,0,13,1,Normal,Normal
24,tcp,http,SF,1320,2844,0,1,1,Normal,Normal
1,tcp,http,S0,128,0,0,353,0,Intrusion/Attack,SYN Flood
9,tcp,http,SF,1390,384,0,17,1,Normal,Normal
26,tcp,smtp,SF,121,1117,0,11,0,Normal,Normal
12,tcp,other,SF,547,1119,0,30,0,Normal,Normal
15,udp,other,SF,402,874,0,4,0,Normal,Normal
11,tcp,smtp,SF,2254,1588,0,13,1,Normal,Normal
1,icmp,telnet,RSTR,60,0,0,110,0,Intrusion/Attack,Port Scan
19,tcp,smtp,SF,2250,634,0,5,1,Normal,Normal
10,tcp,http,SF,1093,3073,0,3,1,Normal,Normal
3,tcp,http,SF,535,1227,0,33,1,Normal,Normal
1,tcp,http,REJ,120,20,0,260,0,Intrusion/Attack,Port Scan
1,tcp,http,SF,119,382,1,23,1,Normal,Normal
0,tcp,ssh,SF,1326,51,0,13,1,Normal,Normal
1,tcp,dns,SH,20,0,0,179,0,Intrusion/Attack,Port Scan
19,udp,dns,SF,54,3487,0,27,0,Normal,Normal
11,tcp,other,SF,30,5188,0,4,0,Normal,Normal
3,tcp,http,REJ,288,388,0,10,1,Normal,Normal
38,tcp,http,SF,694,1375,0,28,1,Normal,Normal
25,icmp,other,SF,371,3118,0,2,0,Normal,Normal
18,tcp,ssh,REJ,868,2605,0,35,1,Normal,Normal
20,tcp,ssh,SF,654,311,3,29,0,Intrusion/Attack,Brute Force
0,tcp,http,SF,134,3296,0,18,1,Normal,Normal
4,tcp,smtp,SF,644,3446,0,31,1,Normal,Normal
20,tcp,http,SF,1518,20,0,29,1,Normal,Normal
20,udp,dns,SF,102,5408,0,4,0,Normal,Normal
1,tcp,ssh,SH,120,0,0,132,0,Intrusion/Attack,Port Scan
22,tcp,ssh,REJ,775,279,4,32,0,Intrusion/Attack,Brute Force
35,tcp,http,SF,924,2182,0,36,1,Normal,Normal
10,tcp,http,SF,370,1870,0,17,1,Normal,Normal
34,tcp,smtp,SF,512,4871,0,10,0,Normal,Normal
11,udp,dns,SF,236,481,0,21,0,Normal,Normal
27,icmp,other,SF,30,2302,0,2,0,Normal,Normal
2,tcp,ftp,RSTR,120,0,0,198,0,Intrusion/Attack,Port Scan
20,tcp,http,SF,1813,132,0,18,1,Normal,Normal
0,tcp,ssh,RSTO,120,2536,0,25,1,Normal,Normal
1,udp,dns,SF,926,1783,0,9,0,Normal,Normal
0,tcp,dns,S0,20,0,0,239,0,Intrusion/Attack,Port Scan
17,tcp,smtp,SF,1842,2358,0,19,1,Normal,Normal
25,udp,dns,SF,30,2568,0,16,0,Normal,Normal
6,udp,dns,SF,292,3932,0,4,0,Normal,Normal
2,icmp,other,SF,472,3778,0,11,0,Normal,Normal
1,tcp,http,SF,1792,1140,0,26,1,Normal,Normal
0,tcp,http,SF,1959,2093,0,10,1,Normal,Normal
11,tcp,ftp,REJ,606,54,2,29,0,Intrusion/Attack,Brute Force
4,tcp,ssh,RSTO,706,8076,0,12,1,Normal,Normal
0,udp,dns,SF,305,283,0,25,0,Normal,Normal
10,tcp,http,SF,383,8184,0,32,1,Normal,Normal
3,icmp,other,SF,100,5857,0,10,0,Normal,Normal
8,tcp,other,SF,219,1554,0,1,0,Normal,Normal
17,tcp,http,SF,204,2191,0,15,1,Normal,Normal
35,tcp,http,SF,344,4552,0,7,1,Normal,Normal
53,udp,dns,SF,72,788,0,2,0,Normal,Normal
9,udp,dns,SF,315,514,0,26,0,Normal,Normal
0,tcp,http,S0,64,48,0,415,0,Intrusion/Attack,SYN Flood
34,tcp,ftp,SF,597,104,2,29,0,Intrusion/Attack,Brute Force
7,tcp,http,SF,575,2071,0,7,0,Normal,Normal
20,tcp,smtp,REJ,478,750,0,13,1,Normal,Normal
0,tcp,http,S0,128,0,0,381,0,Intrusion/Attack,SYN Flood
2,tcp,smtp,REJ,60,0,0,162,0,Intrusion/Attack,Port Scan
1,tcp,http,S0,32,0,0,386,0,Intrusion/Attack,SYN Flood
2,tcp,http,SF,1524,629,0,31,1,Normal,Normal
0,tcp,smtp,S0,64,0,0,339,0,Intrusion/Attack,SYN Flood
30,tcp,http,SF,648,1824,0,15,1,Normal,Normal
15,tcp,ssh,REJ,369,285,0,79,1,Normal,Normal
3,tcp,ssh,SF,118,2056,0,18,1,Normal,Normal
3,tcp,http,SF,192,868,0,11,1,Normal,Normal
1,udp,http,S0,120,0,0,158,0,Intrusion/Attack,Port Scan
2,tcp,http,SF,79,2341,0,1,1,Normal,Normal
4,udp,dns,SF,45,68,0,35,0,Normal,Normal
40,tcp,smtp,SF,30,400,0,10,1,Normal,Normal
14,tcp,http,SF,1002,3861,0,5,1,Normal,Normal
23,tcp,ssh,SF,105,624,0,21,1,Normal,Normal
82,tcp,ftp,SF,110,3060,0,19,1,Normal,Normal
0,tcp,telnet,REJ,0,0,0,318,0,Intrusion/Attack,Port Scan
1,tcp,http,S0,40,48,0,435,0,Intrusion/Attack,SYN Flood
10,tcp,http,SF,1140,189,0,28,1,Normal,Normal
5,tcp,ftp,SF,318,7055,0,14,1,Normal,Normal
0,tcp,http,S0,40,48,0,324,0,Intrusion/Attack,SYN Flood
20,udp,dns,SF,723,575,0,12,0,Normal,Normal
37,tcp,ftp,SF,356,282,6,24,0,Intrusion/Attack,Brute Force
0,tcp,http,S0,40,48,0,356,0,Intrusion/Attack,SYN Flood
0,tcp,ssh,S0,128,0,0,251,0,Intrusion/Attack,SYN Flood
10,tcp,http,SF,30,1870,0,24,1,Normal,Normal
17,tcp,http,SF,438,2593,0,1,1,Normal,Normal
9,tcp,ftp,SF,536,3969,0,33,1,Normal,Normal
0,tcp,http,RSTO,32,48,0,362,0,Intrusion/Attack,SYN Flood
4,tcp,smtp,SF,1103,281,0,15,1,Normal,Normal
0,tcp,smtp,SF,454,2106,0,1,1,Normal,Normal
2,tcp,smtp,SF,994,17355,0,23,1,Normal,Normal
11,tcp,http,SF,302,3744,0,10,1,Normal,Normal
1,udp,dns,SF,30,2163,0,15,0,Normal,Normal
0,tcp,http,S0,128,48,0,381,0,Intrusion/Attack,SYN Flood
8,tcp,ssh,SF,615,81,3,28,0,Intrusion/Attack,Brute Force
0,tcp,other,S0,128,48,0,331,0,Intrusion/Attack,SYN Flood
19,tcp,smtp,SF,942,415,0,3,1,Normal,Normal
0,tcp,smtp,S0,64,0,0,250,0,Intrusion/Attack,SYN Flood
12,tcp,ssh,SF,147,217,2,23,0,Intrusion/Attack,Brute Force
15,tcp,ftp,SF,1139,271,0,20,1,Normal,Normal
6,tcp,http,SF,2189,242,0,2,1,Normal,Normal
5,tcp,http,REJ,180,685,0,28,0,Normal,Normal
23,tcp,ftp,RSTO,323,432,2,26,0,Intrusion/Attack,Brute Force
6,tcp,ssh,SF,584,428,0,56,1,Normal,Normal
0,tcp,http,REJ,0,0,0,199,0,Intrusion/Attack,SYN Flood
0,tcp,other,SF,120,0,0,228,0,Intrusion/Attack,Port Scan
1,tcp,other,SH,44,0,0,116,0,Intrusion/Attack,Port Scan
0,tcp,ssh,S0,128,0,0,254,0,Intrusion/Attack,SYN Flood
0,tcp,http,S0,128,48,0,332,0,Intrusion/Attack,SYN Flood
0,tcp,http,S0,32,48,0,390,0,Intrusion/Attack,SYN Flood
49,udp,dns,SF,843,872,0,6,0,Normal,Normal
11,udp,dns,SF,148,308,0,2,0,Normal,Normal
0,tcp,http,SF,3325,1882,0,50,1,Normal,Normal
10,tcp,http,SF,292,4799,0,2,1,Normal,Normal
0,icmp,smtp,REJ,20,20,0,137,0,Intrusion/Attack,Port Scan
3,tcp,ftp,SF,234,1620,0,18,1,Normal,Normal
1,tcp,http,S0,128,0,0,319,0,Intrusion/Attack,SYN Flood
22,udp,dns,SF,377,2662,0,48,0,Normal,Normal
0,tcp,http,S0,0,48,0,262,0,Intrusion/Attack,SYN Flood
0,tcp,ftp,REJ,60,0,0,226,0,Intrusion/Attack,Port Scan
5,tcp,smtp,SF,453,992,0,13,1,Normal,Normal
10,udp,dns,SF,98,2669,0,22,0,Normal,Normal
0,tcp,http,S0,32,0,0,242,0,Intrusion/Attack,SYN Flood
10,tcp,telnet,REJ,710,294,3,28,0,Intrusion/Attack,Brute Force
15,icmp,other,SF,114,5670,0,3,0,Normal,Normal
10,tcp,ssh,SF,296,2606,0,7,1,Normal,Normal
5,tcp,http,SF,743,2920,0,15,1,Normal,Normal
4,tcp,ftp,RSTO,238,81,4,33,0,Intrusion/Attack,Brute Force
22,tcp,ftp,SF,733,423,3,24,0,Intrusion/Attack,Brute Force
1,icmp,telnet,REJ,120,0,0,134,0,Intrusion/Attack,Port Scan
10,tcp,ssh,SF,844,346,2,25,0,Intrusion/Attack,Brute Force
6,tcp,http,SF,618,1618,0,14,1,Normal,Normal
0,tcp,ssh,S0,32,0,0,434,0,Intrusion/Attack,SYN Flood
9,tcp,http,SF,998,1594,0,2,1,Normal,Normal
16,tcp,other,SF,1187,1919,0,21,0,Normal,Normal
28,tcp,ssh,SF,140,1279,0,21,1,Normal,Normal
2,tcp,http,SF,369,1220,0,17,1,Normal,Normal
4,tcp,http,SF,49,2611,0,9,1,Normal,Normal
22,tcp,ssh,REJ,605,62,4,33,0,Intrusion/Attack,Brute Force
11,tcp,ssh,SF,773,395,5,35,0,Intrusion/Attack,Brute Force
11,tcp,http,SF,124,842,0,54,1,Normal,Normal
14,icmp,other,SF,279,290,0,5,0,Normal,Normal
1,tcp,smtp,SF,1302,843,0,28,1,Normal,Normal
4,udp,dns,SF,182,8100,0,34,0,Normal,Normal
0,tcp,smtp,S0,32,48,0,358,0,Intrusion/Attack,SYN Flood
2,icmp,ftp,REJ,60,20,0,146,0,Intrusion/Attack,Port Scan
5,tcp,http,SF,1483,5256,0,37,1,Normal,Normal
48,udp,dns,SF,720,462,0,17,0,Normal,Normal
5,tcp,http,SF,688,6685,0,24,0,Normal,Normal
0,tcp,http,S0,40,48,0,194,0,Intrusion/Attack,SYN Flood
22,tcp,ssh,SF,616,1787,1,6,1,Normal,Normal
1,tcp,smtp,REJ,120,0,0,156,0,Intrusion/Attack,Port Scan
4,tcp,http,SF,435,2901,1,10,1,Normal,Normal
34,tcp,http,SF,2537,7416,0,31,0,Normal,Normal
8,tcp,http,SF,1001,6829,0,4,1,Normal,Normal
9,tcp,http,SF,1680,1216,0,25,0,Normal,Normal
24,tcp,http,SF,213,510,0,33,1,Normal,Normal
14,udp,dns,SF,445,851,0,9,0,Normal,Normal
5,tcp,ftp,SF,1657,5243,0,1,1,Normal,Normal
12,tcp,http,SF,121,362,0,6,0,Normal,Normal
1,tcp,http,S0,40,48,0,432,0,Intrusion/Attack,SYN Flood
5,tcp,http,REJ,111,1430,0,19,1,Normal,Normal
0,tcp,http,S0,32,0,0,257,0,Intrusion/Attack,SYN Flood
12,udp,other,SF,287,3717,0,14,0,Normal,Normal
0,tcp,http,S0,0,0,0,351,0,Intrusion/Attack,SYN Flood
0,tcp,http,SF,62,2779,0,33,1,Normal,Normal
21,tcp,http,SF,43,1294,0,3,1,Normal,Normal
14,tcp,ssh,SF,353,444,4,28,0,Intrusion/Attack,Brute Force
0,udp,http,REJ,120,20,0,165,0,Intrusion/Attack,Port Scan
20,tcp,ssh,SF,290,2670,0,2,1,Normal,Normal
5,udp,dns,SF,2837,7198,0,30,0,Normal,Normal
0,tcp,dns,RSTR,20,0,0,180,0,Intrusion/Attack,Port Scan
10,udp,dns,SF,36,2047,0,25,0,Normal,Normal
10,tcp,smtp,REJ,103,1921,0,16,1,Normal,Normal
5,tcp,http,SF,53,2958,0,14,1,Normal,Normal
0,tcp,ssh,S0,32,0,0,391,0,Intrusion/Attack,SYN Flood
6,tcp,ssh,SF,697,92,3,26,0,Intrusion/Attack,Brute Force
2,tcp,ftp,REJ,60,20,0,98,0,Intrusion/Attack,Port Scan
1,tcp,ssh,REJ,120,0,0,69,0,Intrusion/Attack,Port Scan
8,tcp,smtp,SF,60,1382,0,6,1,Normal,Normal
1,tcp,ssh,SF,761,3159,0,19,1,Normal,Normal
8,tcp,ssh,SF,137,58,5,33,0,Intrusion/Attack,Brute Force
27,udp,dns,SF,195,819,0,4,0,Normal,Normal
5,tcp,smtp,SF,809,423,0,15,1,Normal,Normal
0,tcp,ssh,REJ,40,0,0,382,0,Intrusion/Attack,SYN Flood
1,tcp,ssh,S0,40,0,0,265,0,Intrusion/Attack,SYN Flood
23,tcp,ssh,RSTO,453,353,3,31,0,Intrusion/Attack,Brute Force
6,tcp,http,SF,648,5862,0,37,0,Normal,Normal
0,tcp,ftp,S0,60,0,0,113,0,Intrusion/Attack,Port Scan
15,tcp,http,SF,723,2401,0,9,1,Normal,Normal
13,tcp,other,SF,640,1853,0,2,0,Normal,Normal
29,tcp,http,SF,1538,4560,0,22,0,Normal,Normal
31,tcp,ssh,RSTO,794,300,3,27,0,Intrusion/Attack,Brute Force
0,tcp,http,S0,0,0,0,402,0,Intrusion/Attack,SYN Flood
0,tcp,dns,RSTR,44,0,0,133,0,Intrusion/Attack,Port Scan
1,tcp,telnet,SF,281,216,4,29,0,Intrusion/Attack,Brute Force
4,udp,dns,SF,359,91,0,24,0,Normal,Normal
13,udp,dns,SF,1132,237,0,7,0,Normal,Normal
2,udp,http,S0,0,20,0,184,0,Intrusion/Attack,Port Scan
10,tcp,http,SF,178,1164,0,38,1,Normal,Normal
0,tcp,telnet,RSTR,120,0,0,213,0,Intrusion/Attack,Port Scan
10,tcp,other,SF,249,711,0,6,0,Normal,Normal
16,tcp,http,SF,315,3893,0,22,1,Normal,Normal
1,tcp,http,S0,40,48,0,337,0,Intrusion/Attack,SYN Flood
0,tcp,other,REJ,0,0,0,85,0,Intrusion/Attack,Port Scan
4,tcp,http,SF,125,3577,0,2,1,Normal,Normal
9,tcp,http,SF,92,6306,0,20,1,Normal,Normal
7,tcp,smtp,SF,45,3410,0,20,1,Normal,Normal
0,tcp,other,S0,0,0,0,166,0,Intrusion/Attack,Port Scan
0,tcp,ssh,SF,1633,202,0,11,1,Normal,Normal
14,udp,dns,SF,1700,7852,0,10,0,Normal,Normal
31,tcp,ssh,SF,717,261,2,23,0,Intrusion/Attack,Brute Force
3,tcp,http,SF,455,4259,0,13,0,Normal,Normal
4,tcp,http,SF,30,365,0,6,1,Normal,Normal
0,tcp,ssh,RSTO,32,0,0,354,0,Intrusion/Attack,SYN Flood
2,tcp,ftp,SH,60,0,0,195,0,Intrusion/Attack,Port Scan
0,tcp,smtp,S0,32,0,0,444,0,Intrusion/Attack,SYN Flood
1,tcp,telnet,SH,20,0,0,178,0,Intrusion/Attack,Port Scan
10,tcp,http,SF,903,1738,0,22,1,Normal,Normal
0,tcp,http,SF,1345,3949,0,1,1,Normal,Normal
0,tcp,http,S0,0,48,0,263,0,Intrusion/Attack,SYN Flood
11,udp,dns,SF,2292,2854,0,7,0,Normal,Normal
5,tcp,http,SF,409,6285,0,45,1,Normal,Normal
6,udp,other,SF,72,500,0,26,0,Normal,Normal
0,tcp,http,S0,0,48,0,297,0,Intrusion/Attack,SYN Flood
0,tcp,http,S0,32,0,0,210,0,Intrusion/Attack,SYN Flood
0,tcp,http,REJ,60,20,0,208,0,Intrusion/Attack,Port Scan
0,tcp,http,SF,445,2180,0,24,1,Normal,Normal
0,udp,dns,SF,1449,618,0,17,0,Normal,Normal
36,tcp,http,SF,918,4148,0,5,1,Normal,Normal
26,tcp,smtp,SF,241,156,0,5,0,Normal,Normal
13,tcp,http,SF,2336,7393,0,6,1,Normal,Normal
33,tcp,other,SF,1413,1872,0,13,0,Normal,Normal
8,tcp,other,SF,642,314,0,68,0,Normal,Normal
18,tcp,http,REJ,366,48,0,16,1,Normal,Normal
2,tcp,telnet,S0,44,0,0,152,0,Intrusion/Attack,Port Scan
0,tcp,ftp,REJ,44,20,0,143,0,Intrusion/Attack,Port Scan
25,tcp,smtp,SF,148,494,0,3,1,Normal,Normal
0,tcp,http,S0,40,0,0,473,0,Intrusion/Attack,SYN Flood
0,tcp,http,S0,64,0,0,324,0,Intrusion/Attack,SYN Flood
2,tcp,ssh,SF,469,187,4,18,0,Intrusion/Attack,Brute Force
11,icmp,other,SF,645,2855,0,16,0,Normal,Normal
0,tcp,dns,RSTR,0,0,0,269,0,Intrusion/Attack,Port Scan
14,tcp,smtp,SF,684,3778,0,9,1,Normal,Normal
2,tcp,http,SF,1245,1577,0,25,1,Normal,Normal
22,tcp,telnet,SF,653,159,3,27,0,Intrusion/Attack,Brute Force
2,tcp,dns,SH,20,20,0,178,0,Intrusion/Attack,Port Scan
2,icmp,other,SF,190,223,0,24,0,Normal,Normal
1,tcp,telnet,REJ,0,0,0,114,0,Intrusion/Attack,Port Scan
7,udp,dns,SF,30,3359,1,16,0,Normal,Normal
6,udp,dns,SF,606,1446,0,9,0,Normal,Normal
20,tcp,http,SF,360,1018,0,71,1,Normal,Normal
1,tcp,http,S0,32,0,0,283,0,Intrusion/Attack,SYN Flood
3,tcp,other,SF,335,1527,0,14,0,Normal,Normal
45,tcp,smtp,SF,870,2835,0,42,1,Normal,Normal
0,tcp,smtp,S0,128,0,0,345,0,Intrusion/Attack,SYN Flood
29,tcp,ftp,RSTO,747,186,4,33,0,Intrusion/Attack,Brute Force
1,tcp,http,S0,128,0,0,174,0,Intrusion/Attack,SYN Flood
1,tcp,other,SF,413,483,0,19,0,Normal,Normal
0,udp,other,REJ,20,0,0,45,0,Intrusion/Attack,Port Scan
19,tcp,other,SF,750,572,0,6,0,Normal,Normal
7,tcp,http,REJ,1050,1787,0,4,1,Normal,Normal
0,tcp,ssh,RSTR,0,0,0,189,0,Intrusion/Attack,Port Scan
7,udp,dns,SF,30,959,0,39,0,Normal,Normal
0,tcp,ssh,S0,128,48,0,224,0,Intrusion/Attack,SYN Flood
30,tcp,ssh,SF,1036,1736,0,4,1,Normal,Normal
0,tcp,ssh,RSTR,60,0,0,124,0,Intrusion/Attack,Port Scan
0,tcp,http,SF,1044,2372,0,34,1,Normal,Normal
9,tcp,http,SF,2862,1389,0,1,1,Normal,Normal
1,tcp,http,S0,40,0,0,250,0,Intrusion/Attack,SYN Flood
0,tcp,http,RSTO,64,48,0,296,0,Intrusion/Attack,SYN Flood
6,tcp,http,SF,2917,2162,0,29,1,Normal,Normal
30,tcp,ssh,SF,1458,6055,0,13,1,Normal,Normal
0,tcp,http,S0,32,0,0,254,0,Intrusion/Attack,SYN Flood
4,tcp,other,SF,1057,13025,0,10,0,Normal,Normal
11,tcp,http,SF,30,6058,0,33,1,Normal,Normal
16,tcp,ftp,SF,30,10058,0,37,1,Normal,Normal
0,tcp,http,S0,64,0,0,371,0,Intrusion/Attack,SYN Flood
6,tcp,http,SF,30,2246,0,2,1,Normal,Normal
24,tcp,http,SF,1491,2346,0,4,1,Normal,Normal
10,tcp,http,SF,484,8762,0,3,1,Normal,Normal
0,tcp,http,S0,32,0,0,387,0,Intrusion/Attack,SYN Flood
39,tcp,ftp,RSTO,295,64,3,22,0,Intrusion/Attack,Brute Force
7,tcp,ssh,RSTO,519,281,4,30,0,Intrusion/Attack,Brute Force
1,icmp,telnet,REJ,44,0,0,102,0,Intrusion/Attack,Port Scan
0,tcp,http,SF,67,1766,0,21,1,Normal,Normal
10,udp,other,SF,1742,2101,0,10,0,Normal,Normal
0,tcp,http,S0,128,0,0,131,0,Intrusion/Attack,SYN Flood
18,tcp,http,SF,239,4615,0,95,1,Normal,Normal
0,tcp,http,S0,64,48,0,375,0,Intrusion/Attack,SYN Flood
14,udp,dns,SF,712,3653,0,6,0,Normal,Normal
31,tcp,telnet,REJ,160,216,3,29,0,Intrusion/Attack,Brute Force
11,tcp,http,SF,763,1312,0,24,1,Normal,Normal
0,tcp,smtp,S0,128,0,0,192,0,Intrusion/Attack,SYN Flood
0,udp,dns,SF,232,981,0,16,0,Normal,Normal
7,udp,dns,SF,1957,3439,0,5,0,Normal,Normal
0,tcp,ftp,REJ,44,0,0,233,0,Intrusion/Attack,Port Scan
2,udp,dns,SF,55,4445,0,32,0,Normal,Normal
22,tcp,other,REJ,599,1456,0,48,0,Normal,Normal
1,tcp,telnet,REJ,0,0,0,167,0,Intrusion/Attack,Port Scan
21,tcp,telnet,RSTO,424,371,4,27,0,Intrusion/Attack,Brute Force
17,tcp,telnet,SF,795,220,3,17,0,Intrusion/Attack,Brute Force
7,tcp,smtp,SF,44,46,0,12,1,Normal,Normal
0,icmp,http,REJ,44,20,0,132,0,Intrusion/Attack,Port Scan
5,tcp,http,SF,479,2615,0,21,1,Normal,Normal
39,tcp,smtp,SF,379,3893,0,59,1,Normal,Normal
0,tcp,smtp,S0,0,0,0,337,0,Intrusion/Attack,SYN Flood
11,tcp,http,SF,87,821,0,4,1,Normal,Normal
2,tcp,other,REJ,129,2000,0,22,0,Normal,Normal
31,tcp,http,SF,214,1698,0,5,1,Normal,Normal
0,tcp,http,S0,0,48,0,93,0,Intrusion/Attack,SYN Flood
0,tcp,http,S0,64,0,0,247,0,Intrusion/Attack,SYN Flood
0,tcp,http,S0,40,0,0,367,0,Intrusion/Attack,SYN Flood
0,tcp,ssh,S0,32,0,0,361,0,Intrusion/Attack,SYN Flood
16,tcp,http,SF,561,10626,0,43,1,Normal,Normal
1,tcp,http,SF,703,2204,0,19,0,Normal,Normal
3,tcp,ftp,REJ,633,203,5,30,0,Intrusion/Attack,Brute Force
0,tcp,http,S0,0,48,0,270,0,Intrusion/Attack,SYN Flood
13,tcp,smtp,SF,363,65,0,1,1,Normal,Normal
14,tcp,http,SF,565,3248,0,4,1,Normal,Normal
20,udp,dns,SF,924,7343,0,15,0,Normal,Normal
0,tcp,other,RSTO,32,0,0,318,0,Intrusion/Attack,SYN Flood
14,tcp,ssh,SF,344,1338,0,14,1,Normal,Normal
20,udp,dns,SF,1261,890,0,8,0,Normal,Normal
0,tcp,http,S0,0,0,0,258,0,Intrusion/Attack,SYN Flood
1,tcp,smtp,REJ,20,0,0,97,0,Intrusion/Attack,Port Scan
0,tcp,other,S0,128,48,0,389,0,Intrusion/Attack,SYN Flood
19,tcp,http,REJ,619,2732,0,7,1,Normal,Normal
1,udp,dns,SF,538,3442,0,3,0,Normal,Normal
0,tcp,other,S0,0,48,0,286,0,Intrusion/Attack,SYN Flood
2,tcp,ssh,REJ,672,126,3,31,0,Intrusion/Attack,Brute Force
0,tcp,http,S0,64,0,0,292,0,Intrusion/Attack,SYN Flood
0,tcp,http,RSTR,44,20,0,111,0,Intrusion/Attack,Port Scan
1,tcp,http,SF,703,2415,0,2,1,Normal,Normal
9,tcp,ftp,SF,307,1946,0,10,1,Normal,Normal
28,udp,dns,SF,2386,7557,0,1,0,Normal,Normal
12,udp,dns,SF,80,753,0,11,0,Normal,Normal
6,tcp,ssh,SF,30,38,0,2,1,Normal,Normal
0,tcp,ssh,REJ,60,20,0,160,0,Intrusion/Attack,Port Scan
12,tcp,http,REJ,649,1428,0,7,1,Normal,Normal
3,tcp,telnet,SF,750,78,2,27,0,Intrusion/Attack,Brute Force
0,tcp,http,REJ,128,0,0,283,0,Intrusion/Attack,SYN Flood
23,tcp,http,SF,396,449,0,12,1,Normal,Normal
13,icmp,other,SF,1249,165,0,18,0,Normal,Normal
19,tcp,smtp,SF,154,376,0,60,1,Normal,Normal
6,tcp,smtp,SF,1011,638,0,5,1,Normal,Normal
14,tcp,http,SF,94,1124,0,14,1,Normal,Normal
13,tcp,http,SF,400,1141,0,19,1,Normal,Normal
2,tcp,other,S0,0,0,0,186,0,Intrusion/Attack,Port Scan
40,udp,other,SF,933,1763,0,13,0,Normal,Normal
58,udp,dns,SF,622,486,0,24,0,Normal,Normal
0,tcp,ssh,SF,520,8378,1,6,1,Normal,Normal
2,tcp,http,REJ,20,0,0,117,0,Intrusion/Attack,Port Scan
9,tcp,ftp,SF,268,286,2,26,0,Intrusion/Attack,Brute Force
1,udp,dns,REJ,20,0,0,164,0,Intrusion/Attack,Port Scan
0,tcp,ssh,S0,32,0,0,276,0,Intrusion/Attack,SYN Flood
19,udp,other,SF,1519,134,0,22,0,Normal,Normal
0,tcp,http,S0,0,48,0,387,0,Intrusion/Attack,SYN Flood
38,tcp,ftp,REJ,352,90,5,26,0,Intrusion/Attack,Brute Force
2,tcp,http,REJ,20,0,0,161,0,Intrusion/Attack,Port Scan
1,tcp,ftp,REJ,44,0,0,126,0,Intrusion/Attack,Port Scan
9,tcp,http,SF,806,2210,1,15,1,Normal,Normal
0,tcp,http,S0,32,0,0,338,0,Intrusion/Attack,SYN Flood
34,tcp,http,SF,260,4552,0,1,1,Normal,Normal
12,tcp,ssh,SF,526,61,3,26,0,Intrusion/Attack,Brute Force
0,tcp,http,RSTO,128,0,0,211,0,Intrusion/Attack,SYN Flood
14,tcp,http,SF,234,3256,0,3,0,Normal,Normal
6,udp,dns,SF,555,4296,0,1,0,Normal,Normal
2,tcp,telnet,S0,120,0,0,89,0,Intrusion/Attack,Port Scan
16,tcp,http,SF,1330,4898,0,9,1,Normal,Normal
15,tcp,ssh,REJ,235,9771,0,4,1,Normal,Normal
36,udp,dns,SF,30,3974,0,25,0,Normal,Normal
28,tcp,http,RSTO,497,335,0,20,1,Normal,Normal
0,udp,dns,SF,207,753,0,20,0,Normal,Normal
0,tcp,http,RSTO,128,0,0,348,0,Intrusion/Attack,SYN Flood
6,tcp,http,SF,2477,1367,0,11,1,Normal,Normal
35,tcp,ftp,RSTO,653,430,5,34,0,Intrusion/Attack,Brute Force
0,tcp,http,SF,30,4150,0,3,1,Normal,Normal
29,tcp,telnet,RSTO,278,411,3,25,0,Intrusion/Attack,Brute Force
16,udp,dns,SF,591,544,0,20,0,Normal,Normal
6,tcp,http,SF,1169,6578,0,8,1,Normal,Normal
15,tcp,telnet,RSTO,640,433,5,27,0,Intrusion/Attack,Brute Force
26,tcp,ftp,SF,54,557,0,29,1,Normal,Normal
33,tcp,http,SF,614,295,0,12,0,Normal,Normal
23,tcp,smtp,SF,428,1172,0,19,1,Normal,Normal
10,udp,dns,SF,565,4209,0,1,0,Normal,Normal
46,tcp,http,SF,244,5585,0,4,1,Normal,Normal
0,tcp,http,S0,128,0,0,337,0,Intrusion/Attack,SYN Flood
16,tcp,ftp,RSTO,247,295,6,31,0,Intrusion/Attack,Brute Force
32,tcp,http,SF,135,1772,0,15,1,Normal,Normal
10,tcp,http,SF,601,7758,0,2,1,Normal,Normal
3,tcp,smtp,SF,1136,312,0,35,1,Normal,Normal
12,tcp,http,SF,1434,2525,0,31,1,Normal,Normal
0,tcp,ssh,S0,0,0,0,318,0,Intrusion/Attack,SYN Flood
16,tcp,smtp,REJ,880,4528,0,6,1,Normal,Normal
4,icmp,other,SF,933,2047,0,13,0,Normal,Normal
4,tcp,http,SF,930,1819,0,8,1,Normal,Normal
32,udp,dns,SF,810,1931,0,1,0,Normal,Normal
2,tcp,http,SF,831,206,0,2,1,Normal,Normal
1,tcp,http,S0,32,0,0,242,0,Intrusion/Attack,SYN Flood
7,tcp,http,SF,120,3391,0,35,1,Normal,Normal
0,tcp,ssh,S0,20,0,0,224,0,Intrusion/Attack,Port Scan
8,udp,dns,SF,924,246,0,23,0,Normal,Normal
0,tcp,smtp,S0,0,0,0,361,0,Intrusion/Attack,SYN Flood
1,tcp,http,S0,0,0,0,317,0,Intrusion/Attack,SYN Flood
7,tcp,other,SF,51,2191,0,28,0,Normal,Normal
8,udp,other,SF,194,1367,0,1,0,Normal,Normal
0,tcp,http,S0,40,0,0,348,0,Intrusion/Attack,SYN Flood
41,tcp,smtp,REJ,756,168,0,20,0,Normal,Normal
1,tcp,dns,S0,60,0,0,151,0,Intrusion/Attack,Port Scan
9,tcp,ssh,SF,449,179,0,12,1,Normal,Normal
10,udp,dns,SF,355,2577,0,47,0,Normal,Normal
31,tcp,ssh,SF,221,143,2,27,0,Intrusion/Attack,Brute Force
0,tcp,http,S0,128,0,0,342,0,Intrusion/Attack,SYN Flood
26,icmp,other,SF,1211,687,0,2,0,Normal,Normal
3,tcp,smtp,SF,673,459,0,8,1,Normal,Normal
43,tcp,http,SF,99,2470,0,51,1,Normal,Normal
21,udp,dns,SF,376,3687,1,5,0,Normal,Normal
11,tcp,other,SF,2255,5602,0,38,0,Normal,Normal
20,tcp,ssh,SF,803,819,0,32,1,Normal,Normal
12,tcp,ssh,RSTO,626,351,2,25,0,Intrusion/Attack,Brute Force
29,tcp,http,SF,698,426,0,17,1,Normal,Normal
10,icmp,other,SF,519,2845,1,25,0,Normal,Normal
5,tcp,http,SF,152,1866,0,7,1,Normal,Normal
1,tcp,http,SF,468,173,0,10,1,Normal,Normal
0,tcp,http,REJ,250,368,0,69,1,Normal,Normal
22,udp,dns,SF,442,1775,0,1,0,Normal,Normal
14,tcp,http,SF,493,231,0,95,1,Normal,Normal
21,tcp,http,SF,346,1308,0,4,1,Normal,Normal
10,tcp,ssh,SF,1696,985,0,11,1,Normal,Normal
6,tcp,http,SF,240,557,0,4,1,Normal,Normal
9,udp,other,SF,53,715,0,5,0,Normal,Normal
4,tcp,ssh,SF,499,1431,0,2,1,Normal,Normal
27,udp,dns,SF,778,34,0,15,0,Normal,Normal
11,udp,dns,SF,30,179,0,1,0,Normal,Normal
0,udp,dns,SF,1401,4764,0,15,0,Normal,Normal
59,udp,dns,SF,867,1534,0,2,0,Normal,Normal
24,tcp,http,SF,32,2190,0,6,1,Normal,Normal
13,tcp,http,SF,205,1328,0,17,1,Normal,Normal
0,tcp,http,S0,64,0,0,303,0,Intrusion/Attack,SYN Flood
64,tcp,http,SF,37,368,0,16,1,Normal,Normal
38,tcp,http,REJ,203,10839,0,10,1,Normal,Normal
1,icmp,other,SF,69,3338,0,21,0,Normal,Normal
1,tcp,other,S0,40,0,0,468,0,Intrusion/Attack,SYN Flood
4,tcp,ssh,SF,385,180,0,5,1,Normal,Normal
3,tcp,ssh,SF,207,254,4,33,0,Intrusion/Attack,Brute Force
0,tcp,http,S0,128,0,0,349,0,Intrusion/Attack,SYN Flood
2,tcp,http,REJ,60,20,0,353,0,Intrusion/Attack,Port Scan
0,tcp,http,S0,40,0,0,373,0,Intrusion/Attack,SYN Flood
3,tcp,http,SF,1780,1359,0,3,1,Normal,Normal
53,tcp,http,SF,531,1121,0,10,1,Normal,Normal
0,tcp,ftp,REJ,0,0,0,127,0,Intrusion/Attack,Port Scan
0,tcp,http,SF,670,730,0,5,1,Normal,Normal
2,tcp,smtp,SF,803,4627,0,1,1,Normal,Normal
23,tcp,http,SF,625,158,0,4,1,Normal,Normal
2,icmp,http,REJ,44,0,0,235,0,Intrusion/Attack,Port Scan
3,tcp,ftp,SF,380,2308,0,2,1,Normal,Normal
21,tcp,http,SF,105,2035,0,5,1,Normal,Normal
0,tcp,other,S0,32,0,0,353,0,Intrusion/Attack,SYN Flood
1,tcp,http,S0,64,48,0,431,0,Intrusion/Attack,SYN Flood
6,tcp,other,SF,214,730,0,20,0,Normal,Normal
0,tcp,http,SF,68,1303,0,36,0,Normal,Normal
33,udp,dns,SF,142,3204,0,1,0,Normal,Normal
0,tcp,other,S0,32,0,0,302,0,Intrusion/Attack,SYN Flood
2,udp,other,SF,126,4764,0,1,0,Normal,Normal
0,tcp,telnet,REJ,20,20,0,235,0,Intrusion/Attack,Port Scan
10,udp,dns,SF,720,600,0,16,0,Normal,Normal
0,tcp,http,REJ,0,0,0,298,0,Intrusion/Attack,SYN Flood
1,tcp,http,S0,32,0,0,374,0,Intrusion/Attack,SYN Flood
4,udp,dns,SF,1874,4167,0,32,0,Normal,Normal
33,tcp,ftp,RSTO,499,170,3,26,0,Intrusion/Attack,Brute Force
14,udp,dns,SF,508,332,0,2,0,Normal,Normal
0,tcp,smtp,S0,0,0,0,267,0,Intrusion/Attack,SYN Flood
11,tcp,smtp,SF,30,605,0,20,1,Normal,Normal
22,tcp,http,REJ,30,3437,0,8,0,Normal,Normal
14,tcp,smtp,SF,667,2626,0,27,0,Normal,Normal
23,tcp,http,SF,569,2670,1,2,1,Normal,Normal
2,udp,http,REJ,44,20,0,104,0,Intrusion/Attack,Port Scan
0,tcp,http,REJ,0,0,0,207,0,Intrusion/Attack,Port Scan
7,tcp,telnet,REJ,694,251,5,23,0,Intrusion/Attack,Brute Force
23,tcp,smtp,SF,194,2959,0,1,1,Normal,Normal
1,tcp,ssh,REJ,20,0,0,218,0,Intrusion/Attack,Port Scan
27,tcp,ssh,SF,785,340,5,33,0,Intrusion/Attack,Brute Force
11,tcp,telnet,SF,319,193,3,35,0,Intrusion/Attack,Brute Force
0,tcp,ssh,RSTO,32,0,0,261,0,Intrusion/Attack,SYN Flood
15,tcp,smtp,SF,337,1500,0,7,1,Normal,Normal
3,tcp,http,SF,1313,2192,0,51,1,Normal,Normal
15,udp,dns,SF,1194,812,0,15,0,Normal,Normal
2,tcp,http,SF,2326,2306,1,7,1,Normal,Normal
0,tcp,http,RSTO,0,0,0,437,0,Intrusion/Attack,SYN Flood
2,tcp,http,SF,1678,3448,0,19,1,Normal,Normal
18,icmp,other,SF,352,2880,2,20,0,Normal,Normal
31,tcp,http,SF,572,2691,0,18,1,Normal,Normal
42,tcp,http,RSTO,681,2245,0,5,1,Normal,Normal
42,tcp,http,SF,225,1289,0,13,1,Normal,Normal
1,tcp,other,REJ,0,0,0,111,0,Intrusion/Attack,Port Scan
1,tcp,http,SF,1234,574,0,13,0,Normal,Normal
3,tcp,http,SF,707,3830,0,17,1,Normal,Normal
25,tcp,telnet,SF,751,78,5,24,0,Intrusion/Attack,Brute Force
0,tcp,other,S0,60,20,0,109,0,Intrusion/Attack,Port Scan
23,tcp,ftp,RSTO,768,413,4,20,0,Intrusion/Attack,Brute Force
0,icmp,other,SF,368,62,0,7,0,Normal,Normal
15,tcp,http,SF,443,4539,0,3,1,Normal,Normal
60,tcp,http,REJ,43,2763,0,28,1,Normal,Normal
1,tcp,http,S0,32,0,0,238,0,Intrusion/Attack,SYN Flood
5,tcp,ftp,SF,497,134,2,23,0,Intrusion/Attack,Brute Force
54,udp,dns,SF,201,3021,0,19,0,Normal,Normal
20,udp,dns,SF,669,688,0,3,0,Normal,Normal
0,tcp,http,SF,590,3029,1,27,1,Normal,Normal
3,tcp,http,SF,30,274,0,26,0,Normal,Normal
30,tcp,smtp,SF,837,1241,0,8,1,Normal,Normal
30,udp,other,SF,30,1148,0,8,0,Normal,Normal
10,udp,dns,SF,171,479,0,3,0,Normal,Normal
18,udp,dns,SF,1558,4408,0,19,0,Normal,Normal
1,udp,dns,SF,745,9951,0,33,0,Normal,Normal
12,udp,dns,SF,486,93,0,29,0,Normal,Normal
2,icmp,dns,RSTR,120,0,0,242,0,Intrusion/Attack,Port Scan
15,tcp,http,SF,1589,2275,0,21,0,Normal,Normal
2,tcp,smtp,SF,819,1379,0,3,0,Normal,Normal
15,tcp,ftp,SF,1984,3798,0,7,1,Normal,Normal
5,tcp,http,REJ,1650,928,0,13,0,Normal,Normal
1,udp,dns,SF,871,765,0,20,0,Normal,Normal
0,tcp,ssh,S0,0,0,0,399,0,Intrusion/Attack,SYN Flood
6,tcp,http,SF,654,2146,0,3,1,Normal,Normal
22,tcp,telnet,REJ,344,138,3,25,0,Intrusion/Attack,Brute Force
21,tcp,smtp,SF,612,1086,0,24,1,Normal,Normal
18,tcp,http,RSTO,2441,1136,0,10,1,Normal,Normal
0,tcp,http,S0,128,0,0,321,0,Intrusion/Attack,SYN Flood
17,tcp,http,SF,159,9962,0,25,1,Normal,Normal
7,tcp,smtp,REJ,593,4655,0,19,1,Normal,Normal
29,tcp,ssh,SF,337,131,3,21,0,Intrusion/Attack,Brute Force
5,tcp,http,SF,161,8515,0,7,0,Normal,Normal
0,tcp,http,SF,30,4274,0,8,1,Normal,Normal
35,udp,dns,SF,511,1503,0,2,0,Normal,Normal
10,udp,dns,SF,409,1651,0,8,0,Normal,Normal
18,tcp,http,SF,766,1475,0,7,1,Normal,Normal
1,tcp,http,SH,120,0,0,111,0,Intrusion/Attack,Port Scan
2,tcp,http,SF,646,2616,0,49,1,Normal,Normal
4,tcp,http,SF,724,1136,0,25,1,Normal,Normal
40,tcp,ssh,SF,329,7339,0,1,1,Normal,Normal
2,tcp,http,SF,763,440,0,12,1,Normal,Normal
3,tcp,http,SF,1288,1006,0,2,1,Normal,Normal
37,udp,dns,SF,797,3076,0,4,0,Normal,Normal
9,tcp,ssh,SF,613,74,3,24,0,Intrusion/Attack,Brute Force
18,tcp,ssh,SF,483,383,3,23,0,Intrusion/Attack,Brute Force
9,tcp,ssh,SF,744,2411,0,37,1,Normal,Normal
1,udp,dns,SF,172,7864,0,9,0,Normal,Normal
29,icmp,other,SF,479,157,0,15,0,Normal,Normal
1,tcp,smtp,RSTO,828,794,0,1,0,Normal,Normal
0,tcp,ssh,S0,64,0,0,318,0,Intrusion/Attack,SYN Flood
18,tcp,http,SF,103,3383,0,6,1,Normal,Normal
8,tcp,ssh,SF,843,570,0,17,1,Normal,Normal
27,tcp,telnet,SF,746,193,3,22,0,Intrusion/Attack,Brute Force
0,tcp,http,S0,40,48,0,298,0,Intrusion/Attack,SYN Flood
1,tcp,http,SF,1015,2006,0,9,1,Normal,Normal
0,tcp,http,RSTO,64,0,0,249,0,Intrusion/Attack,SYN Flood
4,icmp,other,SF,88,1107,0,6,0,Normal,Normal
7,icmp,other,SF,1446,2393,0,12,0,Normal,Normal
2,tcp,smtp,SF,458,1459,2,16,1,Normal,Normal
1,tcp,http,S0,32,0,0,210,0,Intrusion/Attack,SYN Flood
2,tcp,telnet,RSTR,44,20,0,184,0,Intrusion/Attack,Port Scan
17,tcp,http,SF,391,651,1,14,1,Normal,Normal
25,icmp,other,SF,1218,4731,0,22,0,Normal,Normal
6,tcp,http,SF,38,8345,0,43,1,Normal,Normal
0,tcp,http,S0,64,0,0,230,0,Intrusion/Attack,SYN Flood
2,udp,smtp,RSTR,60,0,0,258,0,Intrusion/Attack,Port Scan
39,tcp,http,SF,1073,2408,0,27,1,Normal,Normal
6,tcp,ssh,SF,566,320,4,22,0,Intrusion/Attack,Brute Force
16,tcp,http,SF,1632,1228,0,6,1,Normal,Normal
5,icmp,other,SF,113,1716,0,3,0,Normal,Normal
3,tcp,smtp,SF,255,51,0,5,1,Normal,Normal
0,tcp,http,S0,64,48,0,338,0,Intrusion/Attack,SYN Flood
1,tcp,smtp,SF,1573,1700,0,15,1,Normal,Normal
4,tcp,http,SF,41,1474,0,15,1,Normal,Normal
0,tcp,ssh,S0,40,48,0,259,0,Intrusion/Attack,SYN Flood
28,tcp,ssh,SF,791,420,3,25,0,Intrusion/Attack,Brute Force
2,tcp,ssh,SF,1033,1205,0,35,1,Normal,Normal
2,tcp,smtp,REJ,120,0,0,96,0,Intrusion/Attack,Port Scan
27,tcp,ssh,SF,806,1701,0,20,1,Normal,Normal
6,tcp,http,SF,1059,6192,0,10,1,Normal,Normal
1,icmp,ftp,REJ,0,0,0,221,0,Intrusion/Attack,Port Scan
6,tcp,ssh,SF,615,122,3,28,0,Intrusion/Attack,Brute Force
16,tcp,http,SF,427,11494,0,2,1,Normal,Normal
31,tcp,smtp,RSTO,1154,610,0,9,1,Normal,Normal
60,tcp,ftp,SF,393,1998,0,5,1,Normal,Normal
19,udp,dns,SF,46,7447,0,35,0,Normal,Normal
0,tcp,ssh,S0,32,0,0,360,0,Intrusion/Attack,SYN Flood
25,tcp,http,SF,116,13,0,5,1,Normal,Normal
1,tcp,http,S0,64,0,0,339,0,Intrusion/Attack,SYN Flood
6,tcp,smtp,SF,201,10057,0,1,1,Normal,Normal
13,icmp,other,SF,830,221,0,10,0,Normal,Normal
1,tcp,http,SF,277,3453,0,2,0,Normal,Normal
25,tcp,telnet,REJ,397,108,6,37,0,Intrusion/Attack,Brute Force
1,tcp,ftp,RSTR,20,20,0,193,0,Intrusion/Attack,Port Scan
28,tcp,http,SF,335,74,0,4,1,Normal,Normal
32,tcp,smtp,SF,769,1204,0,10,1,Normal,Normal
12,tcp,http,SF,1045,2262,0,16,1,Normal,Normal
28,tcp,smtp,SF,276,8672,1,5,1,Normal,Normal
0,tcp,http,S0,128,48,0,370,0,Intrusion/Attack,SYN Flood
0,tcp,http,S0,0,0,0,365,0,Intrusion/Attack,SYN Flood
37,tcp,ftp,REJ,213,166,5,23,0,Intrusion/Attack,Brute Force
4,tcp,smtp,SF,705,4048,0,23,1,Normal,Normal
20,tcp,other,SF,44,3459,0,18,0,Normal,Normal
0,tcp,ftp,SF,120,0,0,259,0,Intrusion/Attack,Port Scan
5,tcp,http,SF,32,7211,0,27,1,Normal,Normal
15,icmp,other,SF,144,2736,0,1,0,Normal,Normal
8,tcp,other,SF,66,2882,0,72,0,Normal,Normal
33,tcp,http,SF,81,11106,0,1,1,Normal,Normal
4,udp,dns,SF,598,844,0,23,0,Normal,Normal
0,tcp,http,REJ,40,0,0,393,0,Intrusion/Attack,SYN Flood
10,tcp,http,SF,181,3277,0,4,1,Normal,Normal
13,icmp,other,SF,827,2529,0,15,0,Normal,Normal
0,udp,dns,REJ,60,0,0,161,0,Intrusion/Attack,Port Scan
7,tcp,http,SF,30,2689,0,16,1,Normal,Normal
14,tcp,http,SF,36,3314,0,1,1,Normal,Normal
27,tcp,http,REJ,805,286,0,6,1,Normal,Normal
7,tcp,http,SF,630,3450,0,27,1,Normal,Normal
2,tcp,smtp,SF,481,3275,0,45,1,Normal,Normal
5,tcp,other,SF,51,1666,0,20,0,Normal,Normal
12,udp,other,SF,910,3346,0,3,0,Normal,Normal
5,tcp,other,SF,257,1114,0,2,0,Normal,Normal
1,tcp,smtp,SF,631,683,0,2,1,Normal,Normal
1,udp,other,SF,347,6044,0,44,0,Normal,Normal
3,udp,dns,SF,2408,12805,0,45,0,Normal,Normal
49,icmp,other,SF,1148,743,0,29,0,Normal,Normal
50,udp,dns,SF,391,369,0,49,0,Normal,Normal
5,udp,dns,SF,254,339,0,26,0,Normal,Normal
38,tcp,ftp,SF,276,158,5,34,0,Intrusion/Attack,Brute Force
4,tcp,http,SF,792,250,0,4,0,Normal,Normal
0,tcp,ftp,REJ,20,0,0,116,0,Intrusion/Attack,Port Scan
37,tcp,ssh,SF,148,252,3,30,0,Intrusion/Attack,Brute Force
2,tcp,smtp,SF,141,1198,0,4,1,Normal,Normal
16,udp,dns,SF,297,3655,0,1,0,Normal,Normal
0,tcp,other,S0,40,0,0,354,0,Intrusion/Attack,SYN Flood
42,udp,dns,SF,86,4993,1,4,0,Normal,Normal
15,tcp,telnet,RSTO,276,429,4,17,0,Intrusion/Attack,Brute Force
21,tcp,http,SF,30,4355,0,14,1,Normal,Normal
0,tcp,http,S0,32,0,0,286,0,Intrusion/Attack,SYN Flood
1,tcp,other,SH,120,0,0,102,0,Intrusion/Attack,Port Scan
2,tcp,ssh,RSTR,120,20,0,131,0,Intrusion/Attack,Port Scan
27,tcp,ftp,RSTO,154,183,4,28,0,Intrusion/Attack,Brute Force
21,udp,dns,SF,30,1291,0,1,0,Normal,Normal
40,tcp,http,REJ,748,1820,0,11,0,Normal,Normal
34,udp,dns,SF,126,829,0,7,0,Normal,Normal
29,tcp,http,SF,239,4137,0,6,1,Normal,Normal
3,icmp,other,SF,481,812,0,14,0,Normal,Normal
3,tcp,ssh,REJ,189,319,4,35,0,Intrusion/Attack,Brute Force
21,tcp,http,SF,378,3025,0,4,1,Normal,Normal
17,tcp,ssh,SF,463,92,2,32,0,Intrusion/Attack,Brute Force
3,tcp,smtp,SF,1961,1855,0,2,1,Normal,Normal
0,tcp,http,S0,0,0,0,449,0,Intrusion/Attack,SYN Flood
2,udp,dns,SF,679,454,0,16,0,Normal,Normal
24,tcp,http,SF,1284,354,0,7,1,Normal,Normal
9,tcp,ssh,RSTO,1052,3733,0,7,0,Normal,Normal
34,tcp,ftp,SF,386,119,0,2,1,Normal,Normal
40,udp,dns,SF,1516,560,0,4,0,Normal,Normal
2,icmp,smtp,RSTR,44,0,0,242,0,Intrusion/Attack,Port Scan
15,udp,dns,SF,532,112,0,16,0,Normal,Normal
8,tcp,http,SF,464,718,0,2,1,Normal,Normal
15,tcp,http,SF,32,1071,0,12,1,Normal,Normal
2,tcp,http,S0,60,20,0,97,0,Intrusion/Attack,Port Scan
5,udp,dns,SF,501,4399,1,36,0,Normal,Normal
1,tcp,http,RSTO,32,0,0,348,0,Intrusion/Attack,SYN Flood
4,tcp,smtp,SF,832,4646,0,9,0,Normal,Normal
24,tcp,ssh,SF,60,4710,0,1,1,Normal,Normal
1,tcp,ssh,S0,40,0,0,202,0,Intrusion/Attack,SYN Flood
17,tcp,http,SF,256,2282,0,2,1,Normal,Normal
2,tcp,ftp,SF,1149,4346,0,17,1,Normal,Normal
14,tcp,http,SF,495,5383,0,3,1,Normal,Normal
4,tcp,http,SF,87,609,0,50,0,Normal,Normal
6,tcp,http,SF,1796,1476,1,22,1,Normal,Normal
0,tcp,http,S0,40,0,0,282,0,Intrusion/Attack,SYN Flood
0,tcp,http,SF,188,888,0,4,1,Normal,Normal
0,tcp,http,S0,32,0,0,376,0,Intrusion/Attack,SYN Flood
2,tcp,http,SF,1017,853,0,9,1,Normal,Normal
26,tcp,smtp,SF,155,481,0,6,1,Normal,Normal
0,tcp,ssh,S0,0,0,0,306,0,Intrusion/Attack,SYN Flood
42,tcp,http,SF,1447,1840,0,17,0,Normal,Normal
25,tcp,ssh,REJ,227,337,3,28,0,Intrusion/Attack,Brute Force
17,udp,dns,SF,1599,1869,0,6,0,Normal,Normal
3,tcp,http,SF,2222,3013,0,9,1,Normal,Normal
9,tcp,ssh,SF,442,336,4,33,0,Intrusion/Attack,Brute Force
14,udp,dns,SF,1496,3742,0,22,0,Normal,Normal
56,udp,dns,SF,2752,6624,0,5,0,Normal,Normal
20,tcp,http,REJ,2072,4757,0,7,0,Normal,Normal
21,tcp,ssh,SF,790,90,4,30,0,Intrusion/Attack,Brute Force
2,tcp,http,SF,869,1722,0,1,1,Normal,Normal
1,udp,dns,SF,187,2655,0,10,0,Normal,Normal
0,tcp,http,SF,130,2260,0,8,1,Normal,Normal
0,tcp,smtp,S0,64,48,0,359,0,Intrusion/Attack,SYN Flood
0,tcp,http,SF,827,1330,0,23,1,Normal,Normal
0,tcp,telnet,S0,60,0,0,188,0,Intrusion/Attack,Port Scan
27,tcp,ftp,REJ,293,181,0,14,1,Normal,Normal
8,tcp,http,SF,185,2304,0,3,1,Normal,Normal
12,tcp,http,SF,2469,3697,0,8,1,Normal,Normal
0,tcp,http,RSTO,128,48,0,398,0,Intrusion/Attack,SYN Flood
8,tcp,http,SF,1681,438,0,2,1,Normal,Normal
15,udp,dns,SF,47,704,0,11,0,Normal,Normal
28,udp,dns,SF,127,1098,0,15,0,Normal,Normal
1,tcp,other,S0,40,0,0,259,0,Intrusion/Attack,SYN Flood
0,tcp,ssh,S0,64,0,0,215,0,Intrusion/Attack,SYN Flood
2,tcp,http,SF,882,818,0,9,1,Normal,Normal
11,tcp,http,SF,2238,165,0,2,1,Normal,Normal
4,tcp,http,SF,317,201,0,6,1,Normal,Normal
0,tcp,other,REJ,120,0,0,214,0,Intrusion/Attack,Port Scan
2,udp,smtp,REJ,20,0,0,242,0,Intrusion/Attack,Port Scan
0,tcp,other,S0,0,0,0,177,0,Intrusion/Attack,Port Scan
13,tcp,http,SF,937,1778,0,18,0,Normal,Normal
21,tcp,smtp,SF,124,992,0,8,1,Normal,Normal
15,tcp,http,SF,1616,2470,0,92,1,Normal,Normal
0,tcp,http,S0,32,48,0,222,0,Intrusion/Attack,SYN Flood
5,tcp,http,SF,131,1092,0,20,1,Normal,Normal
10,tcp,http,SF,3404,1466,0,19,1,Normal,Normal
6,udp,dns,SF,30,8530,0,2,0,Normal,Normal
15,tcp,http,SF,343,1614,0,1,1,Normal,Normal
4,tcp,http,SF,362,1590,0,24,1,Normal,Normal
10,tcp,smtp,SF,421,2189,0,74,1,Normal,Normal
25,icmp,other,SF,214,174,0,3,0,Normal,Normal
2,tcp,other,S0,44,0,0,223,0,Intrusion/Attack,Port Scan
3,tcp,http,SF,30,5799,0,4,1,Normal,Normal
17,tcp,ftp,SF,427,318,0,2,0,Normal,Normal
6,tcp,smtp,SF,654,495,0,13,1,Normal,Normal
8,udp,dns,SF,2059,1869,0,4,0,Normal,Normal
3,tcp,smtp,SF,1161,5312,0,1,1,Normal,Normal
35,tcp,http,RSTO,127,4101,0,2,1,Normal,Normal
30,tcp,ftp,SF,485,73,6,32,0,Intrusion/Attack,Brute Force
29,udp,dns,SF,1156,795,0,2,0,Normal,Normal
30,tcp,other,SF,2087,6886,0,37,0,Normal,Normal
0,tcp,smtp,S0,60,20,0,196,0,Intrusion/Attack,Port Scan
47,icmp,other,SF,30,117,0,7,0,Normal,Normal
7,udp,dns,SF,1487,5438,0,32,0,Normal,Normal
4,tcp,ssh,SF,351,694,0,3,1,Normal,Normal
27,tcp,ftp,RSTO,185,209,4,35,0,Intrusion/Attack,Brute Force
3,udp,dns,SF,995,2779,0,13,0,Normal,Normal
10,tcp,http,SF,2440,7055,0,3,1,Normal,Normal
10,udp,dns,SF,381,894,0,10,0,Normal,Normal
30,udp,dns,SF,1957,941,0,21,0,Normal,Normal
10,tcp,smtp,SF,355,1268,0,3,1,Normal,Normal
0,tcp,http,S0,0,0,0,219,0,Intrusion/Attack,SYN Flood
2,icmp,ftp,S0,20,0,0,94,0,Intrusion/Attack,Port Scan
0,tcp,http,S0,40,0,0,401,0,Intrusion/Attack,SYN Flood
0,tcp,smtp,S0,64,48,0,229,0,Intrusion/Attack,SYN Flood
0,tcp,http,S0,0,0,0,216,0,Intrusion/Attack,SYN Flood
29,tcp,http,SF,444,336,0,4,1,Normal,Normal
0,tcp,http,S0,64,48,0,329,0,Intrusion/Attack,SYN Flood
0,tcp,http,SF,618,1426,0,13,1,Normal,Normal
1,tcp,ftp,REJ,120,0,0,117,0,Intrusion/Attack,Port Scan
5,tcp,http,SF,1622,31,0,9,1,Normal,Normal
17,tcp,ssh,RSTO,269,307,6,28,0,Intrusion/Attack,Brute Force
33,icmp,other,SF,584,1856,2,13,0,Normal,Normal
25,tcp,http,SF,479,2196,0,39,1,Normal,Normal
34,tcp,http,RSTO,3056,1161,0,25,1,Normal,Normal
1,tcp,ssh,REJ,799,408,2,30,0,Intrusion/Attack,Brute Force
4,tcp,http,SF,235,3535,0,5,1,Normal,Normal
5,tcp,telnet,REJ,575,260,4,25,0,Intrusion/Attack,Brute Force
8,udp,other,SF,45,1482,0,6,0,Normal,Normal
8,tcp,smtp,SF,202,2223,0,95,1,Normal,Normal
0,tcp,ssh,REJ,20,20,0,228,0,Intrusion/Attack,Port Scan
0,tcp,ssh,S0,40,0,0,350,0,Intrusion/Attack,SYN Flood
7,udp,dns,SF,472,2085,0,18,0,Normal,Normal
0,icmp,smtp,SH,44,0,0,193,0,Intrusion/Attack,Port Scan
1,tcp,http,SF,154,1537,1,24,1,Normal,Normal
18,tcp,ssh,SF,903,493,0,2,1,Normal,Normal
11,udp,dns,SF,34,2650,0,1,0,Normal,Normal
23,udp,dns,SF,49,510,0,48,0,Normal,Normal
18,tcp,other,REJ,913,1988,0,32,0,Normal,Normal
0,tcp,http,S0,40,0,0,277,0,Intrusion/Attack,SYN Flood
2,tcp,ssh,S0,120,0,0,121,0,Intrusion/Attack,Port Scan
33,tcp,smtp,SF,377,5554,0,11,1,Normal,Normal
4,tcp,http,SF,30,2488,0,46,1,Normal,Normal
7,tcp,http,SF,1134,179,0,6,1,Normal,Normal
5,icmp,other,SF,254,10979,0,23,0,Normal,Normal
3,tcp,ssh,SF,1343,147,0,7,1,Normal,Normal
23,tcp,smtp,SF,90,1214,1,72,1,Normal,Normal
23,tcp,smtp,SF,384,3843,0,32,1,Normal,Normal
2,udp,other,SF,1350,3209,0,2,0,Normal,Normal
7,tcp,http,SF,346,1123,0,10,1,Normal,Normal
36,tcp,ssh,RSTO,459,255,3,17,0,Intrusion/Attack,Brute Force
6,udp,dns,SF,78,6206,0,5,0,Normal,Normal
16,tcp,http,SF,322,1225,0,12,1,Normal,Normal
2,tcp,http,SF,672,996,0,14,0,Normal,Normal
63,udp,dns,SF,524,6410,0,23,0,Normal,Normal
2,udp,dns,SF,330,447,0,5,0,Normal,Normal
8,tcp,ftp,SF,540,1525,0,35,1,Normal,Normal
24,tcp,telnet,RSTO,463,103,5,16,0,Intrusion/Attack,Brute Force
74,tcp,ssh,SF,91,770,0,9,1,Normal,Normal
7,udp,dns,SF,50,1891,0,46,0,Normal,Normal
11,tcp,http,SF,579,849,0,1,1,Normal,Normal
21,tcp,ssh,SF,1319,48,0,2,1,Normal,Normal
5,tcp,other,SF,230,927,0,25,0,Normal,Normal
1,tcp,smtp,SF,221,2369,0,16,1,Normal,Normal
1,tcp,http,RSTO,64,48,0,317,0,Intrusion/Attack,SYN Flood
15,tcp,http,SF,442,2323,0,22,1,Normal,Normal
18,udp,dns,SF,443,937,0,37,0,Normal,Normal
14,tcp,smtp,SF,92,700,0,2,1,Normal,Normal
0,tcp,smtp,SF,185,6307,0,21,1,Normal,Normal
23,tcp,ftp,REJ,694,121,3,28,0,Intrusion/Attack,Brute Force
16,tcp,smtp,SF,376,2868,0,2,1,Normal,Normal
0,udp,telnet,REJ,20,20,0,246,0,Intrusion/Attack,Port Scan
0,tcp,http,SF,30,246,0,20,1,Normal,Normal
2,tcp,http,REJ,20,0,0,139,0,Intrusion/Attack,Port Scan
4,udp,dns,SF,229,2066,0,11,0,Normal,Normal
31,tcp,http,SF,634,2022,0,4,1,Normal,Normal
28,tcp,other,SF,504,1283,1,14,0,Normal,Normal
10,tcp,ftp,SF,389,966,0,28,0,Normal,Normal
21,tcp,http,SF,1085,1003,0,31,1,Normal,Normal
5,udp,dns,SF,46,808,0,12,0,Normal,Normal
10,udp,dns,SF,1400,194,0,5,0,Normal,Normal
9,tcp,http,SF,691,503,0,7,1,Normal,Normal
1,tcp,http,S0,64,0,0,357,0,Intrusion/Attack,SYN Flood
2,tcp,telnet,SF,779,251,3,33,0,Intrusion/Attack,Brute Force
3,udp,dns,SF,413,6142,0,38,0,Normal,Normal
40,tcp,http,SF,177,891,0,27,1,Normal,Normal
9,udp,other,SF,30,3774,0,1,0,Normal,Normal
0,icmp,dns,RSTR,0,0,0,166,0,Intrusion/Attack,Port Scan
0,tcp,telnet,RSTR,20,20,0,167,0,Intrusion/Attack,Port Scan
1,udp,dns,SF,1186,2668,0,8,0,Normal,Normal
14,icmp,other,SF,1386,957,0,38,0,Normal,Normal
34,tcp,http,SF,412,657,0,22,1,Normal,Normal
1,tcp,http,S0,32,0,0,359,0,Intrusion/Attack,SYN Flood
3,tcp,ftp,RSTO,584,162,2,26,0,Intrusion/Attack,Brute Force
6,tcp,http,SF,332,5387,0,13,1,Normal,Normal
17,udp,other,SF,338,1185,0,9,0,Normal,Normal
9,tcp,telnet,SF,369,360,5,27,0,Intrusion/Attack,Brute Force
0,udp,other,SF,105,1321,0,8,0,Normal,Normal
23,tcp,http,SF,1201,1230,0,3,1,Normal,Normal
15,tcp,http,SF,1398,1950,0,2,1,Normal,Normal
5,tcp,ssh,SF,269,5421,0,25,1,Normal,Normal
0,tcp,smtp,S0,40,0,0,295,0,Intrusion/Attack,SYN Flood
38,tcp,smtp,SF,1241,1782,0,3,0,Normal,Normal
5,tcp,ssh,RSTO,612,238,3,22,0,Intrusion/Attack,Brute Force
33,tcp,ssh,SF,611,288,3,26,0,Intrusion/Attack,Brute Force
0,tcp,other,S0,32,48,0,495,0,Intrusion/Attack,SYN Flood
1,tcp,ssh,S0,0,0,0,266,0,Intrusion/Attack,SYN Flood
32,tcp,http,SF,36,466,0,11,1,Normal,Normal
5,tcp,ftp,SF,660,413,3,29,0,Intrusion/Attack,Brute Force
2,tcp,smtp,SF,249,1358,0,1,1,Normal,Normal
19,tcp,http,SF,342,2397,0,9,1,Normal,Normal
6,tcp,http,SF,34,3501,0,28,1,Normal,Normal
1,tcp,ssh,REJ,631,159,3,29,0,Intrusion/Attack,Brute Force
29,tcp,smtp,SF,1026,7269,0,16,1,Normal,Normal
0,tcp,ssh,S0,64,48,0,208,0,Intrusion/Attack,SYN Flood
3,tcp,http,SF,1298,888,0,1,1,Normal,Normal
34,tcp,smtp,SF,161,3246,0,16,1,Normal,Normal
8,tcp,smtp,SF,42,3735,0,1,0,Normal,Normal
0,tcp,smtp,REJ,593,1701,0,2,1,Normal,Normal
1,tcp,smtp,SF,34,1818,0,17,1,Normal,Normal
5,tcp,http,SF,237,4366,0,35,1,Normal,Normal
0,tcp,http,S0,0,48,0,375,0,Intrusion/Attack,SYN Flood
0,tcp,http,S0,0,0,0,500,0,Intrusion/Attack,SYN Flood
12,tcp,http,SF,44,509,0,45,1,Normal,Normal
13,tcp,http,SF,477,3253,0,9,0,Normal,Normal
6,tcp,ssh,SF,123,261,2,30,0,Intrusion/Attack,Brute Force
4,tcp,http,SF,1275,6204,0,7,1,Normal,Normal
12,tcp,http,SF,789,542,0,4,1,Normal,Normal
0,tcp,http,S0,0,0,0,284,0,Intrusion/Attack,SYN Flood
0,tcp,http,S0,40,48,0,325,0,Intrusion/Attack,SYN Flood
5,tcp,http,SF,1688,1130,0,13,1,Normal,Normal
1,tcp,dns,S0,20,20,0,143,0,Intrusion/Attack,Port Scan
10,tcp,http,SF,421,757,0,15,1,Normal,Normal
5,tcp,smtp,SF,1325,3303,0,20,1,Normal,Normal
9,icmp,other,SF,1040,326,0,6,0,Normal,Normal
13,tcp,http,SF,214,5784,0,10,1,Normal,Normal
47,tcp,http,REJ,73,4499,0,27,1,Normal,Normal
6,udp,dns,SF,352,6346,0,21,0,Normal,Normal
0,tcp,http,SF,3629,3201,0,1,1,Normal,Normal
19,tcp,ssh,RSTO,506,425,3,32,0,Intrusion/Attack,Brute Force
19,udp,dns,SF,2303,2814,0,5,0,Normal,Normal
11,udp,dns,SF,2057,3304,0,7,0,Normal,Normal
2,udp,dns,SF,528,7021,0,7,0,Normal,Normal
0,tcp,ssh,S0,64,0,0,250,0,Intrusion/Attack,SYN Flood
0,tcp,http,S0,128,48,0,351,0,Intrusion/Attack,SYN Flood
2,tcp,http,SF,224,1095,0,25,1,Normal,Normal
5,tcp,smtp,SF,281,1007,0,5,1,Normal,Normal
16,udp,dns,SF,87,6995,0,24,0,Normal,Normal
15,tcp,smtp,SF,157,983,0,8,1,Normal,Normal
2,tcp,ssh,SF,337,97,0,9,1,Normal,Normal
10,tcp,http,SF,321,1532,0,17,1,Normal,Normal
7,tcp,ftp,SF,2091,979,0,31,1,Normal,Normal
30,udp,dns,SF,674,7012,0,15,0,Normal,Normal
1,tcp,ssh,REJ,60,20,0,192,0,Intrusion/Attack,Port Scan
23,udp,dns,SF,82,1258,0,15,0,Normal,Normal
18,udp,dns,SF,30,1302,0,7,0,Normal,Normal
20,tcp,ssh,REJ,306,209,0,14,1,Normal,Normal
12,tcp,ssh,SF,30,1729,0,4,1,Normal,Normal
0,tcp,http,SF,227,4008,0,9,1,Normal,Normal
2,tcp,ssh,SF,646,34,0,21,1,Normal,Normal
32,tcp,http,SF,188,1448,0,34,1,Normal,Normal
9,tcp,smtp,SF,518,5250,0,28,0,Normal,Normal
8,tcp,ftp,SF,527,420,4,28,0,Intrusion/Attack,Brute Force
15,tcp,http,SF,778,2439,0,2,1,Normal,Normal
0,tcp,http,S0,64,0,0,352,0,Intrusion/Attack,SYN Flood
2,icmp,other,SF,226,3502,0,4,0,Normal,Normal
1,udp,other,SF,91,1642,0,7,0,Normal,Normal
7,tcp,http,SF,257,324,0,5,1,Normal,Normal
3,tcp,http,SF,30,5449,0,5,1,Normal,Normal
0,tcp,ssh,SF,921,1077,0,9,1,Normal,Normal
15,tcp,http,SF,1418,1533,0,20,1,Normal,Normal
15,tcp,smtp,SF,99,237,0,31,1,Normal,Normal
0,tcp,http,SF,2280,1356,1,3,1,Normal,Normal
8,tcp,ssh,SF,220,3203,0,73,1,Normal,Normal
1,tcp,http,S0,32,0,0,324,0,Intrusion/Attack,SYN Flood
0,tcp,http,S0,64,0,0,315,0,Intrusion/Attack,SYN Flood
53,udp,dns,SF,865,37,0,2,0,Normal,Normal
32,tcp,ssh,RSTO,543,242,2,20,0,Intrusion/Attack,Brute Force
0,tcp,dns,S0,20,0,0,120,0,Intrusion/Attack,Port Scan
16,tcp,http,SF,30,664,0,7,1,Normal,Normal
0,tcp,ssh,RSTO,1049,2225,0,11,1,Normal,Normal
1,tcp,ssh,S0,32,48,0,298,0,Intrusion/Attack,SYN Flood
38,tcp,http,SF,114,869,0,4,1,Normal,Normal
2,tcp,http,SF,338,6267,0,9,1,Normal,Normal
26,tcp,http,SF,218,6285,1,14,1,Normal,Normal
0,tcp,http,RSTO,128,0,0,360,0,Intrusion/Attack,SYN Flood
7,tcp,http,SF,1459,627,0,1,1,Normal,Normal
1,icmp,other,SF,746,7865,0,32,0,Normal,Normal
28,tcp,telnet,SF,544,336,2,26,0,Intrusion/Attack,Brute Force
22,tcp,smtp,SF,703,1263,0,3,1,Normal,Normal
10,tcp,http,SF,690,3417,0,75,0,Normal,Normal
22,tcp,http,SF,707,583,0,24,1,Normal,Normal
0,tcp,http,SF,90,3998,0,3,1,Normal,Normal
9,udp,dns,SF,1026,2386,0,17,0,Normal,Normal
1,tcp,http,S0,64,0,0,250,0,Intrusion/Attack,SYN Flood
0,tcp,smtp,RSTO,0,0,0,308,0,Intrusion/Attack,SYN Flood
1,tcp,ssh,S0,40,48,0,298,0,Intrusion/Attack,SYN Flood
0,tcp,http,S0,128,0,0,290,0,Intrusion/Attack,SYN Flood
1,tcp,ssh,S0,32,0,0,231,0,Intrusion/Attack,SYN Flood
13,tcp,http,SF,610,591,0,24,1,Normal,Normal
6,tcp,smtp,SF,2083,1408,0,23,1,Normal,Normal
24,tcp,http,SF,391,1695,0,2,1,Normal,Normal
20,tcp,http,SF,535,2037,0,27,0,Normal,Normal
33,tcp,http,SF,380,2242,0,15,1,Normal,Normal
1,tcp,ssh,SF,1278,3079,0,20,1,Normal,Normal
1,tcp,ssh,S0,20,0,0,198,0,Intrusion/Attack,Port Scan
0,tcp,ssh,RSTO,0,0,0,265,0,Intrusion/Attack,SYN Flood
12,tcp,smtp,SF,985,3796,0,13,1,Normal,Normal
1,tcp,http,S0,64,0,0,296,0,Intrusion/Attack,SYN Flood
37,tcp,ftp,SF,1523,408,0,16,1,Normal,Normal
12,tcp,ftp,SF,1774,1016,0,46,1,Normal,Normal
10,tcp,ftp,SF,402,69,3,26,0,Intrusion/Attack,Brute Force
10,tcp,http,SF,30,2686,0,12,1,Normal,Normal
0,tcp,smtp,S0,128,0,0,306,0,Intrusion/Attack,SYN Flood
2,udp,dns,SF,322,8521,0,33,0,Normal,Normal
5,udp,dns,SF,343,564,1,17,0,Normal,Normal
58,tcp,http,SF,966,1779,0,13,1,Normal,Normal
17,tcp,smtp,SF,110,669,0,4,1,Normal,Normal
24,tcp,http,SF,522,1762,0,24,1,Normal,Normal
2,tcp,http,SF,426,3288,0,8,1,Normal,Normal
15,tcp,ssh,SF,968,82,0,4,1,Normal,Normal
1,tcp,dns,RSTR,44,0,0,112,0,Intrusion/Attack,Port Scan
0,tcp,ssh,S0,128,0,0,425,0,Intrusion/Attack,SYN Flood
1,udp,dns,SF,660,1555,0,6,0,Normal,Normal
9,tcp,http,SF,594,450,0,6,1,Normal,Normal
21,tcp,http,SF,567,5914,0,65,1,Normal,Normal
0,tcp,http,REJ,32,0,0,352,0,Intrusion/Attack,SYN Flood
17,tcp,http,REJ,341,456,0,5,1,Normal,Normal
0,tcp,http,S0,0,0,0,376,0,Intrusion/Attack,SYN Flood
0,tcp,http,S0,32,0,0,265,0,Intrusion/Attack,SYN Flood
11,udp,other,SF,157,5938,0,1,0,Normal,Normal
1,udp,ftp,REJ,20,0,0,161,0,Intrusion/Attack,Port Scan
13,tcp,http,RSTO,982,6080,0,18,1,Normal,Normal
18,udp,dns,SF,2108,396,0,9,0,Normal,Normal
18,tcp,http,SF,75,3323,0,2,1,Normal,Normal
5,tcp,http,SF,410,384,1,4,0,Normal,Normal
0,tcp,telnet,SF,20,20,0,127,0,Intrusion/Attack,Port Scan
16,tcp,smtp,SF,409,4011,0,25,1,Normal,Normal
1,tcp,smtp,RSTO,128,0,0,312,0,Intrusion/Attack,SYN Flood
3,tcp,http,SF,1774,1743,0,10,1,Normal,Normal
14,tcp,http,SF,247,8681,0,7,0,Normal,Normal
3,tcp,http,SF,160,4763,0,5,1,Normal,Normal
0,udp,telnet,RSTR,44,0,0,127,0,Intrusion/Attack,Port Scan
11,tcp,ssh,RSTO,766,233,3,25,0,Intrusion/Attack,Brute Force
0,udp,dns,SF,543,3458,0,5,0,Normal,Normal
0,tcp,smtp,SF,774,130,0,28,1,Normal,Normal
21,tcp,http,SF,294,4081,0,19,1,Normal,Normal
0,tcp,smtp,S0,32,0,0,173,0,Intrusion/Attack,SYN Flood
6,tcp,http,SF,2881,1593,0,36,1,Normal,Normal
0,tcp,http,S0,64,48,0,241,0,Intrusion/Attack,SYN Flood
22,tcp,http,SF,110,453,0,16,0,Normal,Normal
3,tcp,http,SF,323,5424,0,12,1,Normal,Normal
0,tcp,other,S0,0,0,0,260,0,Intrusion/Attack,SYN Flood
1,icmp,http,RSTR,0,0,0,251,0,Intrusion/Attack,Port Scan
0,tcp,http,S0,32,0,0,339,0,Intrusion/Attack,SYN Flood
18,tcp,smtp,SF,205,542,0,5,1,Normal,Normal
1,tcp,http,SF,463,983,0,11,1,Normal,Normal
4,tcp,ssh,SF,126,3333,0,75,1,Normal,Normal
0,tcp,smtp,REJ,120,0,0,146,0,Intrusion/Attack,Port Scan
1,udp,http,RSTR,60,20,0,103,0,Intrusion/Attack,Port Scan
0,tcp,http,REJ,2051,3584,0,2,1,Normal,Normal
10,tcp,http,SF,155,2681,0,2,1,Normal,Normal
1,tcp,ftp,REJ,120,0,0,266,0,Intrusion/Attack,Port Scan
5,tcp,ssh,SF,691,98,0,21,1,Normal,Normal
28,tcp,http,SF,563,1763,0,44,1,Normal,Normal
2,udp,dns,S0,120,0,0,141,0,Intrusion/Attack,Port Scan
39,tcp,telnet,REJ,676,70,5,35,0,Intrusion/Attack,Brute Force
0,tcp,http,S0,0,0,0,315,0,Intrusion/Attack,SYN Flood
16,tcp,http,SF,81,818,0,41,1,Normal,Normal
2,tcp,smtp,SF,67,2591,0,5,1,Normal,Normal
4,tcp,http,SF,606,10106,0,9,1,Normal,Normal
16,tcp,http,SF,156,1361,0,13,1,Normal,Normal
2,tcp,smtp,S0,20,20,0,253,0,Intrusion/Attack,Port Scan
18,tcp,http,SF,303,1824,1,7,1,Normal,Normal
9,udp,dns,SF,534,2999,0,1,0,Normal,Normal
6,tcp,http,SF,1621,823,0,36,1,Normal,Normal
19,tcp,smtp,SF,1129,3131,0,51,0,Normal,Normal
0,tcp,other,REJ,20,20,0,127,0,Intrusion/Attack,Port Scan
9,tcp,smtp,SF,734,1710,0,9,1,Normal,Normal
0,tcp,smtp,REJ,44,0,0,134,0,Intrusion/Attack,Port Scan
1,tcp,http,SF,674,13642,0,6,1,Normal,Normal
0,tcp,http,S0,40,0,0,303,0,Intrusion/Attack,SYN Flood
6,tcp,http,RSTO,93,2692,0,2,1,Normal,Normal
18,tcp,ftp,SF,260,1189,0,15,1,Normal,Normal
27,tcp,ssh,SF,1880,2759,0,16,1,Normal,Normal
1,tcp,http,S0,64,0,0,378,0,Intrusion/Attack,SYN Flood
2,tcp,ssh,REJ,283,55,6,31,0,Intrusion/Attack,Brute Force
4,udp,dns,SF,594,5573,0,17,0,Normal,Normal
1,tcp,http,S0,64,0,0,427,0,Intrusion/Attack,SYN Flood
8,tcp,telnet,REJ,730,100,3,32,0,Intrusion/Attack,Brute Force
16,tcp,ssh,RSTO,330,223,2,26,0,Intrusion/Attack,Brute Force
10,udp,dns,SF,193,5189,0,4,0,Normal,Normal
36,tcp,ssh,SF,1123,7180,0,16,1,Normal,Normal
45,tcp,other,SF,1171,5596,0,10,0,Normal,Normal
13,tcp,ssh,SF,326,210,3,21,0,Intrusion/Attack,Brute Force
3,udp,dns,SF,797,803,0,34,0,Normal,Normal
21,udp,dns,SF,30,1129,0,7,0,Normal,Normal
1,tcp,ssh,SF,657,2941,0,45,1,Normal,Normal
2,icmp,other,SF,2898,9082,0,18,0,Normal,Normal
0,tcp,http,S0,40,0,0,307,0,Intrusion/Attack,SYN Flood
0,tcp,http,S0,40,0,0,344,0,Intrusion/Attack,SYN Flood
14,tcp,http,SF,1058,1443,0,27,1,Normal,Normal
1,tcp,ssh,SF,838,895,0,10,1,Normal,Normal
22,tcp,http,SF,68,5112,0,17,0,Normal,Normal
0,tcp,http,RSTO,40,0,0,222,0,Intrusion/Attack,SYN Flood
5,tcp,ssh,SF,96,1511,0,10,0,Normal,Normal
11,tcp,ssh,RSTO,335,78,4,29,0,Intrusion/Attack,Brute Force
1,tcp,ssh,S0,64,0,0,333,0,Intrusion/Attack,SYN Flood
1,tcp,http,SF,642,496,0,13,1,Normal,Normal
1,tcp,telnet,SF,699,323,3,27,0,Intrusion/Attack,Brute Force
6,udp,dns,SF,192,466,0,13,0,Normal,Normal
13,tcp,http,SF,119,3204,0,4,1,Normal,Normal
3,udp,dns,SF,208,1903,0,3,0,Normal,Normal
13,udp,dns,SF,909,1363,0,2,0,Normal,Normal
1,tcp,ftp,SF,800,168,4,27,0,Intrusion/Attack,Brute Force
1,udp,dns,SF,86,2776,0,4,0,Normal,Normal
0,tcp,smtp,REJ,64,0,0,352,0,Intrusion/Attack,SYN Flood
10,tcp,smtp,SF,1055,784,0,29,1,Normal,Normal
0,tcp,http,SF,567,5104,0,4,1,Normal,Normal
2,udp,dns,SF,216,1237,0,1,0,Normal,Normal
0,tcp,http,SF,161,889,0,13,1,Normal,Normal
1,tcp,http,REJ,44,0,0,240,0,Intrusion/Attack,Port Scan
35,tcp,telnet,SF,196,257,3,33,0,Intrusion/Attack,Brute Force
15,udp,dns,SF,1657,6377,0,1,0,Normal,Normal
11,tcp,ftp,SF,393,120,6,33,0,Intrusion/Attack,Brute Force
5,icmp,other,SF,672,4642,0,25,0,Normal,Normal
0,tcp,ssh,SF,301,9548,0,14,1,Normal,Normal
30,tcp,ssh,REJ,216,84,3,20,0,Intrusion/Attack,Brute Force
38,udp,dns,SF,1133,4457,0,6,0,Normal,Normal
1,tcp,http,SF,468,1767,1,18,1,Normal,Normal
4,tcp,ftp,SF,2273,1354,0,1,1,Normal,Normal
5,udp,dns,SF,1680,138,0,40,0,Normal,Normal
0,tcp,smtp,S0,64,0,0,469,0,Intrusion/Attack,SYN Flood
2,tcp,ftp,RSTO,335,358,3,28,0,Intrusion/Attack,Brute Force
0,tcp,other,SF,103,64,1,6,0,Normal,Normal
1,tcp,http,S0,128,0,0,186,0,Intrusion/Attack,SYN Flood
1,tcp,telnet,SF,809,277,2,29,0,Intrusion/Attack,Brute Force
6,tcp,http,SF,325,540,0,24,1,Normal,Normal
0,tcp,http,RSTO,0,0,0,226,0,Intrusion/Attack,SYN Flood
4,tcp,ftp,SF,139,129,4,30,0,Intrusion/Attack,Brute Force
1,tcp,http,SF,30,99,0,20,0,Normal,Normal
7,udp,dns,SF,74,1199,0,41,0,Normal,Normal
1,tcp,smtp,S0,128,48,0,393,0,Intrusion/Attack,SYN Flood
16,tcp,ftp,SF,469,225,0,3,1,Normal,Normal
9,tcp,http,SF,894,89,0,20,1,Normal,Normal
1,tcp,smtp,S0,0,0,0,158,0,Intrusion/Attack,Port Scan
0,tcp,dns,REJ,20,20,0,114,0,Intrusion/Attack,Port Scan
7,tcp,http,RSTO,533,1290,0,11,1,Normal,Normal
19,tcp,ssh,SF,724,1539,0,36,1,Normal,Normal
17,tcp,http,REJ,1474,381,0,2,1,Normal,Normal
6,udp,dns,SF,30,7816,0,44,0,Normal,Normal
11,udp,dns,SF,243,612,0,15,0,Normal,Normal
6,udp,dns,SF,136,3946,0,7,0,Normal,Normal
2,tcp,http,SF,105,2064,0,4,1,Normal,Normal
24,tcp,http,SF,417,1590,0,8,1,Normal,Normal
16,udp,dns,SF,619,4540,0,33,0,Normal,Normal
3,udp,dns,SF,1054,1470,0,3,0,Normal,Normal
15,tcp,ftp,REJ,305,145,5,27,0,Intrusion/Attack,Brute Force
35,tcp,http,SF,503,77,0,20,1,Normal,Normal
0,tcp,http,S0,32,0,0,310,0,Intrusion/Attack,SYN Flood
58,tcp,http,SF,611,1525,0,14,0,Normal,Normal
0,tcp,smtp,SF,264,2360,0,13,0,Normal,Normal
2,tcp,http,SF,698,615,0,9,1,Normal,Normal
0,tcp,http,S0,40,0,0,321,0,Intrusion/Attack,SYN Flood
4,udp,dns,SF,171,1222,0,7,0,Normal,Normal
0,tcp,http,S0,64,0,0,299,0,Intrusion/Attack,SYN Flood
22,udp,dns,SF,215,814,0,8,0,Normal,Normal
49,tcp,ssh,SF,30,3513,1,7,1,Normal,Normal
34,udp,dns,SF,196,1199,0,36,0,Normal,Normal
0,tcp,http,S0,32,0,0,269,0,Intrusion/Attack,SYN Flood
4,tcp,http,SF,1916,1496,0,21,1,Normal,Normal
0,icmp,dns,S0,20,20,0,162,0,Intrusion/Attack,Port Scan
2,tcp,smtp,REJ,0,0,0,111,0,Intrusion/Attack,Port Scan
0,tcp,http,SF,232,3316,0,4,1,Normal,Normal
1,icmp,other,REJ,0,20,0,173,0,Intrusion/Attack,Port Scan
0,tcp,http,SF,272,8326,0,9,1,Normal,Normal
1,tcp,http,REJ,0,0,0,164,0,Intrusion/Attack,Port Scan
15,tcp,http,SF,2311,2312,0,19,1,Normal,Normal
0,tcp,http,S0,64,0,0,208,0,Intrusion/Attack,SYN Flood
35,tcp,telnet,RSTO,383,238,5,27,0,Intrusion/Attack,Brute Force
2,tcp,ssh,S0,20,20,0,165,0,Intrusion/Attack,Port Scan
0,tcp,http,SF,329,1581,0,1,1,Normal,Normal
6,tcp,http,SF,1419,8934,0,14,1,Normal,Normal
26,tcp,ftp,SF,54,1554,0,29,1,Normal,Normal
0,tcp,smtp,S0,128,0,0,354,0,Intrusion/Attack,SYN Flood
9,udp,dns,SF,543,388,0,29,0,Normal,Normal
8,tcp,http,REJ,760,1011,0,92,1,Normal,Normal
9,udp,dns,SF,323,79,0,31,0,Normal,Normal
1,tcp,ssh,SF,54,879,0,12,1,Normal,Normal
1,tcp,http,RSTO,40,48,0,279,0,Intrusion/Attack,SYN Flood
59,tcp,http,SF,660,516,0,47,1,Normal,Normal
0,tcp,http,SF,1331,491,0,18,1,Normal,Normal
1,tcp,http,SF,1071,3542,0,31,0,Normal,Normal
0,tcp,http,S0,0,0,0,304,0,Intrusion/Attack,SYN Flood
34,tcp,http,SF,116,1152,0,16,1,Normal,Normal
9,udp,dns,SF,349,9144,0,4,0,Normal,Normal
0,tcp,ssh,S0,128,0,0,395,0,Intrusion/Attack,SYN Flood
2,tcp,smtp,SF,2275,1451,0,2,1,Normal,Normal
1,tcp,http,S0,0,0,0,286,0,Intrusion/Attack,SYN Flood
0,tcp,smtp,S0,128,0,0,376,0,Intrusion/Attack,SYN Flood
11,tcp,http,SF,448,497,0,15,1,Normal,Normal
1,tcp,ftp,S0,60,0,0,154,0,Intrusion/Attack,Port Scan
2,tcp,http,SF,30,343,0,26,1,Normal,Normal
1,icmp,smtp,S0,20,0,0,221,0,Intrusion/Attack,Port Scan
10,tcp,ssh,SF,493,347,3,25,0,Intrusion/Attack,Brute Force
2,tcp,http,REJ,44,0,0,164,0,Intrusion/Attack,Port Scan
7,udp,dns,SF,919,839,0,5,0,Normal,Normal
0,tcp,ssh,SF,30,1046,0,5,1,Normal,Normal
23,tcp,other,REJ,3085,1887,1,2,0,Normal,Normal
13,tcp,smtp,SF,30,943,0,6,0,Normal,Normal
0,udp,other,REJ,120,0,0,200,0,Intrusion/Attack,Port Scan
1,tcp,http,S0,32,0,0,314,0,Intrusion/Attack,SYN Flood
1,tcp,ftp,SF,1714,2080,0,39,1,Normal,Normal
3,udp,dns,SF,1071,3927,0,12,0,Normal,Normal
4,tcp,http,SF,1090,330,0,4,1,Normal,Normal
27,tcp,ssh,REJ,380,127,5,25,0,Intrusion/Attack,Brute Force
0,tcp,ftp,SF,411,139,0,3,1,Normal,Normal
0,tcp,http,S0,32,0,0,266,0,Intrusion/Attack,SYN Flood
7,tcp,smtp,SF,234,1740,0,54,1,Normal,Normal
12,tcp,http,SF,1805,18,0,21,1,Normal,Normal
17,tcp,http,SF,224,962,0,7,1,Normal,Normal
0,tcp,http,S0,64,48,0,448,0,Intrusion/Attack,SYN Flood
29,tcp,http,SF,235,3995,0,2,1,Normal,Normal
0,tcp,http,SF,208,80,0,37,1,Normal,Normal
17,udp,dns,SF,1110,3241,0,32,0,Normal,Normal
0,udp,dns,SF,304,3067,0,16,0,Normal,Normal
27,tcp,ssh,REJ,332,46,5,26,0,Intrusion/Attack,Brute Force
9,tcp,http,SF,74,323,0,22,1,Normal,Normal
8,udp,other,SF,250,5691,0,16,0,Normal,Normal
0,tcp,ftp,REJ,44,0,0,166,0,Intrusion/Attack,Port Scan
1,tcp,http,SF,940,715,0,17,1,Normal,Normal
5,udp,dns,SF,567,1113,0,20,0,Normal,Normal
1,tcp,ssh,REJ,120,0,0,80,0,Intrusion/Attack,Port Scan
0,tcp,http,S0,32,0,0,485,0,Intrusion/Attack,SYN Flood
4,tcp,telnet,SF,269,220,3,39,0,Intrusion/Attack,Brute Force
3,tcp,http,SF,258,5340,0,21,1,Normal,Normal
5,tcp,http,SF,70,738,0,6,1,Normal,Normal
63,tcp,http,SF,297,3618,0,11,0,Normal,Normal
6,tcp,other,RSTO,382,7669,0,4,0,Normal,Normal
9,tcp,http,SF,438,4502,0,9,1,Normal,Normal
6,tcp,http,SF,918,714,0,1,1,Normal,Normal
0,tcp,telnet,S0,0,0,0,144,0,Intrusion/Attack,Port Scan
28,udp,dns,SF,40,619,0,8,0,Normal,Normal
35,tcp,http,SF,1297,1499,0,16,1,Normal,Normal
2,tcp,http,SF,316,482,0,20,1,Normal,Normal
24,tcp,http,SF,1832,363,0,14,1,Normal,Normal
29,tcp,ssh,REJ,179,187,2,31,0,Intrusion/Attack,Brute Force
0,tcp,ssh,RSTO,32,0,0,350,0,Intrusion/Attack,SYN Flood
40,udp,dns,SF,919,262,0,9,0,Normal,Normal
37,tcp,smtp,SF,69,1692,0,1,1,Normal,Normal
23,udp,dns,SF,374,1714,0,8,0,Normal,Normal
0,tcp,http,S0,40,0,0,372,0,Intrusion/Attack,SYN Flood
7,tcp,ssh,SF,589,272,0,39,1,Normal,Normal
12,udp,dns,SF,298,1691,0,36,0,Normal,Normal
30,tcp,http,SF,172,3616,0,57,1,Normal,Normal
0,tcp,http,REJ,20,0,0,239,0,Intrusion/Attack,Port Scan
2,tcp,ssh,RSTO,90,2743,0,22,0,Normal,Normal
32,tcp,http,SF,182,1219,0,24,1,Normal,Normal
0,tcp,http,S0,32,0,0,248,0,Intrusion/Attack,SYN Flood
1,udp,dns,REJ,60,0,0,117,0,Intrusion/Attack,Port Scan
2,udp,dns,S0,60,0,0,190,0,Intrusion/Attack,Port Scan
23,tcp,http,SF,1442,3256,0,6,1,Normal,Normal
17,tcp,ssh,RSTO,223,257,5,21,0,Intrusion/Attack,Brute Force
12,tcp,http,SF,35,707,0,32,1,Normal,Normal
1,tcp,http,S0,0,48,0,389,0,Intrusion/Attack,SYN Flood
0,tcp,ssh,S0,40,0,0,359,0,Intrusion/Attack,SYN Flood
32,tcp,ssh,SF,587,124,4,26,0,Intrusion/Attack,Brute Force
2,tcp,dns,S0,20,0,0,223,0,Intrusion/Attack,Port Scan
0,tcp,http,REJ,60,20,0,84,0,Intrusion/Attack,Port Scan
10,udp,dns,SF,173,617,0,1,0,Normal,Normal
0,udp,smtp,S0,0,0,0,140,0,Intrusion/Attack,Port Scan
0,tcp,dns,REJ,44,0,0,175,0,Intrusion/Attack,Port Scan
37,tcp,ftp,REJ,653,338,3,22,0,Intrusion/Attack,Brute Force
3,tcp,smtp,SF,81,433,0,21,1,Normal,Normal
12,tcp,telnet,RSTO,687,109,2,28,0,Intrusion/Attack,Brute Force
1,tcp,http,RSTR,120,0,0,168,0,Intrusion/Attack,Port Scan
10,tcp,smtp,SF,92,726,0,15,1,Normal,Normal
1,tcp,http,REJ,120,0,0,149,0,Intrusion/Attack,Port Scan
0,tcp,http,S0,0,0,0,194,0,Intrusion/Attack,SYN Flood
16,tcp,smtp,SF,806,6572,0,13,1,Normal,Normal
7,tcp,smtp,SF,102,1099,0,1,1,Normal,Normal
37,tcp,http,SF,346,1322,0,46,1,Normal,Normal
6,tcp,smtp,SF,1249,3216,0,38,1,Normal,Normal
18,udp,dns,SF,864,13871,0,8,0,Normal,Normal
1,tcp,http,S0,32,48,0,420,0,Intrusion/Attack,SYN Flood
0,tcp,other,S0,64,0,0,396,0,Intrusion/Attack,SYN Flood
20,tcp,http,SF,146,1002,1,15,1,Normal,Normal
4,tcp,ssh,RSTO,464,93,2,31,0,Intrusion/Attack,Brute Force
20,tcp,smtp,SF,684,3162,0,21,1,Normal,Normal
4,udp,dns,SF,536,1311,0,11,0,Normal,Normal
3,tcp,smtp,SF,1505,4308,0,16,1,Normal,Normal
9,tcp,http,SF,492,379,0,15,1,Normal,Normal
34,udp,dns,SF,175,190,0,30,0,Normal,Normal
3,tcp,http,SF,104,832,0,22,1,Normal,Normal
11,icmp,other,SF,221,2572,0,28,0,Normal,Normal
4,tcp,http,SF,68,3954,0,15,0,Normal,Normal
30,tcp,http,SF,406,262,0,11,1,Normal,Normal
0,tcp,ssh,SF,1013,720,0,5,1,Normal,Normal
1,icmp,other,SF,476,841,0,14,0,Normal,Normal
4,tcp,http,SF,148,1054,0,32,1,Normal,Normal
36,tcp,ftp,SF,550,346,3,27,0,Intrusion/Attack,Brute Force
23,tcp,smtp,SF,30,5829,0,36,1,Normal,Normal
12,udp,dns,SF,877,1592,0,58,0,Normal,Normal
37,udp,dns,SF,571,3627,0,5,0,Normal,Normal
20,tcp,telnet,RSTO,394,237,2,24,0,Intrusion/Attack,Brute Force
0,tcp,http,SF,30,10559,0,8,1,Normal,Normal
3,tcp,smtp,SF,30,3644,0,24,1,Normal,Normal
4,tcp,http,SF,795,864,0,14,1,Normal,Normal
1,tcp,http,S0,40,0,0,317,0,Intrusion/Attack,SYN Flood
13,tcp,http,RSTO,73,365,0,6,1,Normal,Normal
1,udp,dns,SF,843,2959,0,3,0,Normal,Normal
20,udp,dns,SF,417,1420,0,28,0,Normal,Normal
13,icmp,other,SF,1555,3967,0,1,0,Normal,Normal
31,tcp,http,SF,259,2126,0,10,1,Normal,Normal
10,tcp,smtp,SF,1380,644,0,3,1,Normal,Normal
1,icmp,ftp,S0,20,0,0,218,0,Intrusion/Attack,Port Scan
15,tcp,ssh,SF,1899,556,1,29,1,Normal,Normal
1,icmp,http,REJ,20,0,0,157,0,Intrusion/Attack,Port Scan
27,udp,dns,SF,248,993,0,25,0,Normal,Normal
1,udp,dns,SF,995,807,0,19,0,Normal,Normal
8,icmp,other,SF,323,1497,0,13,0,Normal,Normal
1,udp,dns,SF,46,6783,0,9,0,Normal,Normal
2,tcp,other,SF,83,214,0,4,0,Normal,Normal
5,tcp,ftp,SF,236,377,3,34,0,Intrusion/Attack,Brute Force
4,udp,dns,SF,30,3897,0,20,0,Normal,Normal
0,tcp,ftp,SH,0,0,0,211,0,Intrusion/Attack,Port Scan
1,tcp,smtp,S0,20,0,0,233,0,Intrusion/Attack,Port Scan
16,tcp,smtp,SF,966,8149,0,26,1,Normal,Normal
0,tcp,http,S0,64,48,0,323,0,Intrusion/Attack,SYN Flood
5,tcp,ssh,SF,133,8573,0,29,1,Normal,Normal
14,tcp,http,SF,2514,2172,0,10,1,Normal,Normal
20,tcp,http,SF,1455,3393,0,22,1,Normal,Normal
2,tcp,http,RSTR,120,0,0,239,0,Intrusion/Attack,Port Scan
42,tcp,http,SF,671,230,0,1,0,Normal,Normal
2,tcp,smtp,SF,558,2239,0,22,1,Normal,Normal
0,tcp,ssh,S0,0,48,0,174,0,Intrusion/Attack,SYN Flood
3,tcp,smtp,SF,1508,1777,0,13,0,Normal,Normal
22,tcp,http,SF,1836,863,0,11,1,Normal,Normal
2,tcp,ftp,SF,601,1810,1,23,1,Normal,Normal
23,tcp,ftp,SF,177,380,4,27,0,Intrusion/Attack,Brute Force
2,tcp,ssh,REJ,20,20,0,191,0,Intrusion/Attack,Port Scan
3,tcp,http,SF,350,1490,0,10,0,Normal,Normal
21,tcp,ssh,SF,561,338,2,24,0,Intrusion/Attack,Brute Force
11,tcp,http,SF,475,2053,0,57,1,Normal,Normal
44,icmp,other,SF,1129,2934,0,2,0,Normal,Normal
17,tcp,http,SF,491,208,0,12,1,Normal,Normal
0,tcp,http,RSTO,0,0,0,390,0,Intrusion/Attack,SYN Flood
19,tcp,http,SF,404,939,0,34,1,Normal,Normal
0,tcp,smtp,SF,1304,446,0,11,1,Normal,Normal
4,udp,dns,SF,1378,1871,0,1,0,Normal,Normal
8,tcp,http,SF,842,2837,0,1,1,Normal,Normal
3,tcp,http,SF,394,5737,0,21,1,Normal,Normal
2,tcp,http,SF,351,981,0,2,1,Normal,Normal
0,tcp,http,SF,816,450,0,5,1,Normal,Normal
3,tcp,http,RSTO,30,1051,0,91,1,Normal,Normal
11,tcp,smtp,SF,60,1269,0,10,1,Normal,Normal
54,udp,dns,SF,406,4511,0,7,0,Normal,Normal
14,udp,dns,SF,59,1192,0,18,0,Normal,Normal
14,udp,dns,SF,1213,845,0,38,0,Normal,Normal
24,tcp,http,SF,928,401,0,5,1,Normal,Normal
19,tcp,http,SF,1584,3147,0,22,1,Normal,Normal
14,tcp,other,SF,400,96,0,3,0,Normal,Normal
48,tcp,http,SF,206,3275,0,11,1,Normal,Normal
1,tcp,ftp,S0,0,20,0,101,0,Intrusion/Attack,Port Scan
10,tcp,http,SF,1515,5737,0,15,1,Normal,Normal
3,tcp,http,SF,47,1025,1,7,1,Normal,Normal
0,tcp,http,S0,40,0,0,241,0,Intrusion/Attack,SYN Flood
30,tcp,http,SF,4010,2111,0,4,1,Normal,Normal
10,udp,dns,SF,2187,1899,0,2,0,Normal,Normal
8,tcp,ftp,SF,357,300,4,26,0,Intrusion/Attack,Brute Force
46,tcp,http,SF,569,104,1,20,1,Normal,Normal
0,tcp,http,S0,40,48,0,224,0,Intrusion/Attack,SYN Flood
0,tcp,http,REJ,20,20,0,112,0,Intrusion/Attack,Port Scan
36,tcp,http,SF,988,3080,0,35,1,Normal,Normal
8,tcp,http,SF,346,3467,0,2,1,Normal,Normal
6,tcp,http,SF,625,1614,1,48,1,Normal,Normal
2,tcp,smtp,SF,30,4881,0,2,1,Normal,Normal
9,udp,dns,SF,676,4253,0,31,0,Normal,Normal
2,tcp,http,SF,2040,608,0,2,1,Normal,Normal
0,tcp,http,S0,32,0,0,391,0,Intrusion/Attack,SYN Flood
11,tcp,ssh,SF,333,2448,0,1,1,Normal,Normal
5,tcp,http,SF,1622,763,0,38,1,Normal,Normal
1,tcp,ssh,S0,40,0,0,316,0,Intrusion/Attack,SYN Flood
11,tcp,smtp,SF,224,2559,0,4,1,Normal,Normal
25,tcp,http,SF,236,2120,0,7,1,Normal,Normal
8,tcp,http,SF,1292,4886,0,58,1,Normal,Normal
16,tcp,http,SF,47,973,0,23,1,Normal,Normal
15,tcp,other,SF,302,2309,0,9,0,Normal,Normal
15,tcp,http,SF,263,3374,0,17,1,Normal,Normal
0,tcp,telnet,S0,60,20,0,153,0,Intrusion/Attack,Port Scan
0,tcp,other,S0,40,48,0,379,0,Intrusion/Attack,SYN Flood
4,udp,dns,SF,1985,348,0,9,0,Normal,Normal
11,tcp,smtp,SF,574,3283,0,3,0,Normal,Normal
2,tcp,http,SF,188,1099,0,15,1,Normal,Normal
15,tcp,ssh,SF,265,72,3,32,0,Intrusion/Attack,Brute Force
36,tcp,http,SF,298,111,0,13,1,Normal,Normal
16,tcp,ssh,SF,778,233,3,30,0,Intrusion/Attack,Brute Force
3,tcp,smtp,SF,1285,6841,0,7,1,Normal,Normal
14,tcp,http,SF,856,2591,0,1,1,Normal,Normal
1,tcp,other,RSTR,44,0,0,163,0,Intrusion/Attack,Port Scan
12,tcp,http,SF,1451,778,0,33,1,Normal,Normal
1,tcp,http,RSTO,374,1988,0,6,1,Normal,Normal
16,tcp,http,SF,892,3057,0,24,1,Normal,Normal
0,tcp,http,REJ,44,0,0,290,0,Intrusion/Attack,Port Scan
4,udp,dns,SF,1287,2180,0,16,0,Normal,Normal
14,tcp,http,RSTO,413,2605,0,15,1,Normal,Normal
24,tcp,http,REJ,1125,6477,0,4,1,Normal,Normal
14,tcp,smtp,SF,920,4413,0,7,1,Normal,Normal
1,tcp,http,S0,0,48,0,276,0,Intrusion/Attack,SYN Flood
2,tcp,ftp,RSTO,205,169,3,36,0,Intrusion/Attack,Brute Force
38,tcp,ssh,REJ,520,145,5,25,0,Intrusion/Attack,Brute Force
0,tcp,http,S0,32,48,0,312,0,Intrusion/Attack,SYN Flood
2,tcp,smtp,SF,37,309,0,13,1,Normal,Normal
13,tcp,http,SF,333,7145,0,6,1,Normal,Normal
2,udp,other,SF,840,1413,0,21,0,Normal,Normal
13,tcp,smtp,SF,2045,2047,0,12,1,Normal,Normal
1,tcp,dns,REJ,20,0,0,260,0,Intrusion/Attack,Port Scan
9,tcp,http,SF,734,1854,0,15,1,Normal,Normal
2,tcp,http,SF,488,3905,0,12,1,Normal,Normal
1,udp,smtp,S0,44,0,0,200,0,Intrusion/Attack,Port Scan
34,tcp,telnet,REJ,128,51,2,36,0,Intrusion/Attack,Brute Force
45,tcp,smtp,SF,197,5747,0,6,1,Normal,Normal
2,tcp,http,SF,801,168,0,12,1,Normal,Normal
0,tcp,ssh,SF,76,1740,0,29,1,Normal,Normal
95,tcp,http,SF,130,307,0,18,1,Normal,Normal
7,icmp,other,SF,622,194,0,26,0,Normal,Normal
10,udp,dns,SF,839,1656,0,37,0,Normal,Normal
5,udp,dns,SF,520,2369,0,29,0,Normal,Normal
3,tcp,http,SF,1048,8594,0,4,1,Normal,Normal
3,tcp,http,SF,1179,785,0,19,1,Normal,Normal
2,tcp,telnet,SF,556,176,3,22,0,Intrusion/Attack,Brute Force
18,tcp,smtp,SF,2069,2177,0,31,1,Normal,Normal
0,tcp,smtp,S0,40,48,0,263,0,Intrusion/Attack,SYN Flood
11,tcp,http,SF,730,1296,0,12,1,Normal,Normal
36,udp,dns,SF,497,856,0,6,0,Normal,Normal
9,tcp,http,SF,1162,266,0,61,1,Normal,Normal
0,tcp,ssh,S0,32,0,0,430,0,Intrusion/Attack,SYN Flood
7,tcp,ssh,SF,459,1802,0,8,1,Normal,Normal
26,udp,dns,SF,145,5273,0,1,0,Normal,Normal
4,tcp,other,REJ,68,385,0,21,0,Normal,Normal
1,tcp,other,S0,128,0,0,214,0,Intrusion/Attack,SYN Flood
0,tcp,http,REJ,64,48,0,314,0,Intrusion/Attack,SYN Flood
30,tcp,ftp,SF,259,141,5,27,0,Intrusion/Attack,Brute Force
0,tcp,http,S0,64,0,0,355,0,Intrusion/Attack,SYN Flood
0,tcp,http,S0,64,0,0,206,0,Intrusion/Attack,SYN Flood
0,tcp,http,S0,64,48,0,205,0,Intrusion/Attack,SYN Flood
21,udp,dns,SF,113,1485,0,5,0,Normal,Normal
23,tcp,http,SF,433,975,0,5,1,Normal,Normal
26,tcp,telnet,SF,428,417,5,33,0,Intrusion/Attack,Brute Force
8,tcp,ftp,SF,48,1184,0,8,1,Normal,Normal
3,udp,dns,SF,335,8914,0,25,0,Normal,Normal
3,tcp,smtp,SF,473,5728,0,2,1,Normal,Normal
1,tcp,http,S0,128,0,0,324,0,Intrusion/Attack,SYN Flood
31,tcp,ftp,SF,131,257,3,24,0,Intrusion/Attack,Brute Force
20,tcp,http,SF,675,6162,0,23,1,Normal,Normal
6,udp,dns,SF,1086,6150,0,19,0,Normal,Normal
1,tcp,http,SF,1620,353,0,10,1,Normal,Normal
0,udp,dns,SF,317,1046,0,11,0,Normal,Normal
14,tcp,http,SF,121,161,0,54,0,Normal,Normal
0,tcp,http,RSTO,32,48,0,277,0,Intrusion/Attack,SYN Flood
7,tcp,http,REJ,847,1018,0,27,1,Normal,Normal
5,tcp,ftp,SF,477,1898,0,56,1,Normal,Normal
15,tcp,http,SF,1599,561,0,2,0,Normal,Normal
11,tcp,other,SF,285,2175,1,95,0,Normal,Normal
0,tcp,http,S0,0,48,0,323,0,Intrusion/Attack,SYN Flood
8,tcp,ssh,SF,30,1953,0,15,1,Normal,Normal
11,tcp,http,SF,261,462,0,9,1,Normal,Normal
4,icmp,other,SF,690,529,0,10,0,Normal,Normal
8,tcp,ssh,SF,678,406,2,23,0,Intrusion/Attack,Brute Force
11,tcp,http,SF,950,224,0,12,1,Normal,Normal
11,icmp,other,SF,305,1170,0,12,0,Normal,Normal
28,udp,dns,SF,355,585,0,32,0,Normal,Normal
0,tcp,ftp,SF,239,815,0,3,1,Normal,Normal
15,tcp,http,SF,728,386,0,26,1,Normal,Normal
11,tcp,smtp,SF,940,196,0,13,1,Normal,Normal
33,tcp,http,SF,1794,2309,0,22,1,Normal,Normal
13,udp,dns,SF,444,6993,0,21,0,Normal,Normal
2,tcp,dns,SF,0,0,0,186,0,Intrusion/Attack,Port Scan
7,udp,dns,SF,180,5314,0,9,0,Normal,Normal
3,tcp,http,SF,517,5678,0,1,1,Normal,Normal
4,tcp,ftp,SF,705,388,3,41,0,Intrusion/Attack,Brute Force
6,icmp,other,SF,594,6640,0,21,0,Normal,Normal
13,tcp,http,SF,459,2836,0,12,1,Normal,Normal
0,tcp,http,SF,333,426,0,2,1,Normal,Normal
0,icmp,ssh,RSTR,20,20,0,214,0,Intrusion/Attack,Port Scan
34,icmp,other,SF,224,1869,0,24,0,Normal,Normal
17,tcp,smtp,SF,2149,581,0,15,1,Normal,Normal
7,tcp,http,SF,377,1318,0,24,1,Normal,Normal
11,tcp,http,SF,265,3,0,6,0,Normal,Normal
23,tcp,other,SF,30,270,0,16,0,Normal,Normal
2,tcp,ssh,S0,0,0,0,242,0,Intrusion/Attack,Port Scan
47,udp,dns,SF,152,93,0,23,0,Normal,Normal
0,tcp,smtp,S0,0,0,0,336,0,Intrusion/Attack,SYN Flood
0,tcp,http,S0,128,0,0,358,0,Intrusion/Attack,SYN Flood
1,tcp,http,REJ,84,2166,0,1,1,Normal,Normal
0,tcp,http,S0,64,48,0,312,0,Intrusion/Attack,SYN Flood
21,icmp,other,SF,609,1091,0,19,0,Normal,Normal
12,tcp,ssh,SF,262,404,0,12,0,Normal,Normal
0,tcp,ftp,SH,120,20,0,189,0,Intrusion/Attack,Port Scan
8,tcp,http,SF,60,598,0,22,1,Normal,Normal
2,tcp,http,SF,30,3376,0,20,1,Normal,Normal
8,tcp,ssh,SF,809,1131,0,2,1,Normal,Normal
0,udp,dns,SF,322,1708,0,13,0,Normal,Normal
29,tcp,http,SF,1101,3485,0,28,0,Normal,Normal
0,tcp,smtp,S0,40,0,0,231,0,Intrusion/Attack,SYN Flood
8,tcp,ssh,RSTO,355,3210,0,2,1,Normal,Normal
20,tcp,http,SF,157,4316,0,14,0,Normal,Normal
3,icmp,other,SF,481,1019,0,5,0,Normal,Normal
0,tcp,ftp,REJ,44,0,0,178,0,Intrusion/Attack,Port Scan
13,tcp,telnet,SF,376,391,4,31,0,Intrusion/Attack,Brute Force
13,udp,other,SF,30,204,0,9,0,Normal,Normal
0,tcp,http,S0,64,0,0,368,0,Intrusion/Attack,SYN Flood
36,tcp,http,SF,1238,1456,0,37,1,Normal,Normal
4,tcp,ssh,SF,141,406,5,25,0,Intrusion/Attack,Brute Force
5,udp,other,SF,394,3301,0,7,0,Normal,Normal
2,tcp,http,S0,20,20,0,194,0,Intrusion/Attack,Port Scan
26,tcp,http,SF,2388,4483,0,14,1,Normal,Normal
1,udp,dns,SF,359,6511,0,12,0,Normal,Normal
1,icmp,other,SF,218,4886,0,34,0,Normal,Normal
21,tcp,ftp,SF,392,234,3,21,0,Intrusion/Attack,Brute Force
31,tcp,ssh,RSTO,210,305,6,43,0,Intrusion/Attack,Brute Force
34,tcp,ftp,SF,421,53,5,32,0,Intrusion/Attack,Brute Force
0,tcp,http,S0,64,48,0,371,0,Intrusion/Attack,SYN Flood
4,udp,dns,SF,210,1357,1,2,0,Normal,Normal
32,udp,dns,SF,104,6602,0,8,0,Normal,Normal
27,tcp,http,SF,891,11633,0,10,1,Normal,Normal
1,tcp,http,S0,32,0,0,443,0,Intrusion/Attack,SYN Flood
0,tcp,ssh,RSTO,128,0,0,302,0,Intrusion/Attack,SYN Flood
68,tcp,http,SF,749,7141,0,8,1,Normal,Normal
9,tcp,telnet,SF,324,45,5,27,0,Intrusion/Attack,Brute Force
7,tcp,smtp,SF,218,4870,0,53,1,Normal,Normal
28,icmp,other,SF,448,2218,0,13,0,Normal,Normal
3,tcp,http,SF,2052,21,2,19,1,Normal,Normal
17,udp,dns,SF,235,3224,0,15,0,Normal,Normal
8,udp,dns,SF,30,1334,0,14,0,Normal,Normal
1,tcp,http,S0,128,0,0,232,0,Intrusion/Attack,SYN Flood
6,tcp,http,SF,185,1260,0,22,1,Normal,Normal
36,tcp,ftp,SF,505,192,4,23,0,Intrusion/Attack,Brute Force
1,tcp,http,S0,40,0,0,118,0,Intrusion/Attack,SYN Flood
1,tcp,ftp,SF,403,2945,0,11,0,Normal,Normal
0,tcp,http,S0,32,0,0,275,0,Intrusion/Attack,SYN Flood
9,tcp,smtp,SF,2192,849,0,4,1,Normal,Normal
0,tcp,other,S0,32,0,0,302,0,Intrusion/Attack,SYN Flood
3,udp,dns,SF,734,2993,1,13,0,Normal,Normal
2,tcp,smtp,SF,365,245,0,1,1,Normal,Normal
2,tcp,other,SF,1602,5129,0,23,0,Normal,Normal
71,tcp,http,SF,181,531,0,13,0,Normal,Normal
10,tcp,http,RSTO,62,417,0,3,0,Normal,Normal
25,tcp,ftp,SF,185,352,3,26,0,Intrusion/Attack,Brute Force
7,tcp,smtp,SF,876,186,0,3,1,Normal,Normal
8,tcp,smtp,SF,225,2449,0,15,1,Normal,Normal
48,udp,dns,SF,32,247,0,4,0,Normal,Normal
0,tcp,ssh,S0,64,0,0,225,0,Intrusion/Attack,SYN Flood
1,tcp,ftp,REJ,120,0,0,208,0,Intrusion/Attack,Port Scan
0,tcp,other,S0,40,48,0,379,0,Intrusion/Attack,SYN Flood
2,tcp,ssh,REJ,120,0,0,114,0,Intrusion/Attack,Port Scan
0,tcp,http,SF,3869,1774,0,8,1,Normal,Normal
0,tcp,http,S0,64,48,0,311,0,Intrusion/Attack,SYN Flood
44,icmp,other,SF,266,2450,0,28,0,Normal,Normal
0,tcp,http,SF,552,4108,0,7,0,Normal,Normal
0,tcp,http,S0,0,0,0,269,0,Intrusion/Attack,SYN Flood
6,icmp,other,SF,422,1053,0,18,0,Normal,Normal
1,udp,dns,RSTR,20,0,0,155,0,Intrusion/Attack,Port Scan
0,tcp,http,SF,49,606,0,12,1,Normal,Normal
11,tcp,http,REJ,1845,2316,0,6,1,Normal,Normal
1,tcp,http,SF,54,1051,0,18,1,Normal,Normal
3,tcp,http,SF,1429,12035,0,32,1,Normal,Normal
112,udp,dns,SF,1227,722,0,7,0,Normal,Normal
0,tcp,http,S0,32,48,0,300,0,Intrusion/Attack,SYN Flood
37,tcp,smtp,SF,36,4124,0,8,1,Normal,Normal
1,udp,other,S0,44,0,0,178,0,Intrusion/Attack,Port Scan
9,tcp,http,SF,643,1955,0,6,1,Normal,Normal
20,udp,dns,SF,516,1154,0,15,0,Normal,Normal
0,tcp,http,RSTO,40,0,0,387,0,Intrusion/Attack,SYN Flood
7,udp,other,SF,538,2938,0,40,0,Normal,Normal
0,tcp,http,S0,32,0,0,335,0,Intrusion/Attack,SYN Flood
20,udp,dns,SF,1378,5309,0,32,0,Normal,Normal
0,tcp,ssh,S0,0,0,0,443,0,Intrusion/Attack,SYN Flood
8,tcp,http,RSTO,70,724,0,14,1,Normal,Normal
1,tcp,other,S0,0,0,0,361,0,Intrusion/Attack,SYN Flood
8,tcp,ssh,SF,2126,1091,0,17,1,Normal,Normal
7,tcp,http,SF,1262,3222,0,15,1,Normal,Normal
33,tcp,http,SF,254,1144,0,23,1,Normal,Normal
19,tcp,http,SF,2120,1124,0,31,1,Normal,Normal
26,udp,dns,SF,89,979,0,3,0,Normal,Normal
2,tcp,ssh,SF,648,92,2,39,0,Intrusion/Attack,Brute Force
10,tcp,ssh,SF,844,1565,0,8,1,Normal,Normal
4,udp,other,SF,854,2073,0,5,0,Normal,Normal
26,udp,dns,SF,64,1241,0,34,0,Normal,Normal
14,tcp,telnet,SF,471,404,4,21,0,Intrusion/Attack,Brute Force
0,tcp,other,S0,64,48,0,344,0,Intrusion/Attack,SYN Flood
5,tcp,ssh,SF,402,381,5,30,0,Intrusion/Attack,Brute Force
26,tcp,ssh,SF,810,292,2,26,0,Intrusion/Attack,Brute Force
0,tcp,http,S0,64,0,0,322,0,Intrusion/Attack,SYN Flood
0,tcp,other,RSTO,128,0,0,431,0,Intrusion/Attack,SYN Flood
27,tcp,smtp,SF,185,1358,0,9,0,Normal,Normal
9,icmp,other,SF,115,541,0,39,0,Normal,Normal
0,tcp,http,S0,64,0,0,335,0,Intrusion/Attack,SYN Flood
35,tcp,http,SF,677,1559,0,10,1,Normal,Normal
5,udp,dns,SF,511,608,0,11,0,Normal,Normal
10,udp,dns,SF,1841,618,0,15,0,Normal,Normal
1,tcp,smtp,SF,44,0,0,187,0,Intrusion/Attack,Port Scan
18,udp,dns,SF,91,2641,0,9,0,Normal,Normal
0,tcp,http,RSTO,128,48,0,268,0,Intrusion/Attack,SYN Flood
16,udp,dns,SF,366,292,0,4,0,Normal,Normal
1,tcp,other,RSTO,40,0,0,451,0,Intrusion/Attack,SYN Flood
0,tcp,ssh,S0,40,48,0,317,0,Intrusion/Attack,SYN Flood
10,tcp,http,SF,71,4689,0,57,1,Normal,Normal
1,tcp,smtp,SF,702,2707,0,30,1,Normal,Normal
2,tcp,other,SF,157,749,0,7,0,Normal,Normal
8,tcp,http,RSTO,625,219,0,43,1,Normal,Normal
0,tcp,other,S0,0,0,0,330,0,Intrusion/Attack,SYN Flood
10,tcp,http,SF,238,258,0,7,1,Normal,Normal
8,tcp,ssh,SF,752,410,3,37,0,Intrusion/Attack,Brute Force
3,tcp,http,SF,1107,2956,0,80,1,Normal,Normal
12,tcp,http,REJ,349,1344,0,20,1,Normal,Normal
10,tcp,http,SF,230,6779,0,9,1,Normal,Normal
3,udp,dns,SF,268,1523,0,23,0,Normal,Normal
0,tcp,http,SF,326,6398,0,2,1,Normal,Normal
1,tcp,other,REJ,128,0,0,295,0,Intrusion/Attack,SYN Flood
0,tcp,ssh,S0,64,0,0,349,0,Intrusion/Attack,SYN Flood
16,tcp,http,REJ,1128,2502,1,21,1,Normal,Normal
31,tcp,http,SF,73,92,0,6,1,Normal,Normal
0,tcp,http,S0,40,0,0,300,0,Intrusion/Attack,SYN Flood
29,tcp,http,SF,2138,2375,0,2,1,Normal,Normal
1,tcp,ftp,SF,695,4143,0,24,1,Normal,Normal
9,tcp,http,SF,848,1397,0,6,1,Normal,Normal
8,tcp,ssh,SF,313,270,0,30,1,Normal,Normal
9,tcp,http,SF,485,4561,0,43,1,Normal,Normal
4,udp,dns,SF,412,191,0,9,0,Normal,Normal
2,tcp,telnet,RSTR,20,0,0,185,0,Intrusion/Attack,Port Scan
0,udp,http,REJ,44,0,0,250,0,Intrusion/Attack,Port Scan
1,tcp,http,S0,32,48,0,320,0,Intrusion/Attack,SYN Flood
1,tcp,other,SF,640,700,0,28,0,Normal,Normal
15,tcp,ssh,RSTO,515,287,5,19,0,Intrusion/Attack,Brute Force
0,tcp,smtp,S0,20,0,0,166,0,Intrusion/Attack,Port Scan
2,tcp,http,SF,1287,2284,0,1,1,Normal,Normal
1,tcp,other,S0,40,48,0,260,0,Intrusion/Attack,SYN Flood
37,tcp,ssh,RSTO,571,256,3,32,0,Intrusion/Attack,Brute Force
3,udp,dns,SF,709,248,1,33,0,Normal,Normal
2,tcp,telnet,REJ,60,20,0,152,0,Intrusion/Attack,Port Scan
7,tcp,http,SF,2896,1522,0,36,1,Normal,Normal
7,tcp,http,SF,482,347,0,3,1,Normal,Normal
20,tcp,http,SF,108,1209,0,29,1,Normal,Normal
13,tcp,smtp,SF,30,968,0,12,1,Normal,Normal
1,tcp,ssh,S0,40,0,0,248,0,Intrusion/Attack,SYN Flood
0,tcp,ssh,S0,32,0,0,216,0,Intrusion/Attack,SYN Flood
8,tcp,http,SF,30,721,0,34,1,Normal,Normal
27,udp,dns,SF,1272,3311,0,16,0,Normal,Normal
4,tcp,ftp,REJ,480,296,2,30,0,Intrusion/Attack,Brute Force
41,tcp,smtp,SF,1320,4872,0,30,1,Normal,Normal
17,icmp,other,SF,851,574,0,6,0,Normal,Normal
2,tcp,http,S0,60,0,0,197,0,Intrusion/Attack,Port Scan
0,tcp,ssh,S0,40,48,0,320,0,Intrusion/Attack,SYN Flood
0,tcp,http,S0,32,48,0,311,0,Intrusion/Attack,SYN Flood
0,tcp,ssh,S0,40,0,0,262,0,Intrusion/Attack,SYN Flood
39,tcp,ftp,SF,620,67,3,28,0,Intrusion/Attack,Brute Force
13,tcp,ssh,SF,461,847,0,19,1,Normal,Normal
30,icmp,other,SF,1561,587,0,20,0,Normal,Normal
7,tcp,http,SF,831,7338,0,4,1,Normal,Normal
0,tcp,smtp,S0,40,0,0,264,0,Intrusion/Attack,SYN Flood
7,tcp,http,SF,539,620,0,1,1,Normal,Normal
1,tcp,other,S0,0,20,0,157,0,Intrusion/Attack,Port Scan
20,tcp,ftp,RSTO,793,261,2,38,0,Intrusion/Attack,Brute Force
29,tcp,telnet,SF,842,260,4,27,0,Intrusion/Attack,Brute Force
6,udp,dns,SF,1075,837,0,22,0,Normal,Normal
10,tcp,http,SF,39,400,0,13,1,Normal,Normal
6,tcp,smtp,SF,80,4772,0,7,0,Normal,Normal
6,tcp,smtp,SF,480,1070,0,14,1,Normal,Normal
34,tcp,http,SF,646,3240,0,1,1,Normal,Normal
20,tcp,ssh,REJ,731,267,3,21,0,Intrusion/Attack,Brute Force
0,tcp,ssh,SF,533,1798,0,36,1,Normal,Normal
0,tcp,http,S0,40,48,0,370,0,Intrusion/Attack,SYN Flood
2,udp,dns,RSTR,44,20,0,230,0,Intrusion/Attack,Port Scan
5,udp,dns,SF,400,495,0,12,0,Normal,Normal
36,tcp,http,SF,172,1012,0,9,0,Normal,Normal
34,tcp,http,SF,474,1458,0,34,1,Normal,Normal
0,icmp,http,REJ,0,20,0,184,0,Intrusion/Attack,Port Scan
6,tcp,smtp,SF,811,1782,0,30,1,Normal,Normal
12,tcp,telnet,SF,650,402,2,22,0,Intrusion/Attack,Brute Force
4,tcp,http,SF,601,11272,0,17,1,Normal,Normal
9,tcp,ssh,RSTO,724,267,6,23,0,Intrusion/Attack,Brute Force
0,tcp,http,S0,40,48,0,230,0,Intrusion/Attack,SYN Flood
25,tcp,ssh,RSTO,351,300,4,23,0,Intrusion/Attack,Brute Force
9,tcp,ftp,SF,1928,1301,0,5,1,Normal,Normal
13,tcp,ssh,SF,1080,1347,0,40,1,Normal,Normal
4,tcp,http,SF,998,1364,0,17,1,Normal,Normal
13,tcp,ftp,RSTO,382,426,5,27,0,Intrusion/Attack,Brute Force
1,tcp,http,S0,44,20,0,238,0,Intrusion/Attack,Port Scan
43,tcp,http,SF,141,2463,0,14,1,Normal,Normal
35,tcp,ftp,REJ,356,150,2,26,0,Intrusion/Attack,Brute Force
0,tcp,http,S0,0,0,0,308,0,Intrusion/Attack,SYN Flood
15,tcp,http,SF,30,2185,0,36,1,Normal,Normal
13,tcp,http,SF,149,714,0,4,1,Normal,Normal
8,icmp,other,SF,174,2928,0,13,0,Normal,Normal
32,tcp,ssh,REJ,200,334,5,27,0,Intrusion/Attack,Brute Force
2,tcp,http,SF,193,5256,0,14,1,Normal,Normal
17,tcp,smtp,SF,90,507,0,18,1,Normal,Normal
11,tcp,smtp,SF,103,1446,0,9,1,Normal,Normal
17,tcp,ftp,RSTO,168,234,3,29,0,Intrusion/Attack,Brute Force
21,tcp,http,SF,1483,210,0,2,1,Normal,Normal
3,tcp,smtp,SF,911,5115,0,7,1,Normal,Normal
5,tcp,smtp,SF,71,1080,0,17,1,Normal,Normal
19,tcp,http,SF,903,614,0,8,1,Normal,Normal
17,udp,dns,SF,77,1999,0,10,0,Normal,Normal
8,tcp,smtp,SF,364,2720,0,11,1,Normal,Normal
13,tcp,ssh,SF,296,191,2,21,0,Intrusion/Attack,Brute Force
4,tcp,ssh,SF,450,400,3,24,0,Intrusion/Attack,Brute Force
4,tcp,smtp,SF,743,521,0,2,1,Normal,Normal
1,tcp,http,SF,1469,3894,0,24,1,Normal,Normal
4,tcp,http,SF,506,1853,0,1,1,Normal,Normal
9,tcp,http,SF,71,2275,0,24,1,Normal,Normal
2,udp,ssh,RSTR,120,0,0,173,0,Intrusion/Attack,Port Scan
0,tcp,http,S0,32,48,0,339,0,Intrusion/Attack,SYN Flood
6,udp,dns,SF,268,6156,0,10,0,Normal,Normal
6,tcp,smtp,SF,2536,9809,0,2,1,Normal,Normal
1,tcp,http,S0,40,48,0,317,0,Intrusion/Attack,SYN Flood
26,tcp,ssh,SF,270,443,5,25,0,Intrusion/Attack,Brute Force
30,tcp,ssh,SF,753,186,2,23,0,Intrusion/Attack,Brute Force
42,udp,dns,SF,330,554,0,2,0,Normal,Normal
0,udp,ftp,REJ,20,0,0,138,0,Intrusion/Attack,Port Scan
0,tcp,http,S0,60,20,0,237,0,Intrusion/Attack,Port Scan
18,tcp,http,SF,82,2146,1,3,1,Normal,Normal
6,tcp,http,SF,195,3084,0,2,1,Normal,Normal
28,tcp,ssh,SF,210,273,4,17,0,Intrusion/Attack,Brute Force
19,tcp,ftp,REJ,292,383,6,26,0,Intrusion/Attack,Brute Force
8,tcp,http,SF,169,1741,0,46,0,Normal,Normal
14,tcp,http,SF,345,6538,0,4,1,Normal,Normal
0,tcp,http,SF,0,20,0,195,0,Intrusion/Attack,Port Scan
10,udp,dns,SF,78,210,0,6,0,Normal,Normal
22,udp,dns,SF,262,4272,0,13,0,Normal,Normal
15,udp,dns,SF,408,505,0,14,0,Normal,Normal
0,tcp,http,S0,128,0,0,162,0,Intrusion/Attack,SYN Flood
7,tcp,ftp,SF,371,183,0,11,1,Normal,Normal
34,udp,dns,SF,53,1029,0,14,0,Normal,Normal
17,udp,dns,SF,165,170,0,3,0,Normal,Normal
6,tcp,other,RSTO,230,4690,2,16,0,Normal,Normal
10,tcp,smtp,SF,534,3130,0,16,1,Normal,Normal
31,tcp,ssh,SF,639,409,3,29,0,Intrusion/Attack,Brute Force
14,tcp,smtp,SF,189,2068,0,28,1,Normal,Normal
1,tcp,dns,S0,44,0,0,183,0,Intrusion/Attack,Port Scan
1,tcp,http,REJ,1168,1155,0,8,1,Normal,Normal
0,tcp,other,S0,44,20,0,231,0,Intrusion/Attack,Port Scan
2,tcp,ssh,RSTO,484,74,3,31,0,Intrusion/Attack,Brute Force
0,tcp,http,RSTO,0,48,0,270,0,Intrusion/Attack,SYN Flood
1,tcp,ssh,S0,0,0,0,386,0,Intrusion/Attack,SYN Flood
23,tcp,ssh,RSTO,30,5095,0,14,1,Normal,Normal
0,tcp,ssh,S0,40,0,0,233,0,Intrusion/Attack,SYN Flood
6,tcp,ssh,REJ,347,976,0,16,1,Normal,Normal
0,tcp,smtp,SF,100,33,0,44,1,Normal,Normal
0,tcp,smtp,S0,128,0,0,443,0,Intrusion/Attack,SYN Flood
23,tcp,http,SF,870,6231,0,1,1,Normal,Normal
24,tcp,ssh,SF,783,136,4,28,0,Intrusion/Attack,Brute Force
4,tcp,http,SF,291,4709,0,4,1,Normal,Normal
3,udp,other,SF,628,5983,0,2,0,Normal,Normal
18,tcp,ssh,SF,747,3867,0,7,1,Normal,Normal
13,udp,other,SF,240,2686,0,4,0,Normal,Normal
14,tcp,http,SF,739,1604,0,18,1,Normal,Normal
28,tcp,smtp,SF,748,740,0,26,0,Normal,Normal
2,tcp,ssh,SF,706,2676,0,7,1,Normal,Normal
0,tcp,http,S0,64,0,0,246,0,Intrusion/Attack,SYN Flood
7,tcp,http,SF,115,3181,0,1,1,Normal,Normal
9,tcp,http,SF,465,2427,0,6,1,Normal,Normal
2,tcp,http,SF,561,2837,0,23,1,Normal,Normal
1,tcp,telnet,REJ,0,0,0,107,0,Intrusion/Attack,Port Scan
30,tcp,smtp,SF,240,1896,0,95,1,Normal,Normal
22,tcp,smtp,SF,1710,726,0,10,1,Normal,Normal
1,tcp,ftp,RSTO,698,72,0,6,1,Normal,Normal
1,icmp,other,SF,803,628,0,1,0,Normal,Normal
7,udp,dns,SF,112,975,0,5,0,Normal,Normal
33,tcp,http,SF,272,15165,0,1,1,Normal,Normal
42,tcp,smtp,SF,1125,102,0,9,1,Normal,Normal
23,tcp,http,SF,30,2646,0,46,1,Normal,Normal
24,udp,dns,SF,299,10187,0,7,0,Normal,Normal
12,tcp,http,SF,68,6121,0,5,1,Normal,Normal
31,tcp,ftp,SF,477,89,4,23,0,Intrusion/Attack,Brute Force
5,tcp,http,SF,2620,2959,0,1,1,Normal,Normal
10,tcp,http,SF,48,1392,0,1,1,Normal,Normal
18,tcp,ssh,SF,104,2817,0,3,1,Normal,Normal
3,tcp,http,SF,151,775,0,15,1,Normal,Normal
27,tcp,http,SF,1050,1268,0,9,1,Normal,Normal
31,tcp,ssh,RSTO,479,101,2,24,0,Intrusion/Attack,Brute Force
0,tcp,other,RSTO,0,0,0,258,0,Intrusion/Attack,SYN Flood
1,tcp,ssh,SF,1356,3668,0,12,1,Normal,Normal
1,udp,smtp,REJ,44,20,0,192,0,Intrusion/Attack,Port Scan
1,tcp,http,REJ,440,3511,0,6,1,Normal,Normal
1,tcp,telnet,REJ,44,0,0,145,0,Intrusion/Attack,Port Scan
3,icmp,other,SF,236,2426,0,13,0,Normal,Normal
10,tcp,http,SF,264,4203,0,9,1,Normal,Normal
21,tcp,ftp,REJ,807,297,2,30,0,Intrusion/Attack,Brute Force
3,tcp,ftp,SF,464,169,4,30,0,Intrusion/Attack,Brute Force
5,tcp,http,SF,351,416,0,2,0,Normal,Normal
12,tcp,http,SF,269,935,0,31,0,Normal,Normal
1,tcp,smtp,SF,892,4512,0,28,1,Normal,Normal
71,udp,dns,SF,226,2972,0,9,0,Normal,Normal
17,tcp,ftp,SF,132,884,0,15,1,Normal,Normal
5,tcp,other,SF,278,1759,0,22,0,Normal,Normal
45,tcp,http,SF,681,779,0,16,1,Normal,Normal
0,tcp,other,S0,32,0,0,389,0,Intrusion/Attack,SYN Flood
16,tcp,http,RSTO,81,2210,1,6,1,Normal,Normal
12,tcp,ssh,SF,390,329,2,28,0,Intrusion/Attack,Brute Force
9,tcp,other,SF,116,3801,0,4,0,Normal,Normal
12,tcp,http,SF,645,124,0,31,0,Normal,Normal
10,tcp,ssh,SF,506,344,3,30,0,Intrusion/Attack,Brute Force
2,tcp,smtp,SF,1718,2759,0,13,1,Normal,Normal
10,icmp,other,SF,394,3360,0,13,0,Normal,Normal
13,tcp,http,SF,1739,4558,0,81,0,Normal,Normal
4,tcp,http,REJ,1562,835,0,2,1,Normal,Normal
0,tcp,other,S0,32,0,0,323,0,Intrusion/Attack,SYN Flood
0,tcp,smtp,S0,128,0,0,340,0,Intrusion/Attack,SYN Flood
12,tcp,ssh,SF,251,596,0,8,1,Normal,Normal
0,udp,http,REJ,120,0,0,159,0,Intrusion/Attack,Port Scan
0,tcp,smtp,RSTO,40,0,0,342,0,Intrusion/Attack,SYN Flood
109,tcp,http,SF,239,5180,0,7,1,Normal,Normal
2,udp,ssh,RSTR,44,0,0,111,0,Intrusion/Attack,Port Scan
7,tcp,http,SF,416,4626,0,33,1,Normal,Normal
0,tcp,http,S0,40,0,0,290,0,Intrusion/Attack,SYN Flood
3,tcp,telnet,REJ,524,337,2,34,0,Intrusion/Attack,Brute Force
39,tcp,ssh,REJ,303,335,3,24,0,Intrusion/Attack,Brute Force
43,udp,dns,SF,3906,8978,0,5,0,Normal,Normal
19,icmp,other,SF,517,752,2,15,0,Normal,Normal
6,tcp,http,SF,522,953,0,32,1,Normal,Normal
7,udp,other,SF,539,5348,1,56,0,Normal,Normal
16,udp,dns,SF,1586,2871,0,7,0,Normal,Normal
0,tcp,ssh,S0,40,0,0,312,0,Intrusion/Attack,SYN Flood
1,tcp,dns,REJ,44,0,0,122,0,Intrusion/Attack,Port Scan
25,tcp,smtp,SF,674,1235,0,21,1,Normal,Normal
1,tcp,other,SH,120,0,0,185,0,Intrusion/Attack,Port Scan
8,tcp,ftp,RSTO,382,315,2,33,0,Intrusion/Attack,Brute Force
34,tcp,other,SF,375,640,0,21,0,Normal,Normal
0,tcp,http,RSTO,0,0,0,285,0,Intrusion/Attack,SYN Flood
7,tcp,http,SF,1332,2611,0,19,1,Normal,Normal
6,udp,dns,SF,172,911,0,8,0,Normal,Normal
25,tcp,http,SF,73,1603,0,2,1,Normal,Normal
26,udp,dns,SF,515,2654,0,20,0,Normal,Normal
21,tcp,http,SF,253,671,0,22,1,Normal,Normal
5,udp,dns,SF,664,905,0,1,0,Normal,Normal
37,tcp,http,REJ,75,652,0,89,1,Normal,Normal
0,tcp,http,SF,809,1265,0,18,1,Normal,Normal
10,tcp,ftp,SF,55,523,0,61,1,Normal,Normal
0,tcp,ssh,SF,394,2695,0,8,1,Normal,Normal
6,tcp,http,SF,366,1679,0,8,1,Normal,Normal
3,tcp,ssh,SF,255,392,0,9,1,Normal,Normal
5,tcp,http,REJ,944,1653,0,27,1,Normal,Normal
3,tcp,http,SF,50,1177,0,8,0,Normal,Normal
0,tcp,http,S0,64,48,0,342,0,Intrusion/Attack,SYN Flood
11,udp,dns,SF,1588,1178,0,3,0,Normal,Normal
12,tcp,http,SF,420,2615,0,22,1,Normal,Normal
31,tcp,http,SF,1394,2582,0,32,1,Normal,Normal
3,tcp,http,SF,349,896,0,1,1,Normal,Normal
10,tcp,ftp,SF,1012,474,0,67,1,Normal,Normal
1,tcp,ssh,RSTR,120,20,0,117,0,Intrusion/Attack,Port Scan
0,tcp,ssh,S0,40,0,0,301,0,Intrusion/Attack,SYN Flood
12,tcp,other,SF,260,1348,0,39,0,Normal,Normal
1,tcp,ssh,REJ,120,20,0,160,0,Intrusion/Attack,Port Scan
10,tcp,ftp,SF,424,2227,0,44,1,Normal,Normal
1,tcp,http,SF,139,7225,0,11,1,Normal,Normal
10,tcp,http,SF,699,2780,0,1,1,Normal,Normal
1,tcp,http,S0,64,0,0,330,0,Intrusion/Attack,SYN Flood
63,tcp,http,SF,136,2385,0,3,1,Normal,Normal
0,tcp,ssh,S0,0,0,0,329,0,Intrusion/Attack,SYN Flood
1,tcp,other,SF,588,3078,1,9,0,Normal,Normal
0,tcp,http,REJ,64,0,0,395,0,Intrusion/Attack,SYN Flood
42,tcp,http,SF,1107,2126,0,4,1,Normal,Normal
0,tcp,smtp,S0,0,0,0,239,0,Intrusion/Attack,SYN Flood
22,tcp,ssh,RSTO,835,366,3,27,0,Intrusion/Attack,Brute Force
29,tcp,telnet,RSTO,816,388,4,29,0,Intrusion/Attack,Brute Force
4,tcp,http,SF,291,1628,0,13,1,Normal,Normal
9,tcp,smtp,SF,157,802,0,6,1,Normal,Normal
12,tcp,ftp,SF,523,274,5,31,0,Intrusion/Attack,Brute Force
0,tcp,http,RSTO,32,0,0,172,0,Intrusion/Attack,SYN Flood
10,udp,other,SF,275,493,0,12,0,Normal,Normal
29,tcp,http,SF,400,4203,0,5,1,Normal,Normal
1,udp,dns,SF,50,1697,0,1,0,Normal,Normal
2,tcp,http,SF,0,0,0,238,0,Intrusion/Attack,Port Scan
9,udp,dns,SF,1424,3493,0,27,0,Normal,Normal
33,icmp,other,SF,204,4152,0,10,0,Normal,Normal
16,udp,dns,SF,3961,381,0,3,0,Normal,Normal
1,tcp,http,SF,82,610,0,30,1,Normal,Normal
0,tcp,http,S0,40,0,0,297,0,Intrusion/Attack,SYN Flood
11,udp,other,SF,2460,3398,0,11,0,Normal,Normal
8,tcp,http,SF,341,3054,0,28,1,Normal,Normal
24,tcp,http,SF,563,7501,0,11,1,Normal,Normal
0,tcp,http,S0,64,0,0,243,0,Intrusion/Attack,SYN Flood
1,tcp,http,SF,1658,3338,0,24,1,Normal,Normal
7,tcp,http,SF,65,5904,0,17,1,Normal,Normal
6,tcp,http,SF,506,835,0,33,1,Normal,Normal
19,tcp,other,SF,133,5766,0,3,0,Normal,Normal
2,tcp,http,SF,60,5101,0,33,1,Normal,Normal
2,tcp,smtp,SF,699,3019,0,2,1,Normal,Normal
8,tcp,http,RSTO,985,78,0,2,1,Normal,Normal
0,tcp,dns,REJ,44,0,0,196,0,Intrusion/Attack,Port Scan
22,udp,dns,SF,340,9616,0,17,0,Normal,Normal
1,tcp,http,S0,64,0,0,413,0,Intrusion/Attack,SYN Flood
2,udp,http,REJ,0,20,0,191,0,Intrusion/Attack,Port Scan
2,tcp,ftp,REJ,44,0,0,45,0,Intrusion/Attack,Port Scan
10,tcp,http,REJ,58,2154,0,4,1,Normal,Normal
1,tcp,ssh,S0,40,48,0,402,0,Intrusion/Attack,SYN Flood
0,udp,other,SF,120,3371,0,3,0,Normal,Normal
3,tcp,http,SF,353,310,0,37,0,Normal,Normal
8,tcp,http,SF,967,1098,0,5,1,Normal,Normal
5,tcp,ftp,REJ,551,340,2,28,0,Intrusion/Attack,Brute Force
2,udp,smtp,S0,0,0,0,167,0,Intrusion/Attack,Port Scan
10,tcp,smtp,SF,381,1323,0,65,1,Normal,Normal
9,tcp,ftp,SF,308,100,3,30,0,Intrusion/Attack,Brute Force
2,udp,dns,SF,836,496,0,11,0,Normal,Normal
5,tcp,telnet,REJ,743,312,4,33,0,Intrusion/Attack,Brute Force
6,tcp,http,SF,529,1276,0,2,1,Normal,Normal
16,tcp,ssh,SF,237,278,4,35,0,Intrusion/Attack,Brute Force
1,tcp,ftp,RSTR,0,20,0,190,0,Intrusion/Attack,Port Scan
0,tcp,http,S0,64,0,0,272,0,Intrusion/Attack,SYN Flood
19,tcp,http,SF,70,2326,0,9,1,Normal,Normal
5,udp,dns,SF,1697,1345,0,77,0,Normal,Normal
19,tcp,ssh,SF,501,248,3,31,0,Intrusion/Attack,Brute Force
4,tcp,http,SF,644,103,0,6,1,Normal,Normal
18,tcp,http,SF,240,908,0,19,1,Normal,Normal
1,tcp,http,S0,32,48,0,232,0,Intrusion/Attack,SYN Flood
5,tcp,ssh,SF,1133,198,0,10,1,Normal,Normal
29,icmp,other,SF,42,7352,0,26,0,Normal,Normal
6,tcp,http,SF,104,2177,0,8,1,Normal,Normal
18,tcp,ftp,SF,487,5547,0,14,0,Normal,Normal
1,tcp,http,S0,128,0,0,183,0,Intrusion/Attack,SYN Flood
0,tcp,smtp,S0,32,0,0,338,0,Intrusion/Attack,SYN Flood
31,tcp,ssh,SF,304,166,2,36,0,Intrusion/Attack,Brute Force
1,tcp,ssh,SF,890,729,0,20,0,Normal,Normal
39,tcp,ssh,REJ,830,328,2,26,0,Intrusion/Attack,Brute Force
0,tcp,other,S0,64,0,0,242,0,Intrusion/Attack,SYN Flood
12,tcp,http,SF,460,5865,0,66,1,Normal,Normal
6,tcp,http,REJ,274,1764,0,34,1,Normal,Normal
33,tcp,telnet,SF,595,285,4,22,0,Intrusion/Attack,Brute Force
32,tcp,ssh,SF,672,357,3,32,0,Intrusion/Attack,Brute Force
23,tcp,http,SF,380,3094,0,7,1,Normal,Normal
5,udp,dns,SF,100,394,0,15,0,Normal,Normal
0,tcp,http,RSTO,32,48,0,404,0,Intrusion/Attack,SYN Flood
9,tcp,http,SF,600,10243,0,32,1,Normal,Normal
1,tcp,http,SF,686,1601,0,40,0,Normal,Normal
8,udp,dns,SF,110,1334,0,1,0,Normal,Normal
1,tcp,http,SF,1748,1444,0,12,1,Normal,Normal
24,udp,dns,SF,986,580,0,26,0,Normal,Normal
27,tcp,http,SF,831,640,1,18,1,Normal,Normal
17,tcp,http,SF,370,678,0,26,1,Normal,Normal
7,tcp,http,SF,280,3557,0,3,1,Normal,Normal
0,udp,smtp,S0,20,20,0,53,0,Intrusion/Attack,Port Scan
23,tcp,ftp,REJ,301,50,3,30,0,Intrusion/Attack,Brute Force
2,tcp,smtp,SF,928,486,0,16,1,Normal,Normal
26,tcp,http,SF,958,95,0,13,1,Normal,Normal
0,tcp,http,RSTO,794,6224,0,14,1,Normal,Normal
0,tcp,smtp,S0,0,0,0,292,0,Intrusion/Attack,SYN Flood
0,udp,ftp,S0,0,0,0,144,0,Intrusion/Attack,Port Scan
0,tcp,smtp,S0,60,20,0,125,0,Intrusion/Attack,Port Scan
0,tcp,telnet,REJ,44,20,0,222,0,Intrusion/Attack,Port Scan
6,tcp,other,REJ,549,5768,0,27,0,Normal,Normal
0,tcp,http,S0,128,0,0,359,0,Intrusion/Attack,SYN Flood
0,tcp,ssh,S0,64,0,0,306,0,Intrusion/Attack,SYN Flood
0,tcp,http,S0,128,0,0,354,0,Intrusion/Attack,SYN Flood
12,udp,dns,SF,128,1513,1,23,0,Normal,Normal
10,tcp,ssh,SF,562,502,0,18,1,Normal,Normal
12,tcp,ssh,REJ,741,222,4,20,0,Intrusion/Attack,Brute Force
5,tcp,telnet,REJ,786,271,5,39,0,Intrusion/Attack,Brute Force
14,tcp,ssh,SF,644,333,2,33,0,Intrusion/Attack,Brute Force
1,udp,dns,SF,749,1392,0,11,0,Normal,Normal
5,tcp,smtp,SF,260,1675,0,10,1,Normal,Normal
22,tcp,http,SF,802,511,0,22,1,Normal,Normal
10,tcp,ssh,SF,854,1152,0,30,1,Normal,Normal
5,udp,dns,SF,643,3441,0,35,0,Normal,Normal
37,tcp,ssh,RSTO,305,413,4,32,0,Intrusion/Attack,Brute Force
51,tcp,http,SF,163,579,0,18,1,Normal,Normal
39,tcp,ftp,RSTO,509,76,3,34,0,Intrusion/Attack,Brute Force
0,tcp,http,S0,128,0,0,386,0,Intrusion/Attack,SYN Flood
6,udp,other,SF,826,1400,0,7,0,Normal,Normal
25,tcp,http,SF,524,1437,0,6,1,Normal,Normal
5,tcp,ssh,SF,450,4066,0,61,1,Normal,Normal
35,udp,other,SF,1113,5258,0,6,0,Normal,Normal
28,tcp,other,SF,458,7527,0,59,0,Normal,Normal
20,icmp,other,SF,30,347,0,2,0,Normal,Normal
0,tcp,http,S0,40,48,0,179,0,Intrusion/Attack,SYN Flood
32,tcp,http,SF,308,3324,0,11,1,Normal,Normal
30,tcp,http,SF,670,625,0,16,1,Normal,Normal
10,tcp,smtp,SF,2221,2600,0,4,1,Normal,Normal
12,tcp,ssh,SF,536,91,3,33,0,Intrusion/Attack,Brute Force
37,tcp,ssh,SF,511,277,4,25,0,Intrusion/Attack,Brute Force
1,icmp,other,SF,30,5297,0,21,0,Normal,Normal
24,tcp,http,SF,433,850,0,6,1,Normal,Normal
3,icmp,other,SF,708,1369,0,11,0,Normal,Normal
0,tcp,smtp,RSTO,40,0,0,312,0,Intrusion/Attack,SYN Flood
9,tcp,http,SF,570,5302,0,19,1,Normal,Normal
27,udp,dns,SF,2012,3022,0,44,0,Normal,Normal
1,tcp,http,S0,32,0,0,314,0,Intrusion/Attack,SYN Flood
0,tcp,ssh,RSTO,64,48,0,379,0,Intrusion/Attack,SYN Flood
0,tcp,http,S0,40,0,0,391,0,Intrusion/Attack,SYN Flood
14,tcp,http,SF,1034,1429,0,14,1,Normal,Normal
27,tcp,smtp,SF,228,192,0,3,1,Normal,Normal
32,tcp,http,SF,275,1125,0,12,1,Normal,Normal
16,tcp,ssh,RSTO,146,384,3,39,0,Intrusion/Attack,Brute Force
1,udp,dns,SF,273,2788,0,4,0,Normal,Normal
5,tcp,http,SF,862,58,0,46,1,Normal,Normal
4,tcp,http,SF,575,5534,0,32,1,Normal,Normal
1,tcp,ftp,SF,120,20,0,154,0,Intrusion/Attack,Port Scan
0,tcp,http,S0,0,48,0,316,0,Intrusion/Attack,SYN Flood
13,udp,dns,SF,100,847,0,21,0,Normal,Normal
3,tcp,http,SF,1016,1452,0,8,0,Normal,Normal
0,tcp,smtp,S0,40,0,0,313,0,Intrusion/Attack,SYN Flood
14,tcp,http,SF,2818,1218,0,16,1,Normal,Normal
1,tcp,http,SF,303,6451,0,9,1,Normal,Normal
18,tcp,http,SF,1051,995,0,2,1,Normal,Normal
6,tcp,http,SF,730,2441,0,1,1,Normal,Normal
25,tcp,http,SF,67,173,0,24,1,Normal,Normal
14,icmp,other,SF,1348,2,0,4,0,Normal,Normal
0,tcp,smtp,RSTR,20,0,0,165,0,Intrusion/Attack,Port Scan
0,tcp,smtp,S0,40,0,0,331,0,Intrusion/Attack,SYN Flood
2,tcp,smtp,SF,889,956,0,24,0,Normal,Normal
17,tcp,http,SF,599,8915,0,9,1,Normal,Normal
4,udp,dns,SF,578,367,0,13,0,Normal,Normal
2,tcp,dns,S0,44,0,0,215,0,Intrusion/Attack,Port Scan
0,tcp,ssh,SF,239,662,0,2,1,Normal,Normal
28,tcp,other,REJ,1644,1431,0,22,0,Normal,Normal
15,udp,dns,SF,109,748,0,6,0,Normal,Normal
1,tcp,http,REJ,351,5071,0,11,1,Normal,Normal
5,tcp,http,SF,573,1183,0,3,1,Normal,Normal
1,tcp,http,SF,475,1100,1,32,1,Normal,Normal
1,icmp,ssh,S0,120,20,0,164,0,Intrusion/Attack,Port Scan
11,tcp,http,RSTO,240,1680,0,5,0,Normal,Normal
38,udp,dns,SF,2495,25,0,9,0,Normal,Normal
27,tcp,http,SF,934,3062,2,5,1,Normal,Normal
3,tcp,ssh,SF,285,172,0,2,1,Normal,Normal
15,tcp,smtp,SF,966,4034,0,4,0,Normal,Normal
12,tcp,ssh,SF,227,398,3,25,0,Intrusion/Attack,Brute Force
4,tcp,ssh,SF,642,4251,0,5,1,Normal,Normal
0,tcp,telnet,REJ,44,0,0,276,0,Intrusion/Attack,Port Scan
4,tcp,http,SF,355,97,0,14,1,Normal,Normal
0,tcp,smtp,S0,32,0,0,322,0,Intrusion/Attack,SYN Flood
9,tcp,smtp,SF,756,3078,0,3,0,Normal,Normal
26,udp,dns,SF,54,2352,0,30,0,Normal,Normal
1,tcp,ssh,REJ,20,20,0,180,0,Intrusion/Attack,Port Scan
33,tcp,http,SF,320,902,0,8,0,Normal,Normal
26,tcp,ftp,SF,30,4282,0,35,1,Normal,Normal
1,tcp,http,S0,0,20,0,200,0,Intrusion/Attack,Port Scan
4,tcp,http,SF,50,262,0,1,0,Normal,Normal
4,udp,other,SF,789,6330,0,19,0,Normal,Normal
25,udp,other,SF,305,3032,0,5,0,Normal,Normal
10,tcp,http,SF,285,695,0,24,0,Normal,Normal
18,tcp,ftp,SF,293,8562,1,5,1,Normal,Normal
0,tcp,smtp,SF,363,654,0,33,1,Normal,Normal
0,udp,other,S0,60,0,0,156,0,Intrusion/Attack,Port Scan
0,tcp,http,S0,128,48,0,276,0,Intrusion/Attack,SYN Flood
0,tcp,smtp,S0,64,0,0,326,0,Intrusion/Attack,SYN Flood
3,tcp,http,SF,1742,5737,0,1,0,Normal,Normal
13,tcp,http,SF,914,3106,0,26,1,Normal,Normal
2,icmp,dns,REJ,120,20,0,101,0,Intrusion/Attack,Port Scan
2,icmp,smtp,S0,44,0,0,74,0,Intrusion/Attack,Port Scan
19,tcp,http,SF,752,4299,0,16,1,Normal,Normal
33,tcp,ssh,SF,827,248,4,24,0,Intrusion/Attack,Brute Force
1,udp,other,SF,333,3863,0,13,0,Normal,Normal
33,udp,dns,SF,1192,2725,0,4,0,Normal,Normal
11,tcp,http,RSTO,3018,2900,0,9,1,Normal,Normal
8,tcp,http,SF,1647,1015,0,4,1,Normal,Normal
1,tcp,ftp,SF,192,4363,0,5,1,Normal,Normal
29,tcp,other,SF,425,4212,0,40,0,Normal,Normal
3,tcp,smtp,SF,334,4485,0,18,1,Normal,Normal
8,tcp,http,SF,329,1090,0,2,1,Normal,Normal
0,tcp,http,REJ,64,0,0,327,0,Intrusion/Attack,SYN Flood
11,udp,dns,SF,1066,1046,0,5,0,Normal,Normal
1,tcp,ftp,REJ,0,20,0,45,0,Intrusion/Attack,Port Scan
16,tcp,http,SF,44,5009,0,16,1,Normal,Normal
0,icmp,other,REJ,0,0,0,205,0,Intrusion/Attack,Port Scan
0,tcp,http,S0,128,0,0,230,0,Intrusion/Attack,SYN Flood
0,tcp,other,REJ,44,0,0,224,0,Intrusion/Attack,Port Scan
58,tcp,http,SF,60,6129,0,16,1,Normal,Normal
13,tcp,ssh,SF,567,245,4,25,0,Intrusion/Attack,Brute Force
0,icmp,dns,REJ,20,0,0,179,0,Intrusion/Attack,Port Scan
10,udp,dns,SF,165,1269,0,12,0,Normal,Normal
0,tcp,http,S0,0,0,0,351,0,Intrusion/Attack,SYN Flood
0,icmp,other,SF,0,20,0,164,0,Intrusion/Attack,Port Scan
7,tcp,http,SF,787,1954,0,7,1,Normal,Normal
1,udp,http,S0,0,0,0,209,0,Intrusion/Attack,Port Scan
19,tcp,ssh,SF,433,4960,0,9,1,Normal,Normal
0,tcp,http,RSTO,128,0,0,282,0,Intrusion/Attack,SYN Flood
18,tcp,smtp,SF,30,4900,0,3,0,Normal,Normal
8,tcp,ftp,SF,95,4527,1,6,1,Normal,Normal
15,tcp,http,SF,534,1695,0,23,1,Normal,Normal
0,tcp,http,SF,431,7596,0,8,0,Normal,Normal
34,udp,dns,SF,1939,11077,0,3,0,Normal,Normal
0,tcp,other,S0,40,0,0,460,0,Intrusion/Attack,SYN Flood
4,tcp,ftp,REJ,428,425,2,30,0,Intrusion/Attack,Brute Force
14,tcp,ftp,SF,981,1878,0,8,1,Normal,Normal
27,tcp,http,SF,372,1363,0,14,1,Normal,Normal
9,tcp,smtp,SF,98,465,0,9,1,Normal,Normal
1,tcp,dns,SH,120,0,0,157,0,Intrusion/Attack,Port Scan
31,tcp,http,SF,429,1068,0,5,1,Normal,Normal
51,udp,dns,SF,30,2736,0,25,0,Normal,Normal
2,udp,dns,SF,377,2292,0,35,0,Normal,Normal
0,tcp,other,S0,128,0,0,441,0,Intrusion/Attack,SYN Flood
1,tcp,smtp,S0,0,0,0,385,0,Intrusion/Attack,SYN Flood
12,tcp,http,SF,292,1090,0,1,1,Normal,Normal
1,tcp,dns,SF,60,20,0,142,0,Intrusion/Attack,Port Scan
5,tcp,http,SF,669,5133,0,2,1,Normal,Normal
0,tcp,smtp,S0,128,0,0,330,0,Intrusion/Attack,SYN Flood
0,tcp,http,S0,32,0,0,184,0,Intrusion/Attack,SYN Flood
1,tcp,http,S0,64,0,0,449,0,Intrusion/Attack,SYN Flood
23,tcp,http,SF,547,5368,0,19,1,Normal,Normal
10,tcp,http,SF,983,1438,1,6,1,Normal,Normal
0,tcp,ssh,S0,128,0,0,350,0,Intrusion/Attack,SYN Flood
22,udp,dns,SF,891,2226,0,1,0,Normal,Normal
19,tcp,smtp,SF,1523,82,0,19,1,Normal,Normal
1,tcp,ssh,SF,810,173,0,11,0,Normal,Normal
24,udp,dns,SF,993,1284,0,20,0,Normal,Normal
7,tcp,http,SF,1025,940,0,16,1,Normal,Normal
0,tcp,http,RSTO,128,0,0,205,0,Intrusion/Attack,SYN Flood
0,tcp,dns,RSTR,20,0,0,138,0,Intrusion/Attack,Port Scan
1,tcp,http,SF,259,1181,0,3,1,Normal,Normal
0,tcp,http,S0,128,0,0,425,0,Intrusion/Attack,SYN Flood
7,tcp,http,SF,1173,8966,0,3,1,Normal,Normal
0,udp,ssh,SH,60,20,0,202,0,Intrusion/Attack,Port Scan
2,tcp,ftp,SF,546,3840,0,2,1,Normal,Normal
13,tcp,ftp,SF,626,264,4,26,0,Intrusion/Attack,Brute Force
8,tcp,smtp,SF,154,124,0,7,1,Normal,Normal
2,tcp,http,RSTR,44,20,0,54,0,Intrusion/Attack,Port Scan
16,tcp,http,SF,30,1102,1,9,1,Normal,Normal
4,udp,dns,SF,1545,2666,0,2,0,Normal,Normal
2,tcp,telnet,REJ,120,0,0,62,0,Intrusion/Attack,Port Scan
1,tcp,http,RSTO,82,891,0,12,1,Normal,Normal
0,tcp,smtp,RSTO,40,0,0,286,0,Intrusion/Attack,SYN Flood
1,tcp,smtp,REJ,20,0,0,238,0,Intrusion/Attack,Port Scan
3,tcp,http,SF,566,3701,0,2,0,Normal,Normal
0,tcp,http,RSTO,64,0,0,363,0,Intrusion/Attack,SYN Flood
0,tcp,smtp,S0,120,20,0,172,0,Intrusion/Attack,Port Scan
3,tcp,http,SF,276,2612,0,22,1,Normal,Normal
6,udp,dns,SF,544,805,0,28,0,Normal,Normal
4,tcp,smtp,SF,1116,3098,0,3,1,Normal,Normal
39,tcp,smtp,SF,262,1502,0,2,1,Normal,Normal
27,tcp,http,REJ,943,1143,0,4,1,Normal,Normal
9,udp,dns,SF,1171,6596,1,9,0,Normal,Normal
11,udp,dns,SF,911,3627,0,45,0,Normal,Normal
1,tcp,http,SF,1214,2496,0,21,1,Normal,Normal
51,tcp,http,SF,133,4871,0,24,1,Normal,Normal
1,tcp,http,REJ,60,0,0,194,0,Intrusion/Attack,Port Scan
22,tcp,http,SF,708,2758,0,18,1,Normal,Normal
28,tcp,ftp,SF,1538,1694,0,20,1,Normal,Normal
3,tcp,http,SF,335,1121,1,31,1,Normal,Normal
2,tcp,smtp,SF,1362,1802,0,2,0,Normal,Normal
3,tcp,http,SF,534,4827,0,2,0,Normal,Normal
30,tcp,other,RSTO,927,1172,0,51,0,Normal,Normal
19,udp,dns,SF,307,415,0,4,0,Normal,Normal
0,tcp,http,S0,128,0,0,401,0,Intrusion/Attack,SYN Flood
7,tcp,smtp,SF,563,7098,0,12,1,Normal,Normal
22,tcp,http,SF,478,1110,1,3,0,Normal,Normal
18,udp,dns,SF,218,2391,0,11,0,Normal,Normal
3,icmp,other,SF,576,2891,0,9,0,Normal,Normal
34,udp,dns,SF,56,4150,0,1,0,Normal,Normal
12,tcp,http,SF,236,1213,0,15,1,Normal,Normal
40,tcp,smtp,SF,30,26,0,17,1,Normal,Normal
3,tcp,smtp,SF,711,5412,0,9,0,Normal,Normal
0,tcp,ssh,S0,128,0,0,345,0,Intrusion/Attack,SYN Flood
12,udp,dns,SF,79,323,0,6,0,Normal,Normal
0,tcp,http,S0,40,0,0,364,0,Intrusion/Attack,SYN Flood
0,tcp,http,S0,32,0,0,319,0,Intrusion/Attack,SYN Flood
22,udp,dns,SF,327,4001,0,1,0,Normal,Normal
50,tcp,other,SF,368,896,0,10,0,Normal,Normal
11,icmp,other,SF,470,806,2,6,0,Normal,Normal
31,tcp,ssh,REJ,392,94,3,33,0,Intrusion/Attack,Brute Force
1,tcp,smtp,REJ,60,0,0,169,0,Intrusion/Attack,Port Scan
2,tcp,smtp,SF,581,225,0,85,1,Normal,Normal
30,tcp,http,SF,465,144,0,26,1,Normal,Normal
22,icmp,other,SF,2126,3629,0,20,0,Normal,Normal
19,tcp,telnet,SF,317,343,5,34,0,Intrusion/Attack,Brute Force
37,tcp,telnet,SF,129,443,5,26,0,Intrusion/Attack,Brute Force
0,tcp,dns,REJ,44,0,0,139,0,Intrusion/Attack,Port Scan
44,tcp,ftp,SF,463,493,0,25,1,Normal,Normal
22,icmp,other,SF,153,1670,0,9,0,Normal,Normal
1,icmp,smtp,S0,0,0,0,159,0,Intrusion/Attack,Port Scan
0,tcp,http,S0,0,48,0,246,0,Intrusion/Attack,SYN Flood
0,tcp,http,S0,128,48,0,204,0,Intrusion/Attack,SYN Flood
32,tcp,http,SF,167,5429,0,6,1,Normal,Normal
0,tcp,http,SF,357,3038,0,22,1,Normal,Normal
0,tcp,telnet,S0,60,0,0,93,0,Intrusion/Attack,Port Scan
31,udp,other,SF,480,5173,0,9,0,Normal,Normal
6,tcp,http,SF,141,2515,0,29,1,Normal,Normal
31,tcp,ssh,SF,1804,1248,0,26,1,Normal,Normal
9,tcp,ssh,SF,918,2107,0,36,1,Normal,Normal
0,udp,dns,SF,333,714,0,10,0,Normal,Normal
1,tcp,http,REJ,318,2200,0,19,1,Normal,Normal
0,tcp,http,S0,128,0,0,291,0,Intrusion/Attack,SYN Flood
2,tcp,smtp,REJ,120,0,0,129,0,Intrusion/Attack,Port Scan
0,tcp,http,SF,695,2261,0,18,0,Normal,Normal
8,tcp,ssh,REJ,455,46,5,19,0,Intrusion/Attack,Brute Force
9,udp,dns,SF,563,2933,0,22,0,Normal,Normal
8,tcp,ftp,SF,302,1299,0,3,1,Normal,Normal
0,tcp,ftp,S0,0,20,0,149,0,Intrusion/Attack,Port Scan
2,tcp,telnet,S0,20,0,0,101,0,Intrusion/Attack,Port Scan
17,tcp,other,SF,770,5148,0,6,0,Normal,Normal
4,tcp,http,SF,703,2043,0,7,1,Normal,Normal
0,tcp,http,SF,1510,1867,0,29,1,Normal,Normal
55,udp,other,SF,43,4140,0,17,0,Normal,Normal
0,tcp,other,RSTO,32,0,0,344,0,Intrusion/Attack,SYN Flood
34,tcp,ftp,RSTO,591,116,3,26,0,Intrusion/Attack,Brute Force
2,tcp,smtp,REJ,718,7731,0,27,1,Normal,Normal
1,tcp,smtp,S0,64,0,0,328,0,Intrusion/Attack,SYN Flood
0,tcp,ssh,S0,0,0,0,393,0,Intrusion/Attack,SYN Flood
0,tcp,dns,REJ,0,0,0,180,0,Intrusion/Attack,Port Scan
1,udp,other,REJ,44,0,0,177,0,Intrusion/Attack,Port Scan
2,udp,dns,SF,1014,2298,0,16,0,Normal,Normal
6,tcp,http,SF,1180,165,0,69,0,Normal,Normal
35,tcp,ftp,RSTO,235,63,3,19,0,Intrusion/Attack,Brute Force
11,tcp,http,SF,472,47,0,1,1,Normal,Normal
1,tcp,http,S0,32,48,0,426,0,Intrusion/Attack,SYN Flood
16,tcp,ftp,SF,287,1725,0,52,1,Normal,Normal
0,tcp,smtp,REJ,44,0,0,64,0,Intrusion/Attack,Port Scan
0,tcp,other,SF,60,0,0,204,0,Intrusion/Attack,Port Scan
9,udp,dns,SF,138,252,0,35,0,Normal,Normal
13,tcp,http,SF,220,2928,0,3,1,Normal,Normal
0,tcp,dns,SF,44,0,0,242,0,Intrusion/Attack,Port Scan
3,udp,dns,SF,622,669,1,49,0,Normal,Normal
2,tcp,http,SF,571,2626,0,35,1,Normal,Normal
3,tcp,http,SF,291,4753,0,40,1,Normal,Normal
1,tcp,dns,RSTR,44,0,0,126,0,Intrusion/Attack,Port Scan
0,tcp,dns,REJ,0,0,0,119,0,Intrusion/Attack,Port Scan
1,udp,telnet,REJ,60,20,0,308,0,Intrusion/Attack,Port Scan
6,icmp,other,SF,224,592,0,4,0,Normal,Normal
1,icmp,dns,REJ,44,0,0,195,0,Intrusion/Attack,Port Scan
39,tcp,ssh,SF,827,212,3,34,0,Intrusion/Attack,Brute Force
29,tcp,ftp,RSTO,658,242,3,36,0,Intrusion/Attack,Brute Force
13,tcp,smtp,SF,951,227,0,14,1,Normal,Normal
0,udp,other,SF,98,212,0,10,0,Normal,Normal
21,tcp,http,SF,167,5260,0,14,1,Normal,Normal
17,udp,other,SF,754,1735,0,93,0,Normal,Normal
24,udp,dns,SF,2567,2934,0,1,0,Normal,Normal
19,tcp,http,REJ,637,220,0,3,0,Normal,Normal
10,tcp,http,SF,667,1272,0,5,1,Normal,Normal
21,tcp,http,SF,383,1019,0,23,1,Normal,Normal
34,tcp,telnet,SF,585,294,5,28,0,Intrusion/Attack,Brute Force
1,tcp,http,SF,2544,1200,0,4,1,Normal,Normal
1,tcp,http,S0,0,0,0,284,0,Intrusion/Attack,SYN Flood
21,tcp,http,SF,742,7186,0,2,1,Normal,Normal
19,tcp,smtp,SF,762,290,0,6,1,Normal,Normal
13,udp,dns,SF,382,3578,0,13,0,Normal,Normal
0,tcp,http,S0,32,0,0,243,0,Intrusion/Attack,SYN Flood
20,tcp,ssh,SF,832,84,3,31,0,Intrusion/Attack,Brute Force
27,tcp,http,SF,881,440,0,2,1,Normal,Normal
28,tcp,smtp,SF,514,6109,0,41,0,Normal,Normal
4,tcp,ssh,SF,1522,927,0,1,1,Normal,Normal
11,tcp,other,SF,942,4399,0,1,0,Normal,Normal
16,tcp,ftp,SF,663,328,3,26,0,Intrusion/Attack,Brute Force
32,tcp,http,SF,388,519,0,9,1,Normal,Normal
0,tcp,http,RSTO,64,48,0,258,0,Intrusion/Attack,SYN Flood
5,tcp,other,SF,292,164,1,1,0,Normal,Normal
0,tcp,http,S0,32,0,0,427,0,Intrusion/Attack,SYN Flood
13,tcp,http,SF,510,638,0,28,0,Normal,Normal
7,tcp,http,SF,30,1653,0,14,1,Normal,Normal
29,tcp,smtp,SF,2079,1543,1,9,1,Normal,Normal
20,tcp,smtp,SF,30,2387,0,10,1,Normal,Normal
2,tcp,http,RSTR,120,0,0,118,0,Intrusion/Attack,Port Scan
3,tcp,ftp,REJ,666,242,5,27,0,Intrusion/Attack,Brute Force
9,tcp,http,SF,244,2625,0,8,0,Normal,Normal
6,tcp,http,SF,1058,927,0,21,1,Normal,Normal
17,tcp,http,SF,227,21,0,2,1,Normal,Normal
27,tcp,http,SF,552,17136,0,6,1,Normal,Normal
1,tcp,smtp,RSTR,44,0,0,197,0,Intrusion/Attack,Port Scan
2,tcp,http,SF,959,2055,0,12,1,Normal,Normal
22,udp,dns,SF,726,1651,0,28,0,Normal,Normal
0,tcp,http,S0,40,48,0,353,0,Intrusion/Attack,SYN Flood
3,tcp,smtp,SF,439,1101,0,25,0,Normal,Normal
30,tcp,ssh,SF,524,353,6,30,0,Intrusion/Attack,Brute Force
25,tcp,http,REJ,92,4753,0,11,1,Normal,Normal
8,udp,other,SF,276,142,0,2,0,Normal,Normal
26,icmp,other,SF,588,6356,0,66,0,Normal,Normal
4,tcp,http,SF,330,1156,0,4,1,Normal,Normal
0,tcp,http,S0,40,0,0,317,0,Intrusion/Attack,SYN Flood
0,tcp,http,S0,128,0,0,195,0,Intrusion/Attack,SYN Flood
2,tcp,ftp,REJ,44,0,0,150,0,Intrusion/Attack,Port Scan
9,tcp,http,SF,534,2376,0,5,0,Normal,Normal
2,tcp,other,REJ,0,20,0,73,0,Intrusion/Attack,Port Scan
38,tcp,ssh,SF,431,201,2,21,0,Intrusion/Attack,Brute Force
31,tcp,smtp,REJ,661,1177,0,2,1,Normal,Normal
19,tcp,http,SF,611,2081,2,6,1,Normal,Normal
19,tcp,http,SF,57,2044,0,40,1,Normal,Normal
33,tcp,telnet,RSTO,470,147,3,29,0,Intrusion/Attack,Brute Force
0,udp,http,S0,44,0,0,144,0,Intrusion/Attack,Port Scan
24,tcp,http,SF,326,416,0,41,0,Normal,Normal
8,udp,dns,SF,89,7392,0,5,0,Normal,Normal
4,tcp,http,SF,1290,2134,0,1,1,Normal,Normal
19,udp,dns,SF,612,447,0,4,0,Normal,Normal
27,tcp,telnet,RSTO,848,364,6,31,0,Intrusion/Attack,Brute Force
16,udp,dns,SF,739,7001,0,1,0,Normal,Normal
39,tcp,http,SF,72,3469,0,18,1,Normal,Normal
6,tcp,ssh,SF,574,171,4,28,0,Intrusion/Attack,Brute Force
0,tcp,http,S0,40,0,0,245,0,Intrusion/Attack,SYN Flood
31,tcp,ssh,REJ,315,230,5,23,0,Intrusion/Attack,Brute Force
8,tcp,http,SF,473,1108,0,25,1,Normal,Normal
17,tcp,http,RSTO,255,238,1,6,1,Normal,Normal
15,tcp,http,SF,163,931,0,21,1,Normal,Normal
13,tcp,http,SF,961,4227,0,37,0,Normal,Normal
22,tcp,http,SF,169,1794,0,14,1,Normal,Normal
13,tcp,http,SF,408,5447,0,14,1,Normal,Normal
0,tcp,http,S0,64,0,0,323,0,Intrusion/Attack,SYN Flood
5,tcp,ssh,SF,556,561,0,32,1,Normal,Normal
22,tcp,ssh,REJ,542,43,4,25,0,Intrusion/Attack,Brute Force
7,tcp,http,SF,121,617,0,9,1,Normal,Normal
42,tcp,http,SF,1332,1719,0,1,1,Normal,Normal
1,tcp,http,S0,64,48,0,337,0,Intrusion/Attack,SYN Flood
14,tcp,http,SF,649,3170,0,21,1,Normal,Normal
2,udp,ssh,SF,120,20,0,264,0,Intrusion/Attack,Port Scan
1,tcp,other,S0,40,48,0,194,0,Intrusion/Attack,SYN Flood
20,udp,dns,SF,437,70,0,13,0,Normal,Normal
19,tcp,ssh,SF,635,3857,0,3,1,Normal,Normal
12,tcp,telnet,SF,160,152,5,22,0,Intrusion/Attack,Brute Force
13,tcp,http,SF,190,4086,0,20,1,Normal,Normal
7,tcp,smtp,SF,30,642,0,53,1,Normal,Normal
29,tcp,smtp,SF,109,1441,0,19,1,Normal,Normal
33,tcp,smtp,REJ,528,6594,0,26,1,Normal,Normal
1,tcp,http,RSTO,64,48,0,284,0,Intrusion/Attack,SYN Flood
5,udp,dns,SF,739,2000,0,13,0,Normal,Normal
17,tcp,http,SF,63,6665,0,32,1,Normal,Normal
15,udp,dns,SF,561,65,2,1,0,Normal,Normal
6,udp,other,SF,306,236,0,1,0,Normal,Normal
0,tcp,http,S0,40,48,0,222,0,Intrusion/Attack,SYN Flood
24,tcp,http,SF,461,636,0,21,1,Normal,Normal
9,tcp,http,SF,607,419,0,6,1,Normal,Normal
1,udp,dns,SF,30,1701,2,19,0,Normal,Normal
2,tcp,other,RSTR,20,20,0,177,0,Intrusion/Attack,Port Scan
7,udp,dns,SF,530,2063,0,9,0,Normal,Normal
3,tcp,http,SF,1278,1416,0,17,1,Normal,Normal
3,udp,dns,SF,30,2542,0,25,0,Normal,Normal
26,udp,dns,SF,620,2865,0,13,0,Normal,Normal
41,tcp,other,SF,34,1302,0,21,0,Normal,Normal
0,tcp,http,SF,455,3914,0,6,1,Normal,Normal
24,udp,dns,SF,448,1212,0,12,0,Normal,Normal
13,tcp,http,SF,437,1805,0,12,1,Normal,Normal
33,udp,other,SF,252,1250,0,15,0,Normal,Normal
12,tcp,ssh,SF,181,421,3,22,0,Intrusion/Attack,Brute Force
8,tcp,http,SF,711,1818,0,49,1,Normal,Normal
7,tcp,http,SF,382,2062,1,5,1,Normal,Normal
0,icmp,other,SF,1262,3508,0,1,0,Normal,Normal
9,udp,dns,SF,1559,865,0,11,0,Normal,Normal
22,tcp,http,SF,170,461,0,1,1,Normal,Normal
9,tcp,http,SF,159,976,0,12,1,Normal,Normal
31,tcp,http,SF,619,500,0,11,1,Normal,Normal
29,tcp,ftp,SF,409,4323,0,3,1,Normal,Normal
1,tcp,ssh,RSTO,40,0,0,389,0,Intrusion/Attack,SYN Flood
7,tcp,http,SF,634,5140,1,27,0,Normal,Normal
34,udp,dns,SF,45,863,0,10,0,Normal,Normal
1,tcp,other,SF,837,2072,0,2,0,Normal,Normal
11,udp,dns,SF,658,1770,0,4,0,Normal,Normal
0,tcp,smtp,SF,236,411,0,23,1,Normal,Normal
4,tcp,http,SF,102,1267,0,23,1,Normal,Normal
9,tcp,http,SF,876,4288,0,3,1,Normal,Normal
9,tcp,ssh,SF,46,2899,0,11,1,Normal,Normal
16,udp,dns,SF,1465,1197,1,9,0,Normal,Normal
7,tcp,smtp,SF,518,124,0,29,1,Normal,Normal
18,udp,other,SF,40,2663,0,7,0,Normal,Normal
6,tcp,ssh,SF,493,397,4,26,0,Intrusion/Attack,Brute Force
0,tcp,http,S0,0,0,0,238,0,Intrusion/Attack,SYN Flood
4,tcp,ftp,SF,1531,39,0,46,1,Normal,Normal
1,tcp,http,REJ,64,0,0,321,0,Intrusion/Attack,SYN Flood
15,udp,other,SF,283,2219,0,39,0,Normal,Normal
21,tcp,telnet,RSTO,810,207,5,27,0,Intrusion/Attack,Brute Force
23,tcp,ftp,SF,660,121,3,27,0,Intrusion/Attack,Brute Force
43,udp,dns,SF,802,1314,0,41,0,Normal,Normal
2,icmp,ftp,REJ,20,0,0,166,0,Intrusion/Attack,Port Scan
0,tcp,http,SF,943,2039,0,22,1,Normal,Normal
17,tcp,http,SF,1931,748,0,1,1,Normal,Normal
12,udp,dns,SF,369,1474,1,6,0,Normal,Normal
2,icmp,other,SF,327,3407,0,3,0,Normal,Normal
1,tcp,ssh,SF,229,3838,0,3,1,Normal,Normal
59,tcp,ssh,SF,128,5890,0,24,1,Normal,Normal
0,udp,dns,SF,215,2446,0,29,0,Normal,Normal
2,udp,smtp,REJ,20,20,0,130,0,Intrusion/Attack,Port Scan
0,tcp,other,S0,128,0,0,376,0,Intrusion/Attack,SYN Flood
10,tcp,ftp,REJ,660,165,3,23,0,Intrusion/Attack,Brute Force
10,udp,dns,SF,239,2042,0,1,0,Normal,Normal
0,tcp,other,REJ,44,20,0,193,0,Intrusion/Attack,Port Scan
3,tcp,ssh,SF,654,407,0,16,1,Normal,Normal
18,udp,dns,SF,2174,4782,0,2,0,Normal,Normal
3,tcp,ssh,SF,525,166,2,32,0,Intrusion/Attack,Brute Force
7,tcp,ftp,RSTO,232,87,5,22,0,Intrusion/Attack,Brute Force
6,tcp,ftp,SF,397,220,2,31,0,Intrusion/Attack,Brute Force
1,tcp,ssh,REJ,1914,1321,0,10,1,Normal,Normal
